#include "standby_wallpaper.h"

const uint16_t standby_wallpaper_rgb565[STANDBY_WALLPAPER_WIDTH * STANDBY_WALLPAPER_HEIGHT] = {
    0x1BF6, 0x1BD6, 0x1BD6, 0x1BD6, 0x1BD6, 0x1BD6, 0x1BD6, 0x1BD6, 0x1BD6, 0x1BD6, 0x1BD6, 0x1BF6,
    0x23F6, 0x23F6, 0x2C36, 0x3457, 0x3C77, 0x3C97, 0x4497, 0x44D8, 0x4CF8, 0x4CF8, 0x5519, 0x5D59,
    0x5D39, 0x6559, 0x75BB, 0x6D9A, 0x5D59, 0x5539, 0x5539, 0x4CF8, 0x3C97, 0x2C56, 0x2C36, 0x2C36,
    0x2416, 0x2416, 0x2416, 0x2416, 0x2416, 0x2416, 0x2416, 0x2416, 0x2416, 0x2416, 0x2416, 0x2416,
    0x2416, 0x2416, 0x2416, 0x2416, 0x2416, 0x2416, 0x2436, 0x2416, 0x2436, 0x2436, 0x2436, 0x2437,
    0x2437, 0x2437, 0x2437, 0x2437, 0x2437, 0x2437, 0x2C37, 0x2C57, 0x2C37, 0x2C57, 0x2C57, 0x2C57,
    0x2C56, 0x2C56, 0x2C57, 0x2C57, 0x2C57, 0x2C57, 0x2C57, 0x2C57, 0x2C57, 0x2C57, 0x2C57, 0x2C77,
    0x2C77, 0x2C77, 0x2C77, 0x2C77, 0x2C77, 0x2C77, 0x2C77, 0x3477, 0x3477, 0x3477, 0x3497, 0x3497,
    0x3497, 0x3497, 0x3497, 0x3497, 0x3497, 0x3497, 0x34B7, 0x34B7, 0x34B7, 0x34B8, 0x34B8, 0x34B8,
    0x34B8, 0x34B8, 0x34B8, 0x3CB8, 0x3CB8, 0x3CD8, 0x3CD8, 0x3CD8, 0x3CD8, 0x3CD8, 0x3CD8, 0x3CD8,
    0x3CD8, 0x3CF8, 0x3CF8, 0x3CF8, 0x3CF8, 0x3CF8, 0x3CF8, 0x3D18, 0x3CF8, 0x3D18, 0x3D19, 0x3D18,
    0x3D18, 0x3D18, 0x4538, 0x4538, 0x4538, 0x4538, 0x4538, 0x4538, 0x4538, 0x4538, 0x4538, 0x5D9A,
    0x8E5B, 0xAEBD, 0xDF7E, 0xD75E, 0x967C, 0x4558, 0x4D79, 0x6DDA, 0xB6DD, 0xEFBF, 0xEFBF, 0xEFBF,
    0xDF7F, 0xB6FE, 0xA6FD, 0xA6FD, 0xAEFD, 0xB6FD, 0xB6FD, 0xAEFD, 0xAEDD, 0xA6DD, 0xA6DD, 0xA6DD,
    0xAEDD, 0xA6DD, 0xA6FE, 0xA6DD, 0xA6FE, 0xA6FD, 0xA6DD, 0xA6DD, 0xA6DD, 0xA6FD, 0xA6FD, 0xA6DD,
    0xA6DD, 0xA6DD, 0xA6DD, 0xA6DD, 0xA6DD, 0xA6DD, 0xA6DD, 0xA6DD, 0xA6DD, 0xA6DD, 0xA6DD, 0xA6DD,
    0xA6DD, 0xA6DD, 0xA6DD, 0xA6DD, 0xA6DD, 0xA6DD, 0xA6DD, 0xA6DD, 0xA6DD, 0xA6DD, 0xA6DD, 0xA6DD,
    0xA6DD, 0xA6DD, 0xA6DD, 0xA6DD, 0xA6DD, 0xA6DD, 0xA6DD, 0xA6DD, 0xA6DD, 0xA6DD, 0xA6DD, 0xA6DD,
    0xA6DD, 0xA6DD, 0xA6DD, 0xA6DD, 0xA6DE, 0xA6DE, 0xA6DD, 0xA6DD, 0xA6DD, 0xA6DD, 0xA6DD, 0xA6DE,
    0x96BD, 0x867C, 0x969D, 0xA6DD, 0xA6DD, 0x969D, 0x865C, 0x761B, 0x6E1B, 0x761B, 0x761B, 0x761B,
    0x1BF6, 0x1BF6, 0x1BD6, 0x1BD6, 0x1BD6, 0x1BD6, 0x1BD6, 0x1BD6, 0x1BD6, 0x1BD6, 0x1BD6, 0x1BF6,
    0x1BF6, 0x1BF5, 0x1BF6, 0x2416, 0x2C36, 0x3456, 0x3C97, 0x4CD8, 0x4CD8, 0x5519, 0x5D39, 0x5D39,
    0x5D59, 0x6579, 0x6DBA, 0x75DB, 0x6D7A, 0x6D9A, 0x657A, 0x5D39, 0x5539, 0x44D8, 0x2C56, 0x2C36,
    0x2C36, 0x2416, 0x2416, 0x2416, 0x2416, 0x2416, 0x2416, 0x2416, 0x2416, 0x2416, 0x2416, 0x2416,
    0x2416, 0x2416, 0x2416, 0x2436, 0x2436, 0x2436, 0x2436, 0x2436, 0x2436, 0x2437, 0x2437, 0x2437,
    0x2437, 0x2437, 0x2C37, 0x2C37, 0x2C57, 0x2C57, 0x2C57, 0x2C57, 0x2C57, 0x2C57, 0x2C57, 0x2C57,
    0x2C57, 0x2C57, 0x2C57, 0x2C57, 0x2C57, 0x2C57, 0x2C57, 0x2C57, 0x2C77, 0x2C77, 0x2C77, 0x2C77,
    0x2C77, 0x2C77, 0x2C77, 0x3477, 0x3477, 0x3477, 0x3477, 0x3497, 0x3497, 0x3497, 0x3497, 0x3497,
    0x3497, 0x3497, 0x3497, 0x3497, 0x3497, 0x34B7, 0x3CB8, 0x3CB8, 0x34B8, 0x34B8, 0x34B8, 0x3CB7,
    0x3CB7, 0x3CB7, 0x3CB8, 0x3CD8, 0x3CD8, 0x3CD8, 0x3CD8, 0x3CD8, 0x3CD8, 0x3CD8, 0x3CF8, 0x3CF8,
    0x3CF8, 0x3CF8, 0x3CF8, 0x3CF8, 0x3CF8, 0x3D18, 0x3D18, 0x3D18, 0x3D18, 0x3D18, 0x3D18, 0x4518,
    0x4518, 0x4518, 0x4538, 0x4539, 0x4539, 0x4538, 0x4538, 0x4559, 0x4559, 0x4559, 0x65BA, 0xAEBC,
    0xDF7F, 0xCF3E, 0xE79F, 0xEFBF, 0xCF3E, 0x5599, 0x4D59, 0x5599, 0xBEFD, 0xEFBF, 0xEFBF, 0xF7DF,
    0xDF7F, 0xB6FE, 0xAF1E, 0xAEFD, 0xAEFD, 0xB6FD, 0xB6FD, 0xB6FD, 0xAEDD, 0xAEDD, 0xA6DD, 0xA6DD,
    0xA6DD, 0xA6DD, 0xA6FE, 0xA6DE, 0xA6FD, 0xA6FD, 0xA6FD, 0xA6DD, 0xA6DD, 0xA6DD, 0xA6DD, 0xA6DD,
    0xA6DD, 0xA6DD, 0xA6DD, 0xA6DD, 0xA6DD, 0xA6DD, 0xA6DD, 0xA6DD, 0xA6DD, 0xA6DD, 0xA6DD, 0xA6DD,
    0xA6DD, 0xA6DD, 0xA6DD, 0xA6DD, 0xA6DD, 0xA6DD, 0xA6DD, 0xA6DD, 0xA6DD, 0xA6DD, 0xA6DD, 0xA6DD,
    0xA6DD, 0xA6DD, 0xA6DD, 0xA6DD, 0xA6DD, 0xA6DD, 0xA6DD, 0xA6DD, 0xA6DD, 0xA6DD, 0xA6DD, 0xA6DD,
    0xA6DD, 0xA6DD, 0xA6DD, 0xA6DD, 0xA6DD, 0xA6DD, 0xA6DD, 0xA6DD, 0xA6DD, 0xA6DD, 0xA6DD, 0xA6DD,
    0xA6DD, 0xA6DD, 0xA6DE, 0xA6DE, 0xAEFE, 0x9EBD, 0x865C, 0x761B, 0x761B, 0x761B, 0x763B, 0x763B,
    0x1BD5, 0x1BD5, 0x1BF6, 0x1BD6, 0x1BD6, 0x1BD6, 0x1BD6, 0x1BD6, 0x1BD6, 0x1BD6, 0x1BF6, 0x1BF6,
    0x1BF6, 0x1BF6, 0x1BF6, 0x1BF6, 0x1BF6, 0x1BF6, 0x2C37, 0x3477, 0x44B8, 0x54F8, 0x5519, 0x5D39,
    0x6559, 0x6579, 0x657A, 0x6D9A, 0x657A, 0x6D7A, 0x75DB, 0x6DBA, 0x5D39, 0x5539, 0x3477, 0x2416,
    0x2C36, 0x2436, 0x2416, 0x2416, 0x2436, 0x2436, 0x2436, 0x2416, 0x2416, 0x2416, 0x2436, 0x2436,
    0x2436, 0x2436, 0x2436, 0x2436, 0x2436, 0x2436, 0x2437, 0x2C37, 0x2437, 0x2C57, 0x2C57, 0x2C37,
    0x2C37, 0x2C57, 0x2C57, 0x2C57, 0x2C57, 0x2C57, 0x2C56, 0x2C56, 0x2C57, 0x2C57, 0x2C57, 0x2C57,
    0x2C57, 0x2C57, 0x2C57, 0x2C57, 0x2C77, 0x2C77, 0x2C77, 0x2C77, 0x2C77, 0x2C77, 0x2C77, 0x2C77,
    0x2C77, 0x2C77, 0x2C77, 0x3497, 0x3497, 0x3497, 0x3497, 0x3497, 0x3497, 0x3497, 0x3497, 0x3497,
    0x3497, 0x3497, 0x34B7, 0x34B8, 0x34B8, 0x34B7, 0x34B8, 0x34B8, 0x34B8, 0x34B8, 0x34B8, 0x3CD8,
    0x3CD8, 0x3CD8, 0x3CD8, 0x3CD8, 0x3CD8, 0x3CD8, 0x3CD8, 0x3CD8, 0x3CD8, 0x3CF8, 0x3CF8, 0x3CF8,
    0x3CF8, 0x3CF8, 0x3CF8, 0x3CF8, 0x3D18, 0x3D18, 0x3D18, 0x3D18, 0x4518, 0x4518, 0x4518, 0x4518,
    0x4539, 0x4539, 0x4539, 0x4539, 0x4539, 0x4559, 0x4559, 0x4D59, 0x4D59, 0x4D59, 0x65BA, 0xC71E,
    0xEFBF, 0xE79F, 0xEF9F, 0xF7BF, 0xDF7F, 0x65BA, 0x4D59, 0x5D99, 0xB6FD, 0xEFBF, 0xE79F, 0xE79F,
    0xDF9F, 0xB6FE, 0xB71E, 0xAEDD, 0xAEFE, 0xB6FD, 0xB6FD, 0xB6FD, 0xAEDD, 0xAEDD, 0xA6DD, 0xA6DD,
    0xA6DD, 0xA6DD, 0xA6FD, 0xA6FD, 0xA6DD, 0xA6DD, 0xA6FD, 0xA6FE, 0xA6DD, 0xA6DD, 0xA6DD, 0xA6DD,
    0xA6DD, 0xA6DD, 0xA6DD, 0xA6DD, 0xA6DD, 0xA6DD, 0xA6DD, 0xA6DD, 0xA6DD, 0xA6DD, 0xA6DD, 0xA6DD,
    0xA6DD, 0xA6DD, 0xA6DD, 0xA6DD, 0xA6DD, 0xA6DD, 0xA6DD, 0xA6DD, 0xA6DD, 0xA6DD, 0xA6DD, 0xA6DD,
    0xA6DD, 0xA6DD, 0xA6DD, 0xA6DD, 0xA6DD, 0xA6DD, 0xA6DD, 0xA6DD, 0xA6DD, 0xA6DD, 0xA6DD, 0xA6DD,
    0xA6DD, 0xA6DD, 0xA6DD, 0xA6DD, 0xA6DD, 0xA6DD, 0xA6DD, 0xA6DD, 0xA6DD, 0xA6DD, 0xA6DD, 0xA6FD,
    0xA6DD, 0x9EBD, 0xAEDE, 0xAEDE, 0xA6DE, 0x865C, 0x761B, 0x761B, 0x761B, 0x763B, 0x763B, 0x763B,
    0x1BD6, 0x1BD6, 0x1BD6, 0x1BF6, 0x1BF5, 0x1BD5, 0x1BD5, 0x1BF6, 0x1BF6, 0x1BF5, 0x1BD6, 0x1BF6,
    0x1BF6, 0x1BF6, 0x1BF6, 0x1BF6, 0x1BF6, 0x1BF6, 0x23F6, 0x2416, 0x3457, 0x3C97, 0x44B8, 0x4CF8,
    0x5539, 0x5D59, 0x6579, 0x6579, 0x5D39, 0x5D18, 0x655A, 0x6DBB, 0x659A, 0x5D39, 0x44D8, 0x3477,
    0x2C56, 0x2C36, 0x2C36, 0x2436, 0x2436, 0x2436, 0x2436, 0x2436, 0x2436, 0x2436, 0x2436, 0x2436,
    0x2437, 0x2436, 0x2436, 0x2437, 0x2437, 0x2437, 0x2C37, 0x2C57, 0x2C57, 0x2C57, 0x2C57, 0x2C57,
    0x2C57, 0x2C57, 0x2C57, 0x2C57, 0x2C57, 0x2C57, 0x2C57, 0x2C57, 0x2C57, 0x2C57, 0x2C57, 0x2C57,
    0x2C57, 0x2C57, 0x2C77, 0x2C77, 0x2C77, 0x2C77, 0x2C77, 0x2C77, 0x2C77, 0x2C77, 0x3477, 0x3477,
    0x3497, 0x3497, 0x3497, 0x3497, 0x3497, 0x3497, 0x3497, 0x3497, 0x3497, 0x3497, 0x34B7, 0x34B7,
    0x34B7, 0x34B7, 0x34B8, 0x34B8, 0x34B8, 0x34B8, 0x34B8, 0x34B8, 0x3CB8, 0x3CD8, 0x3CD8, 0x3CD8,
    0x3CD8, 0x3CD8, 0x3CD8, 0x3CD8, 0x3CD8, 0x3CD8, 0x3CF8, 0x3CF8, 0x3CF8, 0x3CF8, 0x3CF8, 0x3CF8,
    0x3CF8, 0x3CF8, 0x3D18, 0x3D18, 0x3D18, 0x3D18, 0x4518, 0x4518, 0x4518, 0x4538, 0x4538, 0x4539,
    0x4539, 0x4539, 0x4539, 0x4539, 0x4539, 0x4539, 0x4559, 0x4D79, 0x4D79, 0x5579, 0x65DA, 0xA6BC,
    0xE79F, 0xEFBF, 0xEFBF, 0xF7DF, 0xE79F, 0x9E9C, 0x6DDA, 0x7E1B, 0xD75E, 0xEFBF, 0xEFBF, 0xDF9F,
    0xDF9F, 0xC73E, 0xBF1E, 0xAEFD, 0xAEFD, 0xBEFD, 0xB6FD, 0xAEFD, 0xAEFD, 0xAEFD, 0xAEDD, 0xA6DD,
    0xA6DD, 0xA6DE, 0xA6DE, 0xA6DE, 0xA6FE, 0xA6DE, 0xA6DD, 0xA6DD, 0xA6DD, 0xA6FD, 0xA6DD, 0xA6DD,
    0xA6DD, 0xA6DE, 0xA6DD, 0xA6DD, 0xA6DD, 0xA6DD, 0xA6DD, 0xA6DD, 0xA6DD, 0xA6DD, 0xA6DD, 0xA6DD,
    0xA6DD, 0xA6DD, 0xA6DD, 0xA6DD, 0xA6DD, 0xA6DD, 0xA6DD, 0xA6DD, 0xA6DD, 0xA6DD, 0xA6DD, 0xA6DD,
    0xA6FD, 0xA6DD, 0x9EDD, 0xA6DD, 0xA6DD, 0xA6DD, 0xA6DD, 0xA6DD, 0xA6DD, 0xA6DD, 0xA6DD, 0xA6DD,
    0xA6DD, 0xA6DD, 0xA6DD, 0xA6DD, 0xA6DD, 0xA6DD, 0xA6DD, 0xA6DD, 0xA6DD, 0xA6DD, 0x9EDD, 0x8E7C,
    0x865C, 0x7E5B, 0x969D, 0x969D, 0x865C, 0x763B, 0x763B, 0x763B, 0x7E3B, 0x7E3B, 0x7E3B, 0x763B,
    0x1BF6, 0x1BD6, 0x1BF6, 0x1BF6, 0x1BF6, 0x1BF6, 0x1BF5, 0x1BD6, 0x1BF6, 0x1BF5, 0x1BF6, 0x1BF6,
    0x1BF6, 0x1BF6, 0x1BF6, 0x1BF6, 0x1BF6, 0x1BF6, 0x1BF6, 0x1BF6, 0x2416, 0x2456, 0x2436, 0x2C57,
    0x3C97, 0x4CF8, 0x5539, 0x5D59, 0x5518, 0x54D8, 0x54F9, 0x54F9, 0x5518, 0x6559, 0x6579, 0x54F8,
    0x3C97, 0x3477, 0x3477, 0x2C56, 0x2C36, 0x2436, 0x2C36, 0x2C37, 0x2C56, 0x2C36, 0x2C37, 0x2C37,
    0x2C37, 0x2437, 0x2437, 0x2C37, 0x2437, 0x2C37, 0x2C57, 0x2C57, 0x2C57, 0x2C57, 0x2C57, 0x2C57,
    0x2C57, 0x2C57, 0x2C57, 0x2C57, 0x2C57, 0x2C77, 0x2C77, 0x2C77, 0x2C77, 0x2C77, 0x2C77, 0x2C77,
    0x2C77, 0x2C77, 0x2C77, 0x2C77, 0x2C77, 0x2C77, 0x2C77, 0x3477, 0x3477, 0x3497, 0x3497, 0x3497,
    0x3497, 0x3497, 0x3497, 0x3497, 0x3497, 0x3497, 0x3497, 0x34B7, 0x34B7, 0x3497, 0x34B8, 0x34B8,
    0x3CB8, 0x3CB8, 0x3CB8, 0x34B8, 0x34B8, 0x3CB8, 0x3CB8, 0x3CB8, 0x3CD7, 0x3CD8, 0x3CD8, 0x3CD8,
    0x3CD8, 0x3CD8, 0x3CD8, 0x3CD8, 0x3CD8, 0x3CF8, 0x44F8, 0x3CF8, 0x3CF8, 0x3CF8, 0x3CF8, 0x3CF8,
    0x3D18, 0x3D18, 0x4518, 0x4518, 0x4518, 0x4538, 0x4538, 0x4538, 0x4539, 0x4538, 0x4538, 0x4539,
    0x4539, 0x4539, 0x4539, 0x4539, 0x4559, 0x4559, 0x4559, 0x4D79, 0x4D79, 0x4D79, 0x5DBA, 0x9E9C,
    0xEF9F, 0xF7DF, 0xEFBF, 0xEFBF, 0xEFDF, 0xDF7F, 0xC73E, 0xCF3E, 0xEFBF, 0xEFBF, 0xEFBF, 0xC73F,
    0xC73F, 0xC73E, 0xBF1E, 0xBF1E, 0xB6FD, 0xB6FD, 0xB6FD, 0xB6FD, 0xB6FD, 0xB6FD, 0xAEFD, 0xAEDD,
    0xAEDE, 0xAEDE, 0xA6DE, 0xA6DD, 0xA6DD, 0xA6DD, 0xA6DD, 0xA6DD, 0xA6DD, 0xA6DD, 0xA6DD, 0xA6DD,
    0xA6DD, 0xA6DE, 0xA6DE, 0xA6DE, 0xA6DE, 0xA6DE, 0xA6DE, 0xA6DD, 0xA6DD, 0xA6DD, 0xA6DD, 0xA6DD,
    0xA6DD, 0xA6DD, 0xA6DD, 0xA6DD, 0xA6DD, 0xA6DD, 0xA6DD, 0xA6DD, 0x9EDD, 0x96BD, 0x8E7C, 0x96BC,
    0x9EBD, 0x763B, 0x8E9C, 0xA6FD, 0xA6DD, 0xA6DD, 0xA6DD, 0xA6DD, 0xA6DD, 0xA6DD, 0xA6DD, 0xA6DD,
    0xA6DD, 0xA6DD, 0xA6DD, 0xA6DD, 0xA6DD, 0xA6DD, 0xA6DD, 0xA6DD, 0xA6DD, 0x9EBD, 0x763B, 0x6E1B,
    0x6E1B, 0x763B, 0x761B, 0x761B, 0x761B, 0x763B, 0x763B, 0x763B, 0x7E3B, 0x7E3B, 0x7E3B, 0x7E3B,
    0x1BF6, 0x1BF6, 0x1BF6, 0x1BF6, 0x1BF6, 0x1BF6, 0x1BF6, 0x1BF6, 0x1BF6, 0x1BF6, 0x1BF6, 0x1BF6,
    0x1BF6, 0x1BF6, 0x1BF6, 0x1BF6, 0x1BF6, 0x1BF6, 0x1BF6, 0x1BF6, 0x1BF6, 0x1C16, 0x1C16, 0x2416,
    0x3477, 0x3CB7, 0x3C97, 0x44D7, 0x44D7, 0x3CB7, 0x44D9, 0x44D9, 0x4497, 0x44B7, 0x44B8, 0x44B8,
    0x44B7, 0x3C97, 0x3C97, 0x3C77, 0x3477, 0x3457, 0x2C57, 0x2C78, 0x3498, 0x2C57, 0x2C57, 0x2C37,
    0x2C37, 0x2C37, 0x2C37, 0x2C57, 0x2C57, 0x2C57, 0x2C57, 0x2C57, 0x2C57, 0x2C57, 0x2C57, 0x2C77,
    0x2C57, 0x2C77, 0x2C77, 0x2C77, 0x2C77, 0x2C77, 0x3477, 0x2C77, 0x2C77, 0x2C77, 0x3477, 0x2C77,
    0x2C77, 0x2C77, 0x2C77, 0x3477, 0x2C77, 0x3477, 0x3497, 0x3497, 0x3497, 0x3497, 0x3497, 0x3497,
    0x3497, 0x3497, 0x3497, 0x3497, 0x34B7, 0x3497, 0x34B7, 0x34B8, 0x34B8, 0x34B7, 0x34B8, 0x34B8,
    0x3CB7, 0x3CB8, 0x3CB8, 0x3CB8, 0x3CB8, 0x3CB8, 0x3CD8, 0x3CD8, 0x3CD8, 0x3CD8, 0x3CD8, 0x3CD8,
    0x3CD8, 0x3CD8, 0x3CF8, 0x3CF8, 0x3CF8, 0x3CF8, 0x3CF8, 0x3CF8, 0x3CF8, 0x3CF8, 0x4518, 0x4518,
    0x4518, 0x4518, 0x4518, 0x4518, 0x4538, 0x4538, 0x4538, 0x4539, 0x4539, 0x4539, 0x4539, 0x4538,
    0x4538, 0x4559, 0x4559, 0x4559, 0x4559, 0x4559, 0x4D79, 0x4D79, 0x5D9A, 0x761B, 0x863B, 0xBF1D,
    0xEFBF, 0xF7BF, 0xF7DF, 0xEFBF, 0xEFBF, 0xF7BF, 0xF7DF, 0xF7DF, 0xEFBF, 0xE79F, 0xCF3F, 0xBF3E,
    0xBF3E, 0xBF1E, 0xBF1E, 0xBF1E, 0xB6FD, 0xB6FD, 0xB6FD, 0xB6FD, 0xB6FD, 0xB6FD, 0xAEFD, 0xAEDD,
    0xAEDE, 0xAEDE, 0xA6DD, 0xA6DD, 0xA6DD, 0xA6DD, 0xA6DD, 0xA6DD, 0xA6DD, 0xA6DD, 0xA6DD, 0xA6DE,
    0xA6DE, 0xA6FD, 0xA6FD, 0xA6FD, 0xA6DD, 0xA6FE, 0xA6FE, 0xA6DE, 0xA6DD, 0xA6DD, 0xA6DD, 0xA6DD,
    0xA6DD, 0xA6DD, 0xA6DD, 0xA6DD, 0xA6DD, 0xA6DD, 0xA6DD, 0xA6DD, 0x9EBD, 0x8E7C, 0x865C, 0x867C,
    0x661A, 0x765B, 0xA6DE, 0xA6DD, 0xA6DD, 0xA6DD, 0xA6DD, 0xA6DD, 0xA6DD, 0xA6DD, 0xA6DD, 0xA6DD,
    0xA6DD, 0xA6DD, 0xA6DD, 0xA6DD, 0xA6DD, 0xA6DD, 0xA6DD, 0xA6DD, 0xA6DD, 0xA6DD, 0x8E9C, 0x7E5B,
    0x865C, 0x763B, 0x7E5B, 0x8E7C, 0x865B, 0x7E3B, 0x7E5B, 0x7E3B, 0x7E3B, 0x7E3B, 0x7E3B, 0x7E3B,
    0x1BF6, 0x1BF6, 0x1BF6, 0x1BF6, 0x2416, 0x2416, 0x2416, 0x23F6, 0x23F6, 0x23F6, 0x1BF6, 0x1BF6,
    0x1BF6, 0x1BF6, 0x1C16, 0x1BF6, 0x1BF6, 0x1BF6, 0x1BF6, 0x2416, 0x23F6, 0x2416, 0x2416, 0x2416,
    0x2C56, 0x2C77, 0x2C57, 0x2436, 0x2C77, 0x3477, 0x3498, 0x3C98, 0x3477, 0x3CB8, 0x3C97, 0x3C97,
    0x4497, 0x44D8, 0x5518, 0x5519, 0x4CD8, 0x3C97, 0x3C98, 0x34DA, 0x3499, 0x2C77, 0x2C57, 0x2C57,
    0x2C57, 0x2C57, 0x2C57, 0x2C57, 0x2C57, 0x2C57, 0x2C57, 0x2C57, 0x2C57, 0x2C57, 0x2C77, 0x2C77,
    0x2C77, 0x2C77, 0x2C77, 0x2C77, 0x2C77, 0x3477, 0x3477, 0x3477, 0x3477, 0x2C77, 0x3477, 0x3477,
    0x3477, 0x3477, 0x3477, 0x3497, 0x3497, 0x3497, 0x3497, 0x3497, 0x3497, 0x3497, 0x3497, 0x3497,
    0x3497, 0x3497, 0x3497, 0x34B7, 0x34B7, 0x3CB7, 0x34B7, 0x34B8, 0x34B8, 0x3CB8, 0x3CB8, 0x3CB8,
    0x3CB8, 0x3CD8, 0x3CD7, 0x3CD8, 0x3CD7, 0x3CD8, 0x3CD8, 0x3CD8, 0x3CD8, 0x3CD8, 0x3CD8, 0x3CF8,
    0x3CF8, 0x3CF8, 0x3CF8, 0x3CF8, 0x3CF8, 0x3CF8, 0x3D18, 0x3D18, 0x4518, 0x4518, 0x4518, 0x4518,
    0x4518, 0x4518, 0x4539, 0x4539, 0x4539, 0x4538, 0x4538, 0x4539, 0x4539, 0x4559, 0x4559, 0x4559,
    0x4559, 0x4559, 0x4559, 0x4559, 0x4D59, 0x4D59, 0x4D79, 0x6DDA, 0x9E9C, 0xCF3E, 0xD75E, 0xD75F,
    0xEF9F, 0xF7DF, 0xEFBF, 0xEFBF, 0xEFBF, 0xF7BF, 0xF7BF, 0xF7BF, 0xF7BF, 0xE7BF, 0xD77F, 0xD75E,
    0xBF3E, 0xB6FE, 0xB6FD, 0xB6FD, 0xB6FD, 0xB6FE, 0xB6FE, 0xAEFD, 0xAEFD, 0xAEFD, 0xAEFD, 0xA6DD,
    0xA6DD, 0xA6DD, 0xA6DD, 0xA6DD, 0xA6DE, 0xA6DD, 0xA6DD, 0xA6DD, 0xA6DD, 0xA6DD, 0xA6DD, 0xA6DE,
    0xAEFD, 0xA6FD, 0xA6FD, 0xA6FD, 0xA6FD, 0xA6FD, 0xA6DD, 0xA6DD, 0x969C, 0x96BC, 0x865B, 0x7E5B,
    0x865C, 0x8E9C, 0x9EBD, 0xA6DD, 0xA6DD, 0x9EBD, 0x9EDD, 0xA6DD, 0x9EBD, 0x9EBD, 0x96BC, 0x8E9C,
    0x763B, 0x96BD, 0x96BC, 0x8E7C, 0x8E9C, 0x9EDD, 0xA6DD, 0xA6DD, 0xA6DD, 0xA6DD, 0xA6DD, 0xA6DD,
    0xA6DD, 0xA6DD, 0xA6DD, 0xA6DD, 0xA6DD, 0xA6DD, 0xA6DD, 0xA6DD, 0xA6DD, 0xA6DD, 0x9EDD, 0x9EBD,
    0xA6DD, 0x9EBD, 0x9EBD, 0xA6DD, 0x969C, 0x7E5B, 0x7E5B, 0x7E3B, 0x7E5B, 0x7E5B, 0x7E5B, 0x7E5B,
    0x1BF6, 0x1BF6, 0x1BF6, 0x1BF6, 0x23F6, 0x1BF6, 0x23F6, 0x2416, 0x2416, 0x2416, 0x2416, 0x23F6,
    0x1BF6, 0x1C16, 0x1C16, 0x1C16, 0x2416, 0x2416, 0x2416, 0x2416, 0x2416, 0x2416, 0x2416, 0x2436,
    0x2436, 0x2436, 0x2437, 0x2436, 0x2C56, 0x2C57, 0x2C56, 0x2C57, 0x3477, 0x3477, 0x3477, 0x3477,
    0x3477, 0x3C97, 0x44B7, 0x5D5A, 0x659A, 0x4CD8, 0x3C97, 0x44FA, 0x34B9, 0x3478, 0x2C56, 0x2C57,
    0x3457, 0x2C77, 0x2C77, 0x3477, 0x3477, 0x2C57, 0x2C57, 0x2C77, 0x2C77, 0x2C77, 0x2C77, 0x2C77,
    0x3477, 0x3477, 0x3477, 0x3477, 0x3497, 0x3477, 0x2C77, 0x2C77, 0x3477, 0x3477, 0x3477, 0x3497,
    0x3497, 0x3497, 0x3497, 0x3497, 0x3497, 0x3497, 0x3497, 0x3497, 0x3497, 0x3497, 0x3497, 0x3497,
    0x34B7, 0x3CB7, 0x3CB7, 0x34B7, 0x34B8, 0x3CB8, 0x3CB8, 0x34B8, 0x3CB8, 0x3CB8, 0x3CD7, 0x3CD8,
    0x3CD8, 0x3CD7, 0x3CD8, 0x3CD8, 0x3CD8, 0x3CD8, 0x3CD8, 0x3CD8, 0x3CF8, 0x3CF8, 0x44F8, 0x44F8,
    0x3CF8, 0x3CF8, 0x44F8, 0x44F8, 0x44F8, 0x4518, 0x4518, 0x4518, 0x4518, 0x4518, 0x4518, 0x4538,
    0x4538, 0x4538, 0x4538, 0x4539, 0x4539, 0x4538, 0x4539, 0x4559, 0x4559, 0x4559, 0x4D59, 0x4D59,
    0x4D59, 0x4D59, 0x4D59, 0x4D59, 0x4D79, 0x4D79, 0x5DBA, 0x8E5C, 0xB6DD, 0xCF3E, 0xD75F, 0xCF3E,
    0xD75E, 0xF7DF, 0xE7BF, 0xE79F, 0xEFBF, 0xF7BF, 0xF7BF, 0xF7BF, 0xEFBF, 0xF7BF, 0xE79F, 0xC73E,
    0xAEFE, 0xAEFD, 0xB6FD, 0xB6FD, 0xB6FD, 0xB6FD, 0xB6FE, 0xA6DD, 0xA6DD, 0xA6DD, 0xA6DD, 0xA6DD,
    0xA6DD, 0xA6DD, 0xA6DD, 0xA6DD, 0xA6DD, 0xA6DD, 0xA6DD, 0xA6DD, 0xA6DD, 0xA6DD, 0xA6DE, 0xA6DE,
    0xA6FD, 0xA6FD, 0xA6FD, 0xA6FD, 0xA6FD, 0xA6FD, 0xAEDE, 0x9EDD, 0x867C, 0x763B, 0x65FA, 0x65FA,
    0x6E1A, 0x6E1A, 0x867B, 0x9EDD, 0x9EDD, 0x8E7C, 0x96BD, 0x9EBD, 0x969C, 0x7E5B, 0x867C, 0x8E7C,
    0x763B, 0x7E5B, 0x763B, 0x6E3B, 0x7E5C, 0x9EBD, 0xA6DD, 0xA6DD, 0xA6DD, 0xA6DD, 0xA6DD, 0xA6DD,
    0xA6DD, 0xA6DD, 0xA6DD, 0xA6DD, 0xA6DD, 0xA6DD, 0xA6DD, 0xA6DD, 0xA6DD, 0xA6DD, 0xA6DD, 0xA6DD,
    0xA6DD, 0xA6DD, 0xA6DD, 0x9EDD, 0x8E7C, 0x7E5B, 0x7E5B, 0x7E5B, 0x7E5B, 0x7E5B, 0x7E5B, 0x7E5B,
    0x1BF6, 0x1BF6, 0x1BF6, 0x1BF6, 0x1BF6, 0x1BF6, 0x1BF6, 0x1BF6, 0x1BF6, 0x1BF6, 0x2416, 0x23F6,
    0x2416, 0x2416, 0x2416, 0x2416, 0x2416, 0x2416, 0x2416, 0x2416, 0x2416, 0x2416, 0x2416, 0x2416,
    0x2436, 0x2436, 0x2436, 0x2436, 0x2436, 0x2C56, 0x2436, 0x2437, 0x2C57, 0x2C57, 0x2C56, 0x2C57,
    0x2C57, 0x2C57, 0x2C57, 0x3498, 0x3CB9, 0x3477, 0x3457, 0x3498, 0x3CD9, 0x3498, 0x3497, 0x3498,
    0x3497, 0x2C77, 0x3477, 0x3477, 0x3477, 0x3477, 0x3477, 0x2C77, 0x3477, 0x3477, 0x3477, 0x3497,
    0x3497, 0x3497, 0x3497, 0x3497, 0x3497, 0x3497, 0x3497, 0x3497, 0x3497, 0x3497, 0x3497, 0x3497,
    0x3497, 0x3497, 0x3497, 0x3497, 0x3497, 0x3497, 0x3497, 0x3497, 0x34B7, 0x3CB7, 0x3CB7, 0x34B7,
    0x34B8, 0x3CB8, 0x3CB8, 0x34B8, 0x3CB8, 0x3CB8, 0x3CB8, 0x3CB8, 0x3CB8, 0x3CB8, 0x3CD8, 0x3CD8,
    0x3CD8, 0x3CD8, 0x3CD8, 0x3CD8, 0x3CD8, 0x3CF8, 0x3CF8, 0x3CF8, 0x3CF8, 0x3CF8, 0x3CF8, 0x44F8,
    0x44F8, 0x4518, 0x4518, 0x4518, 0x4518, 0x4518, 0x4518, 0x4518, 0x4518, 0x4518, 0x4518, 0x4538,
    0x4539, 0x4539, 0x4538, 0x4538, 0x4539, 0x4539, 0x4559, 0x4D59, 0x4559, 0x4559, 0x4D59, 0x4D59,
    0x4D59, 0x4D59, 0x4D59, 0x4D79, 0x4D79, 0x4D79, 0x65BA, 0xA69C, 0xC71E, 0xCF3E, 0xCF3E, 0xAEDD,
    0xBEFD, 0xF7BF, 0xE79F, 0xE79F, 0xE79F, 0xEFBF, 0xEFBF, 0xEFBF, 0xEFBF, 0xEFBF, 0xD75F, 0xB71E,
    0xAEFD, 0xAEFD, 0xB71E, 0xB6FD, 0xB6FD, 0xB6FE, 0xAEFD, 0xA6DD, 0xA6DD, 0xA6DD, 0xA6DD, 0xA6DD,
    0xA6DD, 0xA6DD, 0xA6DD, 0xA6DD, 0xA6DD, 0xA6DD, 0xA6DD, 0xA6DD, 0xA6DD, 0xA6DD, 0xA6DE, 0xA6FD,
    0xA6FD, 0xA6FD, 0xA6FD, 0xA6FD, 0xA6FD, 0xA6FD, 0xAEFE, 0xA6DE, 0x8E9C, 0x6E1B, 0x6E1A, 0x6E3B,
    0x6E1A, 0x661A, 0x763B, 0x9EBD, 0x9EDD, 0x8E9C, 0x969C, 0x96BC, 0x867C, 0x763B, 0x6E1B, 0x763B,
    0x6E1B, 0x6E3B, 0x763B, 0x763B, 0x763B, 0x867B, 0xA6DD, 0xA6DD, 0xA6DD, 0xA6DD, 0xA6DD, 0xA6DD,
    0xA6DD, 0xA6DD, 0x9EDD, 0x9EDD, 0xA6DD, 0x9EBD, 0x9EBD, 0x9EDD, 0xA6DD, 0xA6DD, 0x96BD, 0x9EDD,
    0xA6DD, 0xA6DD, 0xA6DD, 0x96BC, 0x867C, 0x7E5B, 0x7E5B, 0x7E5B, 0x7E5B, 0x7E5B, 0x7E5B, 0x7E5B,
    0x1BF6, 0x1BF6, 0x1BF6, 0x1BF6, 0x1BF6, 0x1BF6, 0x1BF6, 0x1BF6, 0x1BF6, 0x1BF6, 0x1C16, 0x1BF6,
    0x2416, 0x2416, 0x2416, 0x2416, 0x2416, 0x2416, 0x2416, 0x2416, 0x2416, 0x2416, 0x2436, 0x2416,
    0x2436, 0x2436, 0x2436, 0x2436, 0x2436, 0x2436, 0x2436, 0x2C57, 0x2437, 0x2437, 0x2437, 0x2C57,
    0x2C57, 0x2C57, 0x2C57, 0x2C77, 0x3498, 0x2C77, 0x2C57, 0x2C57, 0x3498, 0x3498, 0x3497, 0x3CB8,
    0x3497, 0x3477, 0x3477, 0x3477, 0x3477, 0x3477, 0x3497, 0x3497, 0x3497, 0x3497, 0x3497, 0x3497,
    0x3497, 0x3497, 0x3497, 0x3497, 0x3497, 0x3497, 0x3497, 0x3497, 0x34B7, 0x3497, 0x3497, 0x3497,
    0x3497, 0x3497, 0x3497, 0x3C97, 0x34B7, 0x34B7, 0x3CB7, 0x3CB7, 0x3CB7, 0x3CB7, 0x3CB7, 0x3CB7,
    0x3CB8, 0x3CB8, 0x3CB8, 0x3CB8, 0x3CD8, 0x3CB7, 0x3CD8, 0x3CD7, 0x3CD8, 0x3CD8, 0x3CD8, 0x3CD8,
    0x3CD8, 0x3CD8, 0x3CF8, 0x3CF8, 0x3CF8, 0x3CF8, 0x3CF8, 0x44F8, 0x3CF8, 0x3CF8, 0x3CF8, 0x4518,
    0x4518, 0x4518, 0x4518, 0x4518, 0x4518, 0x4518, 0x4538, 0x4518, 0x4538, 0x4539, 0x4539, 0x4539,
    0x4538, 0x4539, 0x4539, 0x4538, 0x4539, 0x4559, 0x4D59, 0x4D59, 0x4559, 0x4D59, 0x4D59, 0x4D59,
    0x4D79, 0x4D79, 0x4D79, 0x4D79, 0x4D79, 0x4D79, 0x65DA, 0x8E5C, 0x9E9C, 0xA6BD, 0x865B, 0xA6BD,
    0xE79F, 0xEFBF, 0xE79F, 0xE79F, 0xEFBF, 0xCF5F, 0xCF5F, 0xDF9F, 0xDF7F, 0xC73E, 0xA6FD, 0xA6DD,
    0xAEFE, 0xB6FD, 0xB6FD, 0xB6FD, 0xB71D, 0xB6FE, 0xAEFD, 0xA6DD, 0xA6DD, 0xA6DD, 0xA6DD, 0xA6DD,
    0xA6DD, 0xA6DD, 0xA6DD, 0xA6FE, 0xA6DD, 0xA6DD, 0xA6DD, 0xA6DD, 0xA6DD, 0xA6DD, 0xA6DD, 0xA6FD,
    0xA6FD, 0xA6FD, 0xA6FD, 0xA6FD, 0xA6FD, 0xA6FD, 0xA6DE, 0xAEFE, 0x969C, 0x6E1A, 0x6E1A, 0x6E1A,
    0x6E1B, 0x6E1B, 0x763B, 0x9EBD, 0x96BC, 0x9EBD, 0x9EDD, 0xAEFE, 0x969D, 0x6E1B, 0x6E3B, 0x6E3B,
    0x763B, 0x765B, 0x763B, 0x763B, 0x763B, 0x8E9C, 0x9EDD, 0x9EDD, 0xA6DD, 0xA6DD, 0xA6DD, 0xA6DD,
    0xA6DD, 0xA6DD, 0x96BC, 0x969C, 0x8E9C, 0x867C, 0x7E5B, 0x867C, 0x867C, 0x8E9C, 0x867C, 0x867C,
    0x96BC, 0x9EDD, 0x9EBD, 0x867C, 0x7E5B, 0x7E5B, 0x7E5B, 0x7E5B, 0x7E5B, 0x7E7C, 0x7E5C, 0x7E5C,
    0x1BF6, 0x1BF6, 0x1BF6, 0x1BF6, 0x1BF6, 0x1BF6, 0x1C16, 0x1C16, 0x2416, 0x2416, 0x2416, 0x2416,
    0x2416, 0x2416, 0x2416, 0x2416, 0x2416, 0x2436, 0x2416, 0x2416, 0x2416, 0x2416, 0x2436, 0x2436,
    0x2436, 0x2436, 0x2436, 0x2437, 0x2437, 0x2436, 0x2436, 0x2436, 0x2437, 0x2437, 0x2C37, 0x2C57,
    0x2C57, 0x2C57, 0x2C57, 0x2C57, 0x2C57, 0x2C57, 0x2C57, 0x2C57, 0x2C57, 0x3477, 0x3477, 0x3477,
    0x3477, 0x3477, 0x3497, 0x3497, 0x3497, 0x3497, 0x3497, 0x3497, 0x3497, 0x3497, 0x3497, 0x3497,
    0x3CB8, 0x3CB8, 0x3497, 0x34B8, 0x3CB8, 0x3CB8, 0x3CB8, 0x3CB8, 0x3CB8, 0x3CB7, 0x34B7, 0x34B7,
    0x34B7, 0x34B7, 0x3CB7, 0x3CB7, 0x3CB7, 0x3CB7, 0x3CB8, 0x3CB8, 0x3CB8, 0x3CB8, 0x3CB8, 0x3CB8,
    0x3CB8, 0x3CB8, 0x3CD8, 0x3CD8, 0x3CD8, 0x3CD8, 0x3CD8, 0x3CD8, 0x3CD8, 0x3CD8, 0x3CD8, 0x3CD8,
    0x3CF8, 0x3CF8, 0x3CF8, 0x3CF8, 0x3CF8, 0x44F8, 0x44F8, 0x44F8, 0x4518, 0x4518, 0x4518, 0x4518,
    0x4518, 0x4518, 0x4518, 0x4518, 0x4518, 0x4538, 0x4538, 0x4538, 0x4539, 0x4538, 0x4538, 0x4539,
    0x4538, 0x4559, 0x4559, 0x4D59, 0x4559, 0x4D59, 0x4D59, 0x4D59, 0x4D59, 0x4D59, 0x4D59, 0x4D79,
    0x4D79, 0x4D79, 0x4D79, 0x4D79, 0x4D99, 0x4D99, 0x5DBA, 0x761B, 0x5DBA, 0x6DFA, 0x761B, 0xC71E,
    0xF7BF, 0xEFDF, 0xE79F, 0xEF9F, 0xDF7F, 0xA6DE, 0xAEFE, 0xBF1E, 0xB6FE, 0xA6DD, 0xA6DD, 0xA6DD,
    0xAEFD, 0xB6FD, 0xB6FD, 0xB6FD, 0xB6FE, 0xB6FD, 0xAEFD, 0xA6FE, 0xA6DD, 0x9EBD, 0xA6DD, 0xA6DD,
    0xA6DE, 0xA6DD, 0xA6FE, 0xA73F, 0xA73F, 0xA6FE, 0xA6FE, 0xAF3F, 0xA6FE, 0xA6FD, 0xA6FD, 0xA6FD,
    0xA6FD, 0xA6FD, 0xA6FD, 0xA6FD, 0xA6FD, 0xAEFD, 0xA6DD, 0x8E7C, 0x6E1B, 0x6E1B, 0x6E1B, 0x763B,
    0x763B, 0x763B, 0x763B, 0x9EBD, 0x96BD, 0xA6DD, 0xAEFE, 0xAEFE, 0x969C, 0x6E1B, 0x763B, 0x763B,
    0x7E5B, 0x7E5B, 0x7E5B, 0x763B, 0x763B, 0x8E7C, 0x96BC, 0x9EBD, 0x9EBD, 0xA6DD, 0x9EDD, 0xA6DD,
    0xA6DD, 0x9EBC, 0x969C, 0x867C, 0x869C, 0x865B, 0x7E5B, 0x7E5B, 0x7E5B, 0x867B, 0x867C, 0x7E7B,
    0x867C, 0x8E9C, 0x867C, 0x865B, 0x7E5B, 0x7E7C, 0x7E5C, 0x7E5B, 0x7E7C, 0x867C, 0x867C, 0x867C,
    0x1BF6, 0x1C16, 0x1BF6, 0x1C16, 0x1BF6, 0x2C36, 0x2C36, 0x2416, 0x2416, 0x2416, 0x2416, 0x2416,
    0x2416, 0x2416, 0x2416, 0x2416, 0x2416, 0x2416, 0x2416, 0x2416, 0x2436, 0x2436, 0x2436, 0x2436,
    0x2C37, 0x2437, 0x2457, 0x2457, 0x2457, 0x2457, 0x2C57, 0x2C56, 0x2C57, 0x2C57, 0x2C57, 0x2C57,
    0x2C57, 0x2C56, 0x2C57, 0x2C57, 0x2C57, 0x2C57, 0x2C77, 0x2C77, 0x2C77, 0x2C77, 0x2C77, 0x2C77,
    0x2C77, 0x3477, 0x3497, 0x3CB8, 0x3CB7, 0x3497, 0x3497, 0x3497, 0x3CB8, 0x3CB8, 0x3CB8, 0x3CB7,
    0x44F9, 0x44F9, 0x3CB7, 0x3CB8, 0x3CB8, 0x3CB8, 0x3CB8, 0x3CB8, 0x3CB8, 0x3CB7, 0x3CB7, 0x3CD8,
    0x3CD7, 0x3CB7, 0x3CB7, 0x3CB8, 0x3CB8, 0x3CB8, 0x3CB8, 0x3CB8, 0x3CD8, 0x3CB8, 0x3CB8, 0x3CD8,
    0x3CD8, 0x3CD8, 0x3CD8, 0x3CD8, 0x3CD8, 0x3CD8, 0x3CD8, 0x3CD8, 0x3CD8, 0x3CD8, 0x3CF8, 0x3CF8,
    0x3CF8, 0x3CF8, 0x44F8, 0x44F8, 0x44F8, 0x4518, 0x4518, 0x4518, 0x4518, 0x4518, 0x4518, 0x4518,
    0x4518, 0x4518, 0x4518, 0x4539, 0x4539, 0x4538, 0x4539, 0x4538, 0x4D39, 0x4539, 0x4D38, 0x4D59,
    0x4559, 0x4559, 0x4D59, 0x4D59, 0x4D59, 0x4D59, 0x4D59, 0x4D79, 0x4D79, 0x4D79, 0x4D79, 0x4D79,
    0x4D79, 0x4D79, 0x4D79, 0x4D99, 0x5599, 0x4D79, 0x967C, 0xA6DD, 0x5DDA, 0x863B, 0x865B, 0xBF1D,
    0xEFBF, 0xE79F, 0xDF7F, 0xEFBF, 0xDF7F, 0xA6BE, 0xA6DE, 0xA6DE, 0xA6BD, 0x9EBD, 0x9EBD, 0x9EBD,
    0xA6DD, 0xAEFD, 0xB6FD, 0xAEFD, 0xAEFD, 0xAEDD, 0xA6DE, 0xA6DE, 0x9EDD, 0xA6BD, 0xA6BD, 0xB71E,
    0xD77F, 0xD77F, 0xBF1E, 0xA73F, 0xA73F, 0xAF3F, 0xAF3F, 0xAF5F, 0xAF1E, 0xA6DD, 0xA6FD, 0xA6FD,
    0xA6FD, 0xA6FD, 0xA6FD, 0xA6FD, 0xA6FD, 0xA6FD, 0xA6DD, 0x7E5C, 0x6E3B, 0x6E3B, 0x765B, 0x867C,
    0x8E9C, 0x867C, 0x8E9C, 0xAEFD, 0xBF1E, 0xD75E, 0xC73E, 0xBF1E, 0x9EBD, 0x7E5C, 0x7E5B, 0x7E7C,
    0x867C, 0x867C, 0x867C, 0x7E5C, 0x763B, 0x867C, 0x96BC, 0x96BD, 0x9EBD, 0xA6DD, 0x96BC, 0x969C,
    0x9EBD, 0x8E7C, 0x969C, 0x8E9C, 0x8E9C, 0x8E7C, 0x867C, 0x867C, 0x7E5B, 0x7E5B, 0x867C, 0x7E7B,
    0x7E7B, 0x7E5B, 0x7E5B, 0x7E7B, 0x7E7B, 0x7E7C, 0x867C, 0x867C, 0x867C, 0x867C, 0x867C, 0x867C,
    0x2416, 0x2416, 0x1C16, 0x2416, 0x2C57, 0x3C97, 0x2C57, 0x2416, 0x2416, 0x2416, 0x2416, 0x2416,
    0x2416, 0x2416, 0x2416, 0x2436, 0x2436, 0x2436, 0x2436, 0x2416, 0x2416, 0x2436, 0x2436, 0x2437,
    0x2437, 0x2437, 0x2457, 0x2C57, 0x2C57, 0x2C57, 0x2C57, 0x2C56, 0x2C56, 0x2C56, 0x2C57, 0x2C57,
    0x2C57, 0x2C57, 0x2C57, 0x2C57, 0x2C77, 0x2C77, 0x2C77, 0x2C77, 0x2C77, 0x2C77, 0x2C77, 0x2C77,
    0x2C77, 0x2C77, 0x3497, 0x3CD8, 0x3CB8, 0x3CB8, 0x3CB7, 0x3CB8, 0x44D8, 0x3CD8, 0x3CD8, 0x44D8,
    0x44F9, 0x4519, 0x3CD8, 0x44F9, 0x3CD9, 0x3CD8, 0x3CB7, 0x3CB8, 0x3CD8, 0x3CD8, 0x3CD8, 0x3CD8,
    0x3CD8, 0x3CD8, 0x3CD8, 0x3CD8, 0x3CB8, 0x3CD8, 0x3CD8, 0x3CD8, 0x3CD8, 0x3CD8, 0x3CD8, 0x3CD8,
    0x3CF8, 0x3CD8, 0x3CD8, 0x3CD8, 0x3CD8, 0x3CD8, 0x44F8, 0x44F8, 0x44F8, 0x44F8, 0x3CF8, 0x3CF8,
    0x44F8, 0x44F8, 0x44F8, 0x44F8, 0x4518, 0x4518, 0x4518, 0x4518, 0x4518, 0x4518, 0x4518, 0x4518,
    0x4538, 0x4538, 0x4538, 0x4539, 0x4539, 0x4539, 0x4539, 0x4D39, 0x4D39, 0x4559, 0x4D59, 0x4D59,
    0x4D59, 0x4D59, 0x4D59, 0x4D79, 0x4D59, 0x4D59, 0x4D79, 0x4D79, 0x4D79, 0x4D79, 0x4D79, 0x4D79,
    0x4D99, 0x4D79, 0x4D79, 0x4D99, 0x5599, 0x4D99, 0x761B, 0x6DFB, 0x55BA, 0x7E3B, 0x865B, 0xBF1E,
    0xEF9F, 0xBF3F, 0xCF5F, 0xEFBF, 0xC73E, 0x9EBE, 0xA6DD, 0x9EBD, 0x96BD, 0x96BD, 0x969C, 0x9EBD,
    0xA6DD, 0xAEFD, 0xB6FD, 0xAEDD, 0xA6DE, 0xA6DD, 0xA6DD, 0xA6DD, 0xA6DD, 0xA6BD, 0xAEFE, 0xD77F,
    0xE79F, 0xEFBF, 0xD75E, 0xAEFE, 0xA73F, 0xAF3F, 0xAF3F, 0xAF5F, 0xAF1E, 0xA6DD, 0xA6FD, 0xA6FD,
    0xA6FD, 0xA6FD, 0xA6FD, 0xA6FD, 0xA6FD, 0xA6FD, 0xA6DD, 0x9EDD, 0x96BD, 0x8E9C, 0x8E9C, 0x7E5B,
    0x7E5B, 0x96BC, 0xC73E, 0xCF5E, 0xD75E, 0xC73E, 0xB71E, 0xAEFE, 0x96BD, 0x8E9C, 0x96BD, 0x96BC,
    0x969C, 0x8E9C, 0x865B, 0x7E7C, 0x7E5B, 0x867C, 0x869C, 0x867C, 0x96BC, 0x8E9C, 0x867C, 0x96BC,
    0x96BC, 0x867C, 0x96BC, 0x96BC, 0x867C, 0x869C, 0x8E9C, 0x8E9C, 0x7E7B, 0x7E5B, 0x7E7C, 0x7E7C,
    0x867C, 0x867C, 0x867C, 0x7E7C, 0x7E7C, 0x867C, 0x867C, 0x867C, 0x867C, 0x867C, 0x867C, 0x867C,
    0x2C36, 0x2416, 0x2436, 0x2C36, 0x3477, 0x3C98, 0x2C57, 0x2416, 0x2416, 0x2416, 0x2416, 0x2416,
    0x2416, 0x2416, 0x2436, 0x2436, 0x2436, 0x2436, 0x2436, 0x2436, 0x2437, 0x2437, 0x2437, 0x2437,
    0x2437, 0x2437, 0x2C37, 0x2C57, 0x2C57, 0x2C77, 0x2C57, 0x2C77, 0x2C56, 0x2C56, 0x2C57, 0x2C57,
    0x2C57, 0x2C57, 0x2C57, 0x2C77, 0x2C77, 0x3477, 0x2C77, 0x2C77, 0x2C77, 0x3477, 0x34B8, 0x34D9,
    0x34B9, 0x3497, 0x3497, 0x3CB8, 0x3CB8, 0x3CB8, 0x3CB8, 0x44F8, 0x44F8, 0x44F8, 0x44F8, 0x44F8,
    0x44D8, 0x44F8, 0x4519, 0x4519, 0x4519, 0x44F8, 0x3CD8, 0x44D8, 0x3CD8, 0x3CD8, 0x3CD8, 0x3CD8,
    0x3CD8, 0x44D8, 0x44D8, 0x3CD8, 0x3CF8, 0x3CD8, 0x3CD8, 0x3CD8, 0x3CD8, 0x3CF8, 0x3CD8, 0x3CF8,
    0x3CF8, 0x3CF8, 0x44F8, 0x44F8, 0x44F8, 0x44F8, 0x44F8, 0x44F8, 0x44F8, 0x44F8, 0x44F8, 0x44F8,
    0x44F8, 0x44F8, 0x4518, 0x4518, 0x4518, 0x4518, 0x4518, 0x4518, 0x4518, 0x4538, 0x4538, 0x4539,
    0x4538, 0x4538, 0x4D39, 0x4D38, 0x4539, 0x4539, 0x4539, 0x4559, 0x4D59, 0x4D59, 0x4D59, 0x4D59,
    0x4D59, 0x4D59, 0x4D79, 0x4D79, 0x4D79, 0x4D79, 0x4D79, 0x4D79, 0x4D79, 0x4D79, 0x4D79, 0x4D99,
    0x5599, 0x4D99, 0x5599, 0x5599, 0x5599, 0x559A, 0x4D99, 0x4D99, 0x55BA, 0x8E5C, 0xA6BD, 0xC73E,
    0xAEDD, 0x865C, 0xBF1E, 0xE79F, 0xD75F, 0xAEFD, 0x9EDD, 0x969D, 0x969D, 0x969D, 0x96BC, 0x9EBD,
    0xA6DD, 0xAEFD, 0xAEFD, 0xA6DD, 0xA6DD, 0xA6DD, 0xA6DD, 0xA6DE, 0xA6DD, 0xA6DD, 0xAEFE, 0xC75F,
    0xCF5F, 0xCF5F, 0xCF5F, 0xAEFE, 0xA6DD, 0xA6DD, 0xAF3F, 0xAF3F, 0xA6FE, 0xA6DD, 0xA6DD, 0xA6FD,
    0xA6FD, 0xA6FD, 0xA6FD, 0xA6FD, 0xA6DE, 0xA6DD, 0xA6DD, 0xA6DD, 0xA6DD, 0xA6DD, 0xA6FD, 0x867C,
    0x867C, 0xD75F, 0xC73E, 0xC73E, 0xBF1E, 0xB6FE, 0xA6DD, 0xA6DD, 0xA6DD, 0x9EBD, 0x96BC, 0x9EBD,
    0x96BD, 0x969C, 0x7E5B, 0x7E7C, 0x867C, 0x7E7C, 0x7E7C, 0x7E5B, 0x7E5B, 0x7E5B, 0x7E5B, 0x8E9C,
    0x969C, 0x867C, 0x867C, 0x867B, 0x8E9C, 0x867C, 0x867C, 0x867C, 0x867B, 0x867B, 0x867C, 0x7E7C,
    0x867C, 0x8E9C, 0x869C, 0x867C, 0x867C, 0x867C, 0x867C, 0x867C, 0x867C, 0x867C, 0x867C, 0x867C,
    0x2C36, 0x2C37, 0x3477, 0x3C97, 0x44B8, 0x3CB8, 0x2436, 0x2416, 0x2416, 0x2416, 0x2436, 0x2436,
    0x2436, 0x2436, 0x2436, 0x2436, 0x2437, 0x2437, 0x2437, 0x2437, 0x2437, 0x2437, 0x2C37, 0x2C37,
    0x2C37, 0x2C57, 0x2C57, 0x2C57, 0x2C57, 0x2C77, 0x2C57, 0x2C77, 0x2C77, 0x2C77, 0x2C77, 0x2C77,
    0x2C57, 0x2C57, 0x2C77, 0x3477, 0x3477, 0x3497, 0x3497, 0x3477, 0x2C77, 0x34B8, 0x3CD9, 0x3CD9,
    0x3CD9, 0x3498, 0x3497, 0x3497, 0x3497, 0x3CB7, 0x3CD8, 0x3CD8, 0x3CD8, 0x4CF8, 0x4D18, 0x4D18,
    0x44F8, 0x4D19, 0x4D39, 0x4D39, 0x4D19, 0x44F8, 0x44F8, 0x44D8, 0x44D8, 0x44D8, 0x3CD8, 0x44D8,
    0x44D8, 0x44F8, 0x44F8, 0x44D8, 0x44F8, 0x44F8, 0x44F8, 0x44F8, 0x44F8, 0x44F8, 0x44F8, 0x44F8,
    0x44F8, 0x44F8, 0x44F8, 0x44F8, 0x44F8, 0x44F8, 0x44F8, 0x44F8, 0x44F8, 0x44F8, 0x4518, 0x4518,
    0x4518, 0x4518, 0x4518, 0x4518, 0x4518, 0x4518, 0x4518, 0x4538, 0x4538, 0x4538, 0x4538, 0x4538,
    0x4538, 0x4D39, 0x4D39, 0x4D39, 0x4D59, 0x4D39, 0x4D59, 0x4D59, 0x4D59, 0x4D59, 0x4D59, 0x4D59,
    0x4D79, 0x4D79, 0x4D79, 0x4D79, 0x4D79, 0x4D79, 0x4D79, 0x5579, 0x5579, 0x4D99, 0x4D9A, 0x5599,
    0x5599, 0x5599, 0x5599, 0x559A, 0x559A, 0x55BA, 0x55BA, 0x55BA, 0x55BA, 0x865B, 0x8E7C, 0x7E3B,
    0x5DDA, 0x867C, 0xD77F, 0xEFDF, 0xF7DF, 0xC73E, 0x96BD, 0x969D, 0x969C, 0x969C, 0x969D, 0xA6DD,
    0xA6DD, 0xAEDE, 0xA6DD, 0xA6DD, 0xA6DD, 0xA6DD, 0xA6DD, 0xAEFE, 0xA6FE, 0xA6DE, 0xA6DE, 0xB71E,
    0xBF1E, 0xBF1E, 0xBF1F, 0xAEDE, 0xA6DD, 0xA6DD, 0xA6FE, 0xA6FE, 0xA6DD, 0xA6FD, 0xAEFE, 0xAEFE,
    0xA6FD, 0xA6DD, 0xA6DD, 0xA6DD, 0xA6DE, 0xA6DD, 0x9EDD, 0xA6DD, 0xA6DD, 0xA6DD, 0xA6DD, 0xA6DD,
    0xD77E, 0xEF9F, 0xB6FE, 0xAEFD, 0xA6FD, 0xA6DD, 0xA6DD, 0xA6DD, 0xA6DD, 0x9EDD, 0x96BC, 0x9EBD,
    0x9EBD, 0x867C, 0x7E5B, 0x867C, 0x867C, 0x7E5B, 0x7E5B, 0x7E5B, 0x7E5B, 0x7E5B, 0x7E5B, 0x7E5B,
    0x7E7B, 0x867C, 0x867B, 0x869C, 0x867C, 0x867C, 0x867C, 0x867C, 0x867C, 0x869C, 0x8E9C, 0x8E9C,
    0x869C, 0x8E9C, 0x8E9C, 0x867C, 0x867C, 0x867C, 0x867C, 0x867C, 0x867C, 0x869C, 0x869C, 0x869C,
    0x2437, 0x2C57, 0x3477, 0x3C97, 0x44D8, 0x3C97, 0x2C37, 0x2416, 0x2416, 0x2436, 0x2436, 0x2436,
    0x2436, 0x2436, 0x2436, 0x2437, 0x2437, 0x2437, 0x2437, 0x2C57, 0x2C36, 0x2C57, 0x2C57, 0x2C57,
    0x2C57, 0x2C56, 0x2C57, 0x2C57, 0x2C57, 0x2C77, 0x2C77, 0x2C77, 0x2C77, 0x2C77, 0x2C77, 0x2C97,
    0x2C98, 0x2C77, 0x2C77, 0x2C77, 0x2C77, 0x2C77, 0x2C77, 0x3477, 0x3497, 0x3497, 0x34B8, 0x3CB8,
    0x3498, 0x3497, 0x34B7, 0x3497, 0x3497, 0x3497, 0x3CB7, 0x3CB7, 0x3CB7, 0x3CD8, 0x44F8, 0x4D19,
    0x44F8, 0x4D18, 0x4D19, 0x5539, 0x4D18, 0x4D18, 0x4D18, 0x44F8, 0x44F8, 0x44F8, 0x44D8, 0x44F8,
    0x44F8, 0x44F8, 0x44F8, 0x44F8, 0x44F8, 0x44F8, 0x44F8, 0x44F8, 0x4518, 0x44F8, 0x44F8, 0x4518,
    0x4518, 0x44F8, 0x44F8, 0x4518, 0x44F8, 0x4518, 0x4518, 0x4518, 0x4518, 0x4518, 0x4518, 0x4518,
    0x4518, 0x4518, 0x4518, 0x4518, 0x4538, 0x4538, 0x4538, 0x4538, 0x4538, 0x4538, 0x4D39, 0x4D39,
    0x4D39, 0x4D39, 0x4D59, 0x4D59, 0x4D59, 0x4D59, 0x4D59, 0x4D59, 0x4D59, 0x4D59, 0x4D79, 0x4D79,
    0x4D79, 0x4D79, 0x4D79, 0x4D79, 0x4D79, 0x4D99, 0x4D99, 0x5599, 0x5599, 0x5599, 0x5599, 0x5599,
    0x5599, 0x55BA, 0x55BA, 0x55BA, 0x55BA, 0x55BA, 0x55BA, 0x55BA, 0x5DBA, 0x55BA, 0x5DDA, 0xAEDD,
    0xA6DD, 0xC73E, 0xF7DF, 0xEFBF, 0xE79F, 0xB71E, 0x9EBD, 0x969D, 0x9EBC, 0x8E9C, 0x867C, 0x9EDD,
    0xA6DD, 0xA6DE, 0xA6DD, 0xA6DD, 0xA6DD, 0xA6DD, 0xB71E, 0xC73E, 0xAEFE, 0xA6FE, 0xA6DD, 0xC73E,
    0xCFBF, 0xB73E, 0xAEFE, 0xA6FD, 0xA6DD, 0xA6DD, 0xA6DD, 0xA6DD, 0xA6DE, 0xA6DD, 0xA6FE, 0xAF1F,
    0xAEFE, 0xA6DE, 0xA6DE, 0xA6DE, 0xA6DD, 0xA6DD, 0xA6DD, 0x9EDD, 0xA6DD, 0xA6DD, 0xB71E, 0xCF5F,
    0xEFBF, 0xCF3E, 0xB71E, 0xAEFD, 0xA6DD, 0xA6DD, 0xA6DD, 0x9EDD, 0x9EDD, 0xA6DD, 0xA6DD, 0x9EDD,
    0x8E9C, 0x7E5C, 0x7E7C, 0x867C, 0x7E7C, 0x7E7C, 0x7E5B, 0x7E5B, 0x7E5B, 0x7E5B, 0x7E7B, 0x7E7B,
    0x7E5B, 0x7E5B, 0x867C, 0x869C, 0x867C, 0x869C, 0x867C, 0x867C, 0x867C, 0x8E9C, 0x8E9C, 0x869C,
    0x869C, 0x8E9C, 0x869C, 0x869C, 0x867C, 0x867C, 0x869C, 0x869C, 0x867C, 0x869C, 0x869C, 0x8E9C,
    0x2436, 0x2C56, 0x3457, 0x3477, 0x3477, 0x3477, 0x2C56, 0x2436, 0x2436, 0x2436, 0x2436, 0x2436,
    0x2436, 0x2437, 0x2437, 0x2437, 0x2456, 0x2456, 0x2C57, 0x2C57, 0x2C57, 0x2C57, 0x2C57, 0x2C57,
    0x2C56, 0x2C57, 0x2C57, 0x2C57, 0x2C57, 0x2C77, 0x2C77, 0x2C77, 0x2C77, 0x2C77, 0x2C77, 0x2C97,
    0x34B8, 0x2C98, 0x2C77, 0x2C77, 0x2C77, 0x3477, 0x3477, 0x3477, 0x3497, 0x3497, 0x3497, 0x3497,
    0x3497, 0x34B7, 0x34B7, 0x34B7, 0x34B7, 0x34B7, 0x3CB7, 0x3CB7, 0x3CB7, 0x3CB7, 0x3CB8, 0x3CD8,
    0x44D8, 0x44F8, 0x4D18, 0x5559, 0x5539, 0x4D19, 0x4D18, 0x4518, 0x4D18, 0x44F8, 0x44F8, 0x4518,
    0x4D18, 0x4518, 0x44F8, 0x4518, 0x44F8, 0x44F8, 0x4518, 0x4518, 0x4518, 0x4518, 0x4518, 0x4518,
    0x4518, 0x4518, 0x4518, 0x4D19, 0x4D19, 0x4518, 0x4518, 0x4518, 0x4518, 0x4518, 0x4518, 0x4518,
    0x4538, 0x4538, 0x4538, 0x4538, 0x4D38, 0x4D38, 0x4D39, 0x4D39, 0x4D39, 0x4D38, 0x4D59, 0x4D59,
    0x4D59, 0x4D59, 0x4D59, 0x4D59, 0x4D59, 0x4D59, 0x4D59, 0x4D79, 0x4D79, 0x4D79, 0x4D79, 0x4D79,
    0x4D79, 0x5579, 0x5599, 0x4D99, 0x4D99, 0x4D99, 0x5599, 0x5599, 0x5599, 0x5599, 0x55B9, 0x55BA,
    0x55BA, 0x55BA, 0x55BA, 0x55BA, 0x55BA, 0x55BA, 0x55DA, 0x5DDA, 0x55BA, 0x6E1B, 0xA6BD, 0xD75F,
    0xDF9F, 0xEFBF, 0xE7BF, 0xE79F, 0xE79F, 0xCF5E, 0xA6DD, 0x9EBD, 0x9EDD, 0x9EDD, 0x96BD, 0x9EBD,
    0x9EDD, 0x9EDD, 0x9EBD, 0x9EDD, 0xA6DD, 0xA6DD, 0xB71E, 0xCF5F, 0xB71E, 0xB6FE, 0xAEFD, 0xAEFE,
    0xBF9F, 0xB75F, 0xAEDD, 0xA6DD, 0xA6DD, 0xA6DD, 0xA6DD, 0xA6DD, 0xA6DD, 0xA6DD, 0xA6DD, 0xA6FE,
    0xA6FE, 0xA6DD, 0xA6DD, 0xA6DD, 0xA6DD, 0xA6DD, 0x9EDD, 0x8E9C, 0x869C, 0x969D, 0xD75F, 0xEFBF,
    0xEF9F, 0xDF7F, 0xB71E, 0xAEFD, 0xA6DD, 0xA6DD, 0xA6DD, 0x9EDD, 0x9EDD, 0xA6DD, 0xA6DD, 0x96BD,
    0x7E5B, 0x867C, 0x867B, 0x7E7B, 0x7E7B, 0x7E7B, 0x867B, 0x7E7B, 0x7E7B, 0x7E7C, 0x867B, 0x867B,
    0x867C, 0x867C, 0x867C, 0x867C, 0x8E9C, 0x8E9C, 0x869C, 0x867C, 0x867C, 0x8E9C, 0x8E9C, 0x867B,
    0x8E9C, 0x8E9C, 0x867C, 0x869C, 0x869C, 0x869C, 0x8E9C, 0x869C, 0x8E9C, 0x8E9C, 0x8E9C, 0x8E9C,
    0x2C57, 0x2C56, 0x2C57, 0x3477, 0x3477, 0x2C77, 0x2C56, 0x2436, 0x2437, 0x2437, 0x2437, 0x2C77,
    0x4CF8, 0x3CB7, 0x2436, 0x2C57, 0x2C57, 0x2C57, 0x2C57, 0x2C56, 0x2C57, 0x2C57, 0x2C57, 0x2C57,
    0x2C57, 0x2C57, 0x2C57, 0x2C57, 0x2C57, 0x2C77, 0x2C77, 0x2C97, 0x2C97, 0x2C77, 0x2C77, 0x34B8,
    0x34B8, 0x3498, 0x2C77, 0x3477, 0x3477, 0x3497, 0x3497, 0x3497, 0x3497, 0x3497, 0x3497, 0x34B7,
    0x34B7, 0x34B7, 0x3CB7, 0x34B7, 0x3CB7, 0x3CB7, 0x3CB8, 0x3CB8, 0x3CB8, 0x3CB8, 0x3CB8, 0x3CB8,
    0x3CD8, 0x3CB8, 0x44F8, 0x4CF8, 0x44F8, 0x4D18, 0x44F8, 0x44F8, 0x4D18, 0x4D18, 0x4D18, 0x4D18,
    0x4D19, 0x4D18, 0x4D18, 0x4D18, 0x4518, 0x4518, 0x4518, 0x4518, 0x4518, 0x4518, 0x4D18, 0x4D19,
    0x4D19, 0x4D18, 0x4D18, 0x4D39, 0x4519, 0x4D39, 0x4D18, 0x4D18, 0x4D18, 0x4D38, 0x4D38, 0x4D38,
    0x4D38, 0x4538, 0x4538, 0x4D38, 0x4D38, 0x4D38, 0x4D38, 0x4D39, 0x4D59, 0x4D59, 0x4D59, 0x4D59,
    0x4D59, 0x4D59, 0x4D59, 0x4D59, 0x4D59, 0x4D79, 0x4D79, 0x4D79, 0x4D79, 0x4D79, 0x4D79, 0x5579,
    0x5579, 0x5579, 0x5599, 0x5599, 0x5599, 0x5599, 0x5599, 0x5599, 0x5599, 0x559A, 0x55BA, 0x55BA,
    0x55BA, 0x55BA, 0x55BA, 0x55BA, 0x5DDA, 0x5DDA, 0x5DDA, 0x5DDA, 0x65FA, 0x865B, 0xC73E, 0xDF7F,
    0xE79F, 0xE79F, 0xE79F, 0xE79F, 0xE79F, 0xD75F, 0xAEFE, 0xA6DD, 0xA6DD, 0xA6DD, 0xA6DD, 0xA6DD,
    0x9EBD, 0x9EDD, 0x867C, 0x867C, 0x9EDD, 0xAEFE, 0xDF7F, 0xE79F, 0xBF1E, 0xBF1E, 0xCF5F, 0xC73E,
    0xAF1E, 0xA6FE, 0xA6DD, 0xA6DD, 0xA6DD, 0xA6DD, 0xA6DD, 0xA6DD, 0xA6DD, 0xA6DD, 0xA6DD, 0xA6DD,
    0xA6DD, 0xA6DD, 0xA6DD, 0xA6DE, 0x9EDD, 0x9EDD, 0x96BD, 0x96BD, 0x7E7B, 0x7E7C, 0xAEFE, 0xBF1E,
    0xB71E, 0xBF3E, 0xB71D, 0xA6DD, 0xA6DD, 0xA6DD, 0x9EDD, 0xA6DD, 0xA6DD, 0xA6DD, 0xA6DD, 0x9EDD,
    0x7E7B, 0x7E7C, 0x7E7C, 0x7E7B, 0x867B, 0x867C, 0x869C, 0x867B, 0x7E7B, 0x7E7C, 0x867C, 0x867C,
    0x867C, 0x867C, 0x867C, 0x869C, 0x96BC, 0x8E9C, 0x867C, 0x867C, 0x867C, 0x869C, 0x869C, 0x869C,
    0x869C, 0x869C, 0x869C, 0x869C, 0x869C, 0x8E9C, 0x8E9C, 0x8EBC, 0x8E9C, 0x8E9C, 0x8E9C, 0x8EBC,
    0x2C57, 0x2C57, 0x3477, 0x3477, 0x3477, 0x3477, 0x2C77, 0x2C57, 0x2437, 0x2437, 0x2436, 0x44D8,
    0x75DB, 0x44F8, 0x2456, 0x2C57, 0x2C57, 0x2C57, 0x2C57, 0x2C57, 0x2C57, 0x2C57, 0x2C57, 0x2C57,
    0x2C57, 0x2C57, 0x2C77, 0x2C77, 0x2C77, 0x2C77, 0x2C77, 0x2C97, 0x2C97, 0x2C97, 0x2C97, 0x34D9,
    0x34B8, 0x34B8, 0x3497, 0x3497, 0x3497, 0x3497, 0x3497, 0x3497, 0x3497, 0x3497, 0x3497, 0x34B7,
    0x34B7, 0x3CB7, 0x3CB7, 0x3CB8, 0x3CB8, 0x3CB8, 0x3CB7, 0x3CB8, 0x3CD8, 0x3CD8, 0x3CD8, 0x3CD8,
    0x3CD8, 0x44D8, 0x44D8, 0x44D7, 0x44D7, 0x44D8, 0x44D8, 0x44D8, 0x44F8, 0x4CF8, 0x4D18, 0x4D18,
    0x4D18, 0x4D19, 0x4D18, 0x4D18, 0x4D18, 0x4D18, 0x4D18, 0x4D19, 0x4D19, 0x4D19, 0x4D19, 0x4D19,
    0x4D19, 0x4D39, 0x4D38, 0x4D38, 0x4D38, 0x4D39, 0x4D39, 0x4D39, 0x4D39, 0x4D39, 0x4D39, 0x4D39,
    0x4D39, 0x4D39, 0x4D38, 0x4D39, 0x4D59, 0x4D39, 0x4D59, 0x4D59, 0x4D59, 0x4D59, 0x4D59, 0x4D59,
    0x4D59, 0x4D59, 0x4D59, 0x4D59, 0x4D79, 0x4D79, 0x4D79, 0x4D79, 0x4D79, 0x5599, 0x5599, 0x5599,
    0x5599, 0x5599, 0x5599, 0x5599, 0x5599, 0x5599, 0x55BA, 0x55BA, 0x55BA, 0x55BA, 0x55BA, 0x55BA,
    0x5DBA, 0x5DBA, 0x5DBA, 0x5DBA, 0x5DDA, 0x5DDA, 0x5DDA, 0x5DDA, 0x7E5B, 0x8E7C, 0xC73E, 0xE79F,
    0xE79F, 0xE79F, 0xE79F, 0xE79F, 0xDF7F, 0xB71E, 0xA6FD, 0xA6DD, 0xA6DD, 0xA6DD, 0xA6DD, 0xA6DD,
    0x9EBD, 0x8E9C, 0x763B, 0x6E3B, 0xA6DD, 0xAEFD, 0xEFBF, 0xF7DF, 0xD77F, 0xDF7F, 0xE79F, 0xEFBF,
    0xC71E, 0xA6DD, 0xA6DD, 0xA6DD, 0xA6DD, 0xA6DD, 0xA6DD, 0xA6DD, 0x9EDD, 0xA6DD, 0xA6DD, 0xA6DD,
    0xA6DD, 0xA6DD, 0xA6DD, 0xA6DD, 0x9EDD, 0x96BD, 0x96BC, 0x9EDD, 0x96BC, 0x9EDD, 0x9EBD, 0x9EBD,
    0xCF5E, 0xCF5E, 0xB6FE, 0xA6DD, 0x9EDD, 0x96BC, 0x8E7C, 0x96BC, 0x9EBD, 0xA6DD, 0xA6DD, 0x96BC,
    0x7E7B, 0x7E5B, 0x7E7B, 0x7E7B, 0x869C, 0x867C, 0x867C, 0x867C, 0x867C, 0x867C, 0x867C, 0x867C,
    0x867C, 0x867B, 0x867C, 0x869C, 0x8E9C, 0x869C, 0x869C, 0x869C, 0x869C, 0x869C, 0x869C, 0x869C,
    0x869C, 0x869C, 0x8E9C, 0x8E9C, 0x8EBC, 0x8EBC, 0x8E9C, 0x8E9C, 0x8E9C, 0x8E9C, 0x8E9C, 0x8EBC,
    0x3477, 0x3477, 0x3477, 0x3477, 0x3477, 0x3497, 0x3CB8, 0x3CB8, 0x3477, 0x3477, 0x3497, 0x5539,
    0x5539, 0x3CB7, 0x2C57, 0x2C57, 0x2C57, 0x2C57, 0x2C57, 0x2C57, 0x2C57, 0x2C57, 0x2C77, 0x2C77,
    0x2C77, 0x2C77, 0x2C77, 0x2C77, 0x2C77, 0x2C77, 0x2C77, 0x3497, 0x3497, 0x3497, 0x3497, 0x34F9,
    0x34D8, 0x34B8, 0x34B7, 0x3497, 0x3497, 0x3497, 0x3497, 0x3497, 0x3497, 0x34B7, 0x34B7, 0x3CB8,
    0x3CB8, 0x3CB8, 0x3CB8, 0x3CB8, 0x3CB8, 0x3CD8, 0x3CD8, 0x3CD8, 0x3CD8, 0x3CD8, 0x3CD8, 0x44D8,
    0x44D8, 0x44D8, 0x44D8, 0x44F8, 0x44D8, 0x44D8, 0x44D8, 0x44D8, 0x44F8, 0x44F8, 0x44F8, 0x44F8,
    0x4D18, 0x4D39, 0x4D18, 0x4D38, 0x4D38, 0x4D38, 0x4D18, 0x4D19, 0x4D19, 0x4D39, 0x4D39, 0x4D39,
    0x4D38, 0x4D39, 0x4D39, 0x4D39, 0x4D38, 0x4D39, 0x4D39, 0x4D39, 0x4D39, 0x4D39, 0x4D39, 0x4D39,
    0x4D59, 0x4D59, 0x4D59, 0x4D59, 0x4D59, 0x4D59, 0x4D59, 0x4D59, 0x4D59, 0x5559, 0x4D79, 0x4D59,
    0x4D59, 0x4D79, 0x4D79, 0x4D79, 0x4D79, 0x5579, 0x5579, 0x5579, 0x5579, 0x5599, 0x5599, 0x5599,
    0x5599, 0x5599, 0x5599, 0x559A, 0x55BA, 0x55BA, 0x55BA, 0x55BA, 0x55BA, 0x5DBA, 0x5DBA, 0x5DBA,
    0x5DDA, 0x5DDA, 0x5DDA, 0x5DDA, 0x5DDA, 0x5DDA, 0x65FA, 0x6E1B, 0x7E3B, 0x7E3B, 0xAEDD, 0xDF7F,
    0xE79F, 0xE79F, 0xE79F, 0xE79F, 0xD75F, 0xB71D, 0xA6DD, 0xA6DD, 0xA6DD, 0xA6DD, 0xA6DD, 0xA6DD,
    0x867C, 0x765B, 0x661B, 0x663B, 0x7E5C, 0xA6DD, 0xEFBF, 0xF7BF, 0xEFBF, 0xF7BF, 0xF7BF, 0xF7DF,
    0xCF3E, 0xA6DD, 0xA6DD, 0xA6DD, 0xA6DD, 0xA6DD, 0xA6DD, 0x9EDD, 0x8E9C, 0x9EBD, 0xA6DD, 0xA6DD,
    0xA6DD, 0xA6DD, 0xA6DD, 0xA6DD, 0x9EDD, 0x96BC, 0x969C, 0x9EDD, 0x9EDD, 0x9EDD, 0xA6DD, 0x9EDD,
    0xA6DD, 0xA6DD, 0x9EBD, 0xA6BD, 0x8E9C, 0x7E7B, 0x7E7B, 0x8EBC, 0x8E9C, 0x9EBD, 0x9EDD, 0x96BC,
    0x869C, 0x869C, 0x867C, 0x867B, 0x867C, 0x869C, 0x869C, 0x867C, 0x867C, 0x867C, 0x867C, 0x869C,
    0x869C, 0x869C, 0x869C, 0x869C, 0x869C, 0x869C, 0x869C, 0x869C, 0x869C, 0x869C, 0x8EBC, 0x8E9C,
    0x8E9C, 0x8E9C, 0x8E9C, 0x8EBC, 0x8E9C, 0x8E9C, 0x8E9C, 0x8EBC, 0x8EBC, 0x8EBC, 0x8EBC, 0x8EBC,
    0x3CB8, 0x3477, 0x3497, 0x3C97, 0x3C97, 0x3CB8, 0x44D8, 0x4CF8, 0x5D59, 0x5539, 0x5D59, 0x75DA,
    0x657A, 0x44D8, 0x3497, 0x3CB7, 0x3477, 0x2C57, 0x3497, 0x44F8, 0x44D8, 0x4CF9, 0x3498, 0x2C77,
    0x2C77, 0x2C77, 0x2C77, 0x2C77, 0x2C77, 0x2C77, 0x3497, 0x3497, 0x3497, 0x34B7, 0x3497, 0x34D8,
    0x34B7, 0x34B7, 0x34B7, 0x34B7, 0x3497, 0x3497, 0x3497, 0x3497, 0x34B8, 0x34B7, 0x34B8, 0x34B8,
    0x34B8, 0x3CB8, 0x3CB8, 0x3CB7, 0x3CB8, 0x3CD8, 0x3CD8, 0x44D8, 0x3CD8, 0x3CD8, 0x44D8, 0x44F8,
    0x44F8, 0x44F8, 0x44D8, 0x44F8, 0x44F8, 0x44F8, 0x44F8, 0x44F8, 0x44F8, 0x44F8, 0x44F8, 0x44F8,
    0x4518, 0x4518, 0x4518, 0x4D18, 0x4D18, 0x4D19, 0x4D19, 0x4D39, 0x4D39, 0x4D39, 0x4D39, 0x4D39,
    0x4D39, 0x4D39, 0x4D39, 0x4D39, 0x4D39, 0x4D39, 0x4D39, 0x4D39, 0x4D59, 0x4D59, 0x4D59, 0x4D59,
    0x4D59, 0x5559, 0x4D59, 0x4D59, 0x4D59, 0x5559, 0x5559, 0x5559, 0x4D79, 0x5579, 0x4D79, 0x4D79,
    0x4D79, 0x4D79, 0x5579, 0x5579, 0x5579, 0x5579, 0x5579, 0x5599, 0x5599, 0x5599, 0x5599, 0x559A,
    0x559A, 0x559A, 0x559A, 0x559A, 0x55BA, 0x55BA, 0x55BA, 0x55BA, 0x5DBA, 0x5DBA, 0x55DA, 0x5DDA,
    0x5DDA, 0x5DDA, 0x5DDA, 0x5DDA, 0x5DDA, 0x5DDA, 0x6E1B, 0x6E1B, 0x65FA, 0x65FA, 0x763B, 0xC73E,
    0xEF9F, 0xE79F, 0xE77F, 0xDF9F, 0xD75F, 0xB6FD, 0xA6DD, 0xA6DD, 0xA6DD, 0xA6DD, 0xA6DD, 0x96BD,
    0x765B, 0x6E3B, 0x661B, 0x6E1B, 0x5E1A, 0xB6FD, 0xF7DF, 0xF7BF, 0xF7BF, 0xF7BF, 0xF7DF, 0xEFBF,
    0xAEFE, 0xA6DD, 0xA6DD, 0x96BD, 0x9EBD, 0xA6DD, 0xA6DD, 0x96BC, 0x867C, 0x96BD, 0x9EDD, 0x9EDD,
    0x9EDD, 0xA6DD, 0xA6DD, 0x9EDD, 0x96BC, 0x96BC, 0x8E9C, 0x96BC, 0x96BC, 0x96BD, 0x9EBD, 0x8E9C,
    0x969C, 0x96BC, 0xA6DD, 0xB6FE, 0x869C, 0x7E7B, 0x869C, 0x869C, 0x867C, 0x869C, 0x8E9C, 0x96BD,
    0x96BD, 0x96BD, 0x8E9C, 0x867C, 0x867C, 0x867C, 0x867C, 0x869C, 0x869C, 0x869C, 0x869C, 0x869C,
    0x869C, 0x869C, 0x869C, 0x869C, 0x869C, 0x8E9C, 0x8E9C, 0x869C, 0x869C, 0x869C, 0x8EBC, 0x8EBC,
    0x8EBC, 0x8EBC, 0x8E9C, 0x8EBC, 0x8EBC, 0x8EBC, 0x8EBC, 0x8EBD, 0x8EBC, 0x8EBC, 0x8EBC, 0x8EBC,
    0x44B8, 0x3C97, 0x3CB8, 0x3CB8, 0x3CB8, 0x3CB8, 0x44F8, 0x4D18, 0x5D59, 0x5D59, 0x6DDB, 0x8E5C,
    0x75DA, 0x44D8, 0x3CB8, 0x3C97, 0x2C77, 0x2C77, 0x3497, 0x3CB8, 0x3CB7, 0x3CB7, 0x2C77, 0x2C77,
    0x2C77, 0x2C77, 0x2C77, 0x3477, 0x3497, 0x3497, 0x3497, 0x3497, 0x3497, 0x34B7, 0x34B7, 0x34B7,
    0x34B7, 0x34B7, 0x34B7, 0x34B7, 0x34B7, 0x34B8, 0x3CB8, 0x3CD8, 0x44D8, 0x34B7, 0x34B8, 0x34B8,
    0x34B7, 0x3CB8, 0x3CB8, 0x3CD8, 0x3CD8, 0x3CD7, 0x3CD8, 0x44D8, 0x44D8, 0x44D8, 0x44D8, 0x44F8,
    0x44F8, 0x44F8, 0x44F8, 0x44F8, 0x44F8, 0x44F8, 0x44F8, 0x44F8, 0x44F8, 0x4518, 0x44F8, 0x4518,
    0x4518, 0x4518, 0x4518, 0x4518, 0x4518, 0x4518, 0x4D38, 0x4D18, 0x4D38, 0x4D39, 0x4D39, 0x4D39,
    0x4D59, 0x5559, 0x4D59, 0x5559, 0x4D59, 0x4D59, 0x4D59, 0x4D59, 0x4D59, 0x4D59, 0x4D59, 0x4D59,
    0x5559, 0x5559, 0x5559, 0x5559, 0x4D59, 0x5559, 0x5579, 0x5579, 0x5579, 0x5579, 0x5579, 0x5579,
    0x5579, 0x5599, 0x5599, 0x5599, 0x5599, 0x5599, 0x5599, 0x5599, 0x5599, 0x5599, 0x559A, 0x559A,
    0x55BA, 0x5DBA, 0x5DBA, 0x5DBA, 0x5DBA, 0x5DBA, 0x55BA, 0x5DBA, 0x5DBA, 0x5DDA, 0x5DDA, 0x5DDA,
    0x5DDA, 0x5DDA, 0x5DDA, 0x5DDA, 0x5DDA, 0x5DFA, 0x5DFA, 0x5DFA, 0x65FA, 0x65FB, 0x763B, 0xB6FD,
    0xDF7F, 0xCF5E, 0xB6FD, 0xC73E, 0xBF1E, 0xA6DD, 0xA6FD, 0xA6DD, 0xA6DD, 0xA6DD, 0xA6DD, 0x8E9C,
    0x6E3B, 0x6E3B, 0x6E3B, 0x6E3B, 0x661B, 0xCF5E, 0xFFDF, 0xF7BF, 0xF7BF, 0xEFBF, 0xEFBF, 0xC73E,
    0xA6DD, 0xA6FE, 0xA6DD, 0x8E9C, 0x96BD, 0x9EBD, 0x9EDD, 0x8E9C, 0x8E9C, 0x8E9C, 0x8E9C, 0x9EBD,
    0x96BD, 0x96BD, 0x9EBD, 0x9EBD, 0x8E9C, 0x869C, 0x867C, 0x7E7B, 0x869C, 0x8E9C, 0x969C, 0x96BC,
    0x9EDD, 0x9EBD, 0x9EDD, 0xAEFD, 0x867C, 0x869C, 0x8E9C, 0x8E9C, 0x7E7C, 0x7E7C, 0x867C, 0x8E9C,
    0x8E9C, 0x8E9C, 0x8E9C, 0x869C, 0x867C, 0x867C, 0x869C, 0x869C, 0x869C, 0x869C, 0x869C, 0x869C,
    0x869C, 0x869C, 0x869C, 0x869C, 0x869C, 0x8EBC, 0x8EBC, 0x8E9C, 0x8EBC, 0x8EBC, 0x8E9C, 0x8EBC,
    0x8EBC, 0x8EBC, 0x8EBC, 0x8EBC, 0x8EBC, 0x8EBC, 0x8EBC, 0x8EBC, 0x8EBC, 0x8EBC, 0x96DC, 0x96DC,
    0x5539, 0x5539, 0x44D8, 0x44D8, 0x44D8, 0x44F8, 0x4CF8, 0x4D19, 0x5D39, 0x5D5A, 0x75DB, 0x863C,
    0x5D59, 0x44F8, 0x44F8, 0x3497, 0x3477, 0x3477, 0x2C77, 0x2C77, 0x2C77, 0x2C77, 0x2C77, 0x2C77,
    0x3477, 0x3477, 0x3497, 0x3497, 0x3497, 0x3497, 0x3497, 0x3497, 0x3497, 0x3497, 0x34B7, 0x34B7,
    0x34B7, 0x34B7, 0x34D7, 0x34D8, 0x34B8, 0x34B8, 0x44F8, 0x5559, 0x44F8, 0x34B7, 0x3CB8, 0x3CB7,
    0x3CB8, 0x34B7, 0x3CB8, 0x3CD8, 0x3CD8, 0x3CD7, 0x44D8, 0x3CD8, 0x44F8, 0x44F8, 0x44F8, 0x44F8,
    0x44F8, 0x44F8, 0x44F8, 0x4518, 0x44F8, 0x4518, 0x4518, 0x4D18, 0x4518, 0x4D18, 0x4D18, 0x4D18,
    0x4D18, 0x4D18, 0x4518, 0x4518, 0x4518, 0x4D38, 0x4D38, 0x4D18, 0x4D18, 0x4D18, 0x4D18, 0x4D38,
    0x4D38, 0x4D39, 0x4D39, 0x4D59, 0x5559, 0x5559, 0x5559, 0x5579, 0x5559, 0x5559, 0x5559, 0x5579,
    0x5579, 0x5579, 0x5579, 0x5579, 0x5579, 0x5579, 0x5579, 0x5579, 0x5579, 0x5579, 0x5579, 0x5599,
    0x5599, 0x5599, 0x5599, 0x5599, 0x5599, 0x5599, 0x559A, 0x559A, 0x559A, 0x559A, 0x55BA, 0x5DBA,
    0x5DBA, 0x5DBA, 0x5DB9, 0x5DBA, 0x5DBA, 0x5DBA, 0x5DDA, 0x5DDA, 0x5DDA, 0x5DDA, 0x5DDA, 0x5DDA,
    0x5DDA, 0x5DDA, 0x5DDA, 0x5DDA, 0x5DFA, 0x5DFA, 0x65FA, 0x661A, 0x65FA, 0x661B, 0x969C, 0xB6FD,
    0xD77F, 0xC73E, 0x8E9C, 0x969C, 0xA6DD, 0x9EDD, 0x96BD, 0x9EBD, 0xA6DD, 0x96BC, 0x96BD, 0x867C,
    0x765B, 0x6E3B, 0x6E3B, 0x663B, 0x765B, 0xDF9F, 0xFFDF, 0xEFBF, 0xF7DF, 0xEFBF, 0xDF7F, 0xC73E,
    0xBF1E, 0xAEDD, 0xA6FD, 0x969D, 0x8E9C, 0x8E9C, 0x8E9C, 0x7E5C, 0x7E5B, 0x765B, 0x7E7C, 0x8E9C,
    0x869C, 0x867C, 0x7E7B, 0x8E9C, 0x869C, 0x7E7B, 0x7E7C, 0x7E5B, 0x7E5B, 0x7E7B, 0x8E9C, 0x9EBD,
    0x9EDD, 0xA6DD, 0x8EBC, 0x8E9C, 0x869C, 0x867C, 0x869C, 0x869C, 0x867C, 0x869C, 0x867C, 0x869C,
    0x867C, 0x869C, 0x869C, 0x869C, 0x869C, 0x869C, 0x869C, 0x869C, 0x869C, 0x869C, 0x869C, 0x869C,
    0x869C, 0x8EBC, 0x8EBC, 0x8EBC, 0x8EBC, 0x8EBC, 0x8EBC, 0x8EBC, 0x8EBC, 0x8EBC, 0x8EBC, 0x8EBC,
    0x8EBC, 0x8EBC, 0x8EBC, 0x8EBC, 0x8EBC, 0x8EBC, 0x8EBC, 0x96BC, 0x96DC, 0x96DC, 0x96DC, 0x96DD,
    0x6D9A, 0x6DBA, 0x4CF8, 0x4CF8, 0x44D8, 0x4CF8, 0x5539, 0x5539, 0x5D5A, 0x659A, 0x75DA, 0x75DB,
    0x5539, 0x44F8, 0x3CB7, 0x3CD8, 0x3CD8, 0x3497, 0x3497, 0x3477, 0x3497, 0x3497, 0x3497, 0x3497,
    0x3497, 0x3497, 0x3497, 0x3497, 0x3497, 0x3497, 0x3497, 0x3497, 0x3497, 0x34B7, 0x34B8, 0x34D8,
    0x34D8, 0x34D8, 0x34D8, 0x34D8, 0x34B8, 0x3CD8, 0x5D79, 0x659A, 0x3CD8, 0x3CD8, 0x3CD8, 0x3CF8,
    0x44F8, 0x4D18, 0x44F8, 0x44F8, 0x44F8, 0x3CD8, 0x44D8, 0x44F8, 0x44F8, 0x44F8, 0x44F8, 0x44F8,
    0x44F8, 0x4518, 0x44F8, 0x4518, 0x4D18, 0x4D18, 0x4D18, 0x4D18, 0x4D19, 0x4D18, 0x4D18, 0x4D18,
    0x4D18, 0x4D38, 0x4D38, 0x4D18, 0x4D38, 0x4D38, 0x4D18, 0x4D38, 0x4D38, 0x4D38, 0x4D39, 0x4D38,
    0x4D38, 0x4D39, 0x4D39, 0x4D38, 0x4D39, 0x4D59, 0x4D59, 0x5579, 0x5559, 0x5579, 0x5579, 0x5579,
    0x5579, 0x5579, 0x5579, 0x5579, 0x5579, 0x5579, 0x5579, 0x5579, 0x5579, 0x557A, 0x5579, 0x5599,
    0x5599, 0x5599, 0x55B9, 0x559A, 0x55BA, 0x559A, 0x559A, 0x55BA, 0x55BA, 0x55BA, 0x55BA, 0x5DBA,
    0x5DBA, 0x5DBA, 0x5DBA, 0x5DBA, 0x5DDA, 0x5DDA, 0x5DDA, 0x5DDA, 0x5DDA, 0x5DDA, 0x5DDA, 0x5DDA,
    0x5DDA, 0x5DFA, 0x5DDA, 0x5DDA, 0x65FA, 0x65FB, 0x6E1B, 0x6E1B, 0x65FA, 0x5DFA, 0x969C, 0xDF9F,
    0xE79F, 0xC71E, 0x8E9C, 0x8E9C, 0x96BD, 0x7E5C, 0x6E3B, 0x763B, 0x969D, 0x867C, 0x765B, 0x7E5C,
    0x7E7B, 0x765B, 0x6E3B, 0x6E3B, 0xB71D, 0xDF9F, 0xE79F, 0xF7BF, 0xEFBF, 0xDF9F, 0xDF7F, 0xE79F,
    0xD77E, 0xBF1E, 0xAEFE, 0x96BD, 0x869C, 0x9EBD, 0x8E9C, 0x7E7B, 0x86BC, 0x767C, 0x867C, 0x8E9C,
    0x867C, 0x7E7B, 0x7E5C, 0x7E7B, 0x7E7B, 0x7E7B, 0x7E7B, 0x7E7B, 0x7E7B, 0x7E7B, 0x7E7B, 0x96BC,
    0x8EBC, 0x96BC, 0x96BC, 0x96BD, 0x8E9C, 0x869C, 0x869C, 0x869C, 0x867C, 0x869C, 0x869C, 0x869C,
    0x869C, 0x869C, 0x869C, 0x869C, 0x869C, 0x869C, 0x869C, 0x869C, 0x869C, 0x869C, 0x869C, 0x8EBC,
    0x8EBC, 0x8EBC, 0x8EBC, 0x8EBC, 0x8EBC, 0x8EBC, 0x8EBC, 0x8EBC, 0x8EBC, 0x8EBC, 0x8EBC, 0x8EBC,
    0x8EBC, 0x8EBC, 0x8EBC, 0x8EBC, 0x8EBC, 0x96DC, 0x96DC, 0x96DC, 0x96DC, 0x96DC, 0x96DC, 0x96DC,
    0x861B, 0x863B, 0x5D59, 0x6D9A, 0x5D39, 0x657A, 0x657A, 0x5D59, 0x657A, 0x6DBA, 0x6DBA, 0x6D9A,
    0x5D79, 0x4D19, 0x3497, 0x3CD9, 0x44F9, 0x3497, 0x3497, 0x3497, 0x3497, 0x3497, 0x3497, 0x3497,
    0x3497, 0x3497, 0x34B7, 0x3497, 0x34B7, 0x34B7, 0x34B7, 0x34B7, 0x34B8, 0x34B8, 0x34B8, 0x34D8,
    0x34D8, 0x34D8, 0x34D8, 0x3CD8, 0x34D8, 0x3CF8, 0x5D9A, 0x5559, 0x3CD8, 0x44F8, 0x44F8, 0x44F8,
    0x4518, 0x5D79, 0x659A, 0x5559, 0x44F8, 0x44F8, 0x3CF8, 0x3CF8, 0x3CF8, 0x3CF8, 0x44F8, 0x44F8,
    0x4518, 0x4518, 0x4D18, 0x4D19, 0x4D39, 0x4D39, 0x4D39, 0x4D39, 0x4D38, 0x4D18, 0x4D38, 0x4D38,
    0x4D38, 0x4D38, 0x4D38, 0x4D38, 0x4D38, 0x4D38, 0x4D39, 0x4D39, 0x4D39, 0x4D39, 0x4D39, 0x4D39,
    0x4D39, 0x4D39, 0x4D59, 0x4D59, 0x4D59, 0x4D59, 0x4D59, 0x4D59, 0x4D59, 0x5579, 0x5579, 0x5559,
    0x5579, 0x5599, 0x5579, 0x5579, 0x5599, 0x5599, 0x5579, 0x5599, 0x5599, 0x559A, 0x5599, 0x5D99,
    0x5D99, 0x5D9A, 0x55BA, 0x55BA, 0x5DBA, 0x5DBA, 0x5DBA, 0x5DBA, 0x5DBA, 0x5DBA, 0x5DBA, 0x5DDA,
    0x5DDA, 0x5DDA, 0x5DDA, 0x5DDA, 0x5DDA, 0x5DDA, 0x5DDA, 0x5DFA, 0x5DDA, 0x5DDA, 0x65FA, 0x65DA,
    0x65FA, 0x6E1B, 0x661B, 0x65FA, 0x65FA, 0x6E1B, 0x6E1B, 0x661A, 0x865C, 0x8E7C, 0x8E9C, 0xCF5E,
    0xDF7F, 0xC73E, 0x8E9C, 0x7E5C, 0x867C, 0x6E3B, 0x6E3B, 0x663B, 0x6E3B, 0x763B, 0x765B, 0x867C,
    0x869C, 0x7E7C, 0x765B, 0x6E3B, 0x867C, 0x9EBD, 0xCF5F, 0xEFBF, 0xEFBF, 0xDF7F, 0xCF5F, 0xC71E,
    0xBF3E, 0xBF1E, 0xAEFE, 0xA6DD, 0x9EBD, 0x9EBD, 0x8E9C, 0x7E5B, 0x8EFE, 0x86FE, 0x867C, 0x96BD,
    0x8E9C, 0x867C, 0x7E7C, 0x7E7B, 0x7E7C, 0x7E7B, 0x7E7B, 0x7E7B, 0x7E7C, 0x7E7C, 0x7E9C, 0x8EBD,
    0x867C, 0x7E7C, 0x867C, 0x869C, 0x869C, 0x869C, 0x869C, 0x869C, 0x869C, 0x869C, 0x869C, 0x869C,
    0x869C, 0x869C, 0x869C, 0x869C, 0x869C, 0x869C, 0x869C, 0x869C, 0x869C, 0x86BC, 0x8EBC, 0x8EBC,
    0x8EBC, 0x8EBC, 0x8EBC, 0x8EBC, 0x8EBC, 0x8EBC, 0x8EBC, 0x8EBC, 0x8EBC, 0x8EBC, 0x8EBC, 0x8EBC,
    0x96DC, 0x96DC, 0x96DC, 0x96BC, 0x96DC, 0x96DD, 0x96DC, 0x96DD, 0x96DD, 0x96DD, 0x96DD, 0x96DC,
    0x969D, 0x861B, 0x6DBA, 0x863B, 0x863C, 0x863C, 0x75DB, 0x6DBA, 0x6DDA, 0x75DB, 0x75DB, 0x75DB,
    0x6DBA, 0x5539, 0x3CD8, 0x34D9, 0x3CD9, 0x3497, 0x44D8, 0x3CB8, 0x34B7, 0x3497, 0x3497, 0x3497,
    0x34B7, 0x3CD8, 0x34B7, 0x34B7, 0x34B7, 0x34B7, 0x34B7, 0x34B8, 0x34B8, 0x34B8, 0x34B8, 0x34D8,
    0x3CD8, 0x3CD8, 0x3CD8, 0x3CD8, 0x3CF8, 0x3CF8, 0x44F8, 0x3CF8, 0x3CD8, 0x4D18, 0x5539, 0x44F8,
    0x4D19, 0x4D39, 0x5D7A, 0x5559, 0x4D18, 0x44F8, 0x3CF8, 0x44F8, 0x44F8, 0x44F8, 0x44F8, 0x4518,
    0x4D18, 0x4D38, 0x4D39, 0x5539, 0x4D39, 0x4D59, 0x5559, 0x5539, 0x4D39, 0x4D39, 0x4D39, 0x4D38,
    0x4D38, 0x4D38, 0x4D38, 0x4D39, 0x4D39, 0x4D39, 0x4D39, 0x4D39, 0x4D39, 0x4D39, 0x4D39, 0x4D59,
    0x4D58, 0x4D59, 0x4D59, 0x4D59, 0x5559, 0x4D59, 0x5559, 0x4D59, 0x4D59, 0x4D59, 0x5559, 0x5579,
    0x5579, 0x5579, 0x5579, 0x559A, 0x559A, 0x559A, 0x5599, 0x5599, 0x5D9A, 0x5D9A, 0x5599, 0x5DBA,
    0x5DBA, 0x5DBA, 0x5DBA, 0x5DBA, 0x5DBA, 0x5DDA, 0x5DBA, 0x5DBA, 0x5DBA, 0x5DBA, 0x65DA, 0x5DBA,
    0x5DDA, 0x65DA, 0x65FA, 0x65DA, 0x65DA, 0x65DA, 0x5DFA, 0x5DDA, 0x5DDA, 0x65FA, 0x65FA, 0x6E1B,
    0x763B, 0x763B, 0x6E1B, 0x661A, 0x661A, 0x763B, 0x763B, 0x6E1A, 0x969C, 0xC73E, 0xCF5E, 0xCF5E,
    0xD75E, 0xB6FD, 0x765B, 0x661B, 0x6E3B, 0x6E3B, 0x6E3B, 0x6E3B, 0x6E3B, 0x6E3B, 0x867C, 0x96BC,
    0x9EBD, 0x96BC, 0x9EDD, 0x8E9C, 0x969D, 0xB71D, 0xD77F, 0xDF7F, 0xD77F, 0xD77F, 0xBF1E, 0xA6DD,
    0xA6DD, 0xB6FE, 0xAEFE, 0xA6DD, 0xA6DD, 0x9EDD, 0x96BD, 0x869C, 0x869C, 0x8E9C, 0x8E9C, 0x96BC,
    0x8EBC, 0x869C, 0x7E7C, 0x7E7C, 0x7E7C, 0x7E7C, 0x7E7C, 0x7E7C, 0x7E7C, 0x7E7C, 0x869C, 0x86BD,
    0x867C, 0x867C, 0x869C, 0x867C, 0x869C, 0x869C, 0x869C, 0x869C, 0x869C, 0x869C, 0x869C, 0x869C,
    0x869C, 0x869C, 0x869C, 0x869C, 0x86BC, 0x8E9C, 0x869C, 0x8EBC, 0x8EBC, 0x8EBC, 0x8EBC, 0x8EBC,
    0x8EBC, 0x8EBC, 0x8EBC, 0x8EBC, 0x8EBC, 0x8EBD, 0x8EDC, 0x8EBC, 0x8EBC, 0x96BC, 0x96DC, 0x96DD,
    0x96DD, 0x96DD, 0x96DC, 0x96DC, 0x96DC, 0x96DD, 0x96DD, 0x96DD, 0x96DD, 0x96DD, 0x96DD, 0x96DD,
    0x96DE, 0x6DBA, 0x5D5A, 0x5D7A, 0x657A, 0x75DA, 0x75DB, 0x861B, 0x7DFA, 0x7DFB, 0x861B, 0x861B,
    0x75BA, 0x6579, 0x6579, 0x4D18, 0x4D39, 0x3CD8, 0x5D59, 0x6579, 0x3CD8, 0x3497, 0x3497, 0x5539,
    0x8E3B, 0x6D79, 0x3497, 0x34B8, 0x34B8, 0x34B8, 0x34B8, 0x34B8, 0x34B8, 0x34B8, 0x3CD8, 0x3CD8,
    0x3CD8, 0x3CF8, 0x3CF8, 0x3CF8, 0x3CF7, 0x44F7, 0x3CF8, 0x3CF8, 0x44F8, 0x5539, 0x5559, 0x4D18,
    0x5539, 0x5579, 0x5559, 0x4D18, 0x4518, 0x4518, 0x44F8, 0x44F8, 0x44F8, 0x4518, 0x4D38, 0x5539,
    0x5559, 0x5559, 0x5579, 0x5559, 0x5559, 0x5559, 0x5559, 0x5559, 0x4D58, 0x4D38, 0x4D39, 0x4D39,
    0x4D39, 0x4D39, 0x4D39, 0x4D39, 0x4D39, 0x4D39, 0x4D39, 0x4D39, 0x4D59, 0x4D59, 0x5559, 0x5559,
    0x5559, 0x5559, 0x5559, 0x5559, 0x5559, 0x5559, 0x5579, 0x5559, 0x5559, 0x5579, 0x5579, 0x5579,
    0x5579, 0x5579, 0x5579, 0x5579, 0x5599, 0x5D99, 0x5D99, 0x5D99, 0x5DBA, 0x5D9A, 0x5DBA, 0x5DBA,
    0x5DBA, 0x5DB9, 0x5DBA, 0x5DBA, 0x5DBA, 0x5DDA, 0x5DDA, 0x5DDA, 0x5DBA, 0x5DDA, 0x65DA, 0x5DDA,
    0x65DA, 0x65DA, 0x65DA, 0x65DA, 0x65DA, 0x65FA, 0x65FB, 0x65FA, 0x661A, 0x65FA, 0x65FA, 0x7E3B,
    0x865B, 0x763B, 0x6E1B, 0x6E1B, 0x6E1B, 0x763B, 0x7E5C, 0x763B, 0x969C, 0xBF1E, 0xC73E, 0xBF1E,
    0xCF3E, 0x8E9C, 0x661B, 0x6E3B, 0x663B, 0x6E3B, 0x6E3B, 0x6E3B, 0x6E3B, 0x7E5C, 0x9EDD, 0xAEFD,
    0xAEFD, 0xBF3E, 0xE79F, 0xC71E, 0xB6FE, 0xD77E, 0xC73E, 0xBF1E, 0xBF1E, 0xB6FD, 0xA6DD, 0xA6FE,
    0xAF7F, 0xA6FE, 0xA6DD, 0xA6DD, 0xA6DD, 0xA6FD, 0x96BD, 0x8E9C, 0x8E9C, 0x8E9C, 0x8EBC, 0x8E9C,
    0x869C, 0x7E7C, 0x7E7C, 0x7E7C, 0x7E7C, 0x7E7C, 0x7E7C, 0x867C, 0x867C, 0x867C, 0x867C, 0x867B,
    0x867C, 0x869C, 0x869C, 0x869C, 0x869C, 0x869C, 0x869C, 0x869C, 0x869C, 0x869C, 0x869C, 0x869C,
    0x869C, 0x869C, 0x869C, 0x8EBC, 0x8EBC, 0x8EBC, 0x8EBC, 0x8EBC, 0x8EBC, 0x8EBC, 0x8EBC, 0x8EBC,
    0x8EBC, 0x8EBC, 0x8EBC, 0x8EBC, 0x8EBC, 0x8EDC, 0x96DC, 0x8EDC, 0x96DD, 0x96DC, 0x96DD, 0x96DC,
    0x96DC, 0x96DD, 0x96DC, 0x96DC, 0x96DC, 0x96DD, 0x96DD, 0x96DD, 0x96FD, 0x96FD, 0x96FD, 0x9EFD,
    0x9EBE, 0x6DBB, 0x555A, 0x555A, 0x4D19, 0x5D59, 0x657A, 0x5539, 0x5D59, 0x7DDA, 0x7DFB, 0x7DDA,
    0x75BA, 0x75BA, 0x8E3B, 0x6DBA, 0x4CF8, 0x5D39, 0x8E3B, 0x6D9A, 0x3CB7, 0x44D8, 0x3CD8, 0x5559,
    0x5D59, 0x3CD8, 0x34B7, 0x34B8, 0x34B8, 0x3CD8, 0x3CD8, 0x3CD7, 0x3CD8, 0x3CD8, 0x3CD8, 0x3CD8,
    0x3CD8, 0x3CF8, 0x3CF8, 0x3CF8, 0x3CF8, 0x3CF8, 0x4518, 0x4D18, 0x5539, 0x659A, 0x6DDA, 0x4D39,
    0x5559, 0x5D7A, 0x5559, 0x5D79, 0x65BA, 0x75FA, 0x75DA, 0x6DDA, 0x5D99, 0x4D38, 0x5559, 0x5579,
    0x5D79, 0x5D79, 0x5D79, 0x5D79, 0x5559, 0x5559, 0x5559, 0x5559, 0x5559, 0x5559, 0x5539, 0x4D39,
    0x4D39, 0x4D39, 0x4D39, 0x4D59, 0x4D58, 0x4D59, 0x4D59, 0x4D59, 0x5559, 0x5559, 0x5579, 0x5559,
    0x5579, 0x5579, 0x5579, 0x5579, 0x5559, 0x5579, 0x5579, 0x5579, 0x5579, 0x5579, 0x5579, 0x5579,
    0x5579, 0x5599, 0x5599, 0x5599, 0x5599, 0x5D99, 0x5D99, 0x5D9A, 0x5D99, 0x5DBA, 0x5DBA, 0x5DBA,
    0x5DBA, 0x5DBA, 0x5DBA, 0x5DDA, 0x5DDA, 0x5DDA, 0x5DDA, 0x5DDA, 0x5DDA, 0x5DDA, 0x5DDA, 0x5DDA,
    0x5DDA, 0x5DDA, 0x65FA, 0x65DA, 0x65FA, 0x65FA, 0x65FA, 0x65FA, 0x65FA, 0x6DFA, 0x6E1A, 0x7E3B,
    0x867C, 0x763B, 0x661B, 0x6E1B, 0x763B, 0x7E5B, 0x7E7C, 0x8E7C, 0xB6FD, 0xCF5E, 0xB6FD, 0x867C,
    0x9EDD, 0x9EBD, 0x765B, 0x6E3B, 0x6E3B, 0x6E3B, 0x6E3B, 0x663B, 0x765B, 0xAEFD, 0xC73E, 0xC73E,
    0xCF5F, 0xD77F, 0xDF7F, 0xDF9F, 0xC73E, 0xBF1E, 0xAEDD, 0xA6FD, 0xA6DD, 0xA6DD, 0xA6DD, 0xA77F,
    0xA73E, 0xA6DD, 0xA6DE, 0xA6DD, 0xA6DD, 0xA6DD, 0x9EDD, 0x9EDD, 0x96BC, 0x96BD, 0x96BD, 0x869C,
    0x7E7C, 0x7E7C, 0x869C, 0x869C, 0x867C, 0x867C, 0x869C, 0x869C, 0x869C, 0x869C, 0x869C, 0x869C,
    0x869C, 0x8E9C, 0x8E9C, 0x869C, 0x869C, 0x869C, 0x869C, 0x869C, 0x869C, 0x869C, 0x8EBC, 0x8EBC,
    0x8EBC, 0x8EBC, 0x8EBC, 0x8EBC, 0x8EBC, 0x8EBC, 0x8EBC, 0x8EBC, 0x8EBC, 0x8EBC, 0x8EBC, 0x8EBC,
    0x8EBC, 0x8EBC, 0x8EDC, 0x96DC, 0x96DC, 0x96DC, 0x96DC, 0x96DD, 0x96DD, 0x96DD, 0x96DC, 0x96DC,
    0x96DC, 0x96DC, 0x96DC, 0x96DD, 0x96FD, 0x96FD, 0x9EFD, 0x96FD, 0x96FD, 0x9EFD, 0x96DD, 0xAF1D,
    0x75FB, 0x5D7A, 0x553A, 0x4D19, 0x4D39, 0x659B, 0x555A, 0x451A, 0x555A, 0x861B, 0x861B, 0x85FB,
    0x85FB, 0x8E3B, 0x967C, 0x6D9A, 0x4CF8, 0x6DBA, 0x8E3C, 0x75DA, 0x75DA, 0x4D19, 0x44F8, 0x3CB8,
    0x3497, 0x34B7, 0x3CB8, 0x3CD8, 0x3CD8, 0x3CD8, 0x3CD8, 0x3CD8, 0x3CD7, 0x3CD8, 0x3CD8, 0x3CD8,
    0x3CD8, 0x3CD8, 0x4518, 0x44F8, 0x44F8, 0x4D18, 0x6DBA, 0x75DA, 0x761B, 0x863C, 0x863C, 0x659A,
    0x5D79, 0x6599, 0x65BA, 0x75FB, 0x8E5C, 0x967C, 0x8E5C, 0x865C, 0x5D9A, 0x4D18, 0x5559, 0x5D99,
    0x65BA, 0x65BA, 0x5D79, 0x5D79, 0x5579, 0x5579, 0x5559, 0x5559, 0x5559, 0x5559, 0x4D59, 0x4D39,
    0x4D39, 0x4D39, 0x4D59, 0x4D59, 0x4D59, 0x4D59, 0x4D59, 0x5559, 0x4D59, 0x5559, 0x5579, 0x5579,
    0x5579, 0x5579, 0x5579, 0x5579, 0x5579, 0x5579, 0x5579, 0x5599, 0x5599, 0x5579, 0x5599, 0x5599,
    0x5599, 0x5599, 0x5599, 0x5599, 0x5599, 0x5D99, 0x5599, 0x5D99, 0x5DB9, 0x5DBA, 0x5DBA, 0x5DBA,
    0x5DBA, 0x5DBA, 0x5DDA, 0x5DDA, 0x5DDA, 0x5DDA, 0x5DDA, 0x5DDA, 0x5DDA, 0x5DFA, 0x65FA, 0x65DA,
    0x5DFA, 0x65FA, 0x65FA, 0x65FA, 0x65FA, 0x65FA, 0x65FA, 0x65FA, 0x65FA, 0x65FA, 0x6DFB, 0x7E3B,
    0x7E5B, 0x6E1B, 0x661B, 0x6E1B, 0x765B, 0x867C, 0x8E9C, 0xAEDD, 0xC73E, 0xD75E, 0xBF1E, 0x6E3B,
    0x6E3B, 0x6E3B, 0x6E3B, 0x6E3B, 0x6E3B, 0x6E3B, 0x8E9C, 0xAEFD, 0xC73E, 0xE79F, 0xDF7E, 0xDF7F,
    0xDF7F, 0xC75E, 0xCF5E, 0xDF7F, 0xBF1E, 0xAEDE, 0xA6DD, 0xA6DD, 0xA6DD, 0xA6DD, 0xA6DD, 0xA6DD,
    0xA6DD, 0xA6DD, 0xA6DD, 0xA6DD, 0xA6DD, 0xA6DD, 0xA6DD, 0xA6DD, 0x9EDD, 0x96BD, 0x869C, 0x867C,
    0x869C, 0x869C, 0x8E9D, 0x8EBC, 0x869C, 0x869C, 0x869C, 0x869C, 0x869C, 0x869C, 0x869C, 0x8E9C,
    0x8EBC, 0x8E9C, 0x8EBC, 0x8E9C, 0x8E9C, 0x8EBC, 0x8EBC, 0x8EBC, 0x8E9C, 0x8EBC, 0x8EBC, 0x8E9C,
    0x8EBC, 0x8EBC, 0x8EBC, 0x8EBC, 0x8EBC, 0x8EBC, 0x8EBC, 0x8EBC, 0x8EDC, 0x8EBC, 0x8EBC, 0x8EDC,
    0x96DC, 0x96DD, 0x96DC, 0x96DC, 0x96DD, 0x96DD, 0x96DD, 0x96DD, 0x96DD, 0x96DD, 0x96DD, 0x96DD,
    0x96FD, 0x96FD, 0x96FD, 0x96FD, 0x96FD, 0x96FD, 0x96FD, 0x9EFD, 0x9EFD, 0x96FD, 0x9EFD, 0xA71D,
    0x75FB, 0x659A, 0x5539, 0x5D7A, 0x863D, 0x8E5D, 0x555A, 0x555A, 0x7E1C, 0x9E7D, 0xA67C, 0xA69C,
    0x967C, 0x965C, 0x967C, 0x6DBA, 0x5539, 0x75DB, 0x7E1B, 0x969C, 0x7DFB, 0x5538, 0x5538, 0x4CF8,
    0x3CF8, 0x3CD8, 0x3CD8, 0x3CD8, 0x3CF8, 0x44F8, 0x44F8, 0x44F8, 0x44F8, 0x3CF8, 0x3CF8, 0x3CD8,
    0x44F8, 0x4D18, 0x4D39, 0x4518, 0x5559, 0x5D9A, 0x7E1B, 0x8E5B, 0x8E7C, 0x8E5C, 0x8E5C, 0x7DFB,
    0x659A, 0x5D79, 0x6599, 0x75FB, 0x965B, 0x967C, 0x8E5C, 0x863B, 0x5D79, 0x5559, 0x6DBA, 0x6DDA,
    0x65BA, 0x65BA, 0x5D79, 0x5D9A, 0x5D79, 0x5579, 0x5559, 0x5559, 0x5559, 0x5559, 0x4D59, 0x4D59,
    0x4D59, 0x4D59, 0x5559, 0x5559, 0x5559, 0x5559, 0x5559, 0x5559, 0x5559, 0x5579, 0x5579, 0x5579,
    0x5579, 0x5579, 0x5599, 0x5599, 0x5599, 0x5579, 0x5D79, 0x5599, 0x5599, 0x5D99, 0x5D99, 0x5D99,
    0x5D99, 0x5D99, 0x5D99, 0x5D99, 0x5D9A, 0x5D9A, 0x5D99, 0x5DB9, 0x5DB9, 0x5DB9, 0x5DBA, 0x5DBA,
    0x5DDA, 0x5DDA, 0x5DDA, 0x5DDA, 0x5DDA, 0x5DDA, 0x5DDA, 0x5DDA, 0x5DDA, 0x65FA, 0x65FA, 0x65FA,
    0x65FA, 0x65FA, 0x65FA, 0x65FA, 0x65FA, 0x65FA, 0x65FB, 0x661B, 0x65FB, 0x661B, 0x6E1B, 0x763B,
    0x6E3B, 0x6E3B, 0x6E1B, 0x6E3B, 0x7E5B, 0x8E9C, 0xA6DD, 0xB6FD, 0xC73E, 0xCF5E, 0xBF1E, 0x765B,
    0x6E3B, 0x6E3B, 0x6E3B, 0x6E3B, 0x763B, 0x6E3B, 0x9EDD, 0xDF7F, 0xEFBF, 0xEFBF, 0xE79F, 0xE79F,
    0xDF9F, 0xC73F, 0xB71E, 0xB71E, 0xAEFD, 0xA6DE, 0xA6DD, 0xA6DD, 0x9EDD, 0x96BC, 0x8E9C, 0x96BC,
    0xA6DD, 0xA6DD, 0xA6DD, 0xA6DD, 0xA6DD, 0xA6DD, 0xA6DD, 0xA6DD, 0x96BD, 0x869C, 0x869C, 0x7E7C,
    0x86BC, 0x9EDD, 0x96DD, 0x96BD, 0x8EBC, 0x86BC, 0x869C, 0x869C, 0x869C, 0x8E9C, 0x8EBD, 0x96BC,
    0x8EBC, 0x8EBC, 0x8EBC, 0x8EBC, 0x8EBC, 0x8E9C, 0x8EBC, 0x8EBC, 0x8EBC, 0x8EBC, 0x8EBC, 0x8EBC,
    0x8EBC, 0x8EBC, 0x8EBC, 0x8EBC, 0x8EBC, 0x8EBC, 0x8EBC, 0x8EBC, 0x8EBC, 0x8EBC, 0x96DC, 0x8EDC,
    0x96DD, 0x96DC, 0x96DC, 0x96DC, 0x96DD, 0x96DD, 0x96DD, 0x96FD, 0x96DD, 0x96DD, 0x96DD, 0x96FD,
    0x96FD, 0x96FD, 0x96FD, 0x96FD, 0x9EFD, 0x9EFD, 0x9EFD, 0x9EFD, 0x9EFD, 0x9EFD, 0xAF3D, 0x9F1D,
    0x8E5C, 0x863C, 0x6DBA, 0x8E7D, 0xA6DE, 0x7DFC, 0x555A, 0x65BB, 0x9E9D, 0xA69C, 0xA69C, 0x9E9C,
    0x967C, 0x969C, 0x8E7C, 0x75DA, 0x6579, 0x6599, 0x6579, 0x6579, 0x5D59, 0x6579, 0x5D59, 0x4D38,
    0x3CF8, 0x3CF8, 0x4D18, 0x4D39, 0x5539, 0x5D59, 0x5538, 0x5539, 0x4D38, 0x4D18, 0x4D18, 0x44F8,
    0x4D18, 0x5539, 0x4D39, 0x4D38, 0x5D79, 0x65BA, 0x6DBA, 0x861B, 0x863B, 0x8E5B, 0x8E5B, 0x863C,
    0x75DA, 0x5D79, 0x5D99, 0x75DA, 0x965C, 0x967C, 0x8E5C, 0x65BA, 0x4D39, 0x65BA, 0x7E1B, 0x75FB,
    0x65DA, 0x6DDA, 0x6DDA, 0x659A, 0x5579, 0x5579, 0x5579, 0x5559, 0x5579, 0x5579, 0x5559, 0x5559,
    0x5579, 0x5579, 0x5579, 0x5579, 0x5559, 0x5559, 0x5559, 0x5579, 0x5579, 0x5579, 0x5579, 0x5579,
    0x5579, 0x5599, 0x5599, 0x5D99, 0x5D99, 0x5D99, 0x5D99, 0x5D99, 0x5D99, 0x5D99, 0x5D99, 0x5D9A,
    0x5D9A, 0x5DBA, 0x5DBA, 0x5DB9, 0x5DBA, 0x5DB9, 0x5DBA, 0x5DBA, 0x5DBA, 0x5DBA, 0x5DBA, 0x5DBA,
    0x5DDA, 0x5DDA, 0x5DDA, 0x5DDA, 0x5DDA, 0x65DA, 0x65DA, 0x65FA, 0x65DA, 0x65FA, 0x65FA, 0x65FA,
    0x65FA, 0x65FA, 0x65FA, 0x65FA, 0x65FA, 0x6E1B, 0x6E1B, 0x6E1B, 0x661B, 0x65FB, 0x6E3B, 0x763B,
    0x763B, 0x6E3B, 0x6E3B, 0x6E3B, 0x7E5B, 0x9EBD, 0xB6FD, 0x8E9C, 0x9EDD, 0xD75F, 0xAEFD, 0x765B,
    0x6E3B, 0x6E3B, 0x6E3B, 0x6E3B, 0x765B, 0x765B, 0x7E5C, 0xC73E, 0xF7DF, 0xEFBF, 0xEFBF, 0xDF7F,
    0xCF5F, 0xAEFE, 0xA6FE, 0xA6DD, 0xA6FD, 0xA6FD, 0xA6DE, 0xA6DD, 0x96BD, 0x869C, 0x869C, 0x9EDD,
    0xA6FD, 0x9EDD, 0xA6DD, 0xA6FD, 0xA6DD, 0x9EDD, 0xA6DD, 0x96BD, 0x869C, 0x869C, 0x869C, 0x8EBC,
    0x9EFC, 0xAEFD, 0xA6DD, 0x9EDD, 0x96BD, 0x8EBC, 0x8EBC, 0x8EBC, 0x8EBC, 0x96BD, 0x96DD, 0x96DD,
    0x96BC, 0x8E9C, 0x8EBC, 0x8EBC, 0x8EBC, 0x8EBC, 0x8EBC, 0x96DD, 0x96DD, 0x8EBC, 0x8EBC, 0x8EBC,
    0x8EBC, 0x8EBC, 0x8EBC, 0x8EDD, 0x8EDD, 0x8EBC, 0x96DC, 0x96DC, 0x96DD, 0x96FD, 0x96FD, 0x96FD,
    0x96BC, 0x96DC, 0x96DC, 0x96DD, 0x96DC, 0x96DC, 0x96FD, 0x96FD, 0x96FD, 0x96FD, 0x9EFD, 0x9EFD,
    0x9EDD, 0x9EFD, 0x9EFD, 0x9EFD, 0x9EFD, 0x9EFD, 0x9EFD, 0x9F1D, 0x9EFD, 0xA71D, 0xAF3D, 0x9EFD,
    0x967C, 0x9E7C, 0x9E9C, 0xAEDE, 0x9E9D, 0x7E1C, 0x75FB, 0x659B, 0x8E3B, 0xA69C, 0x9E9C, 0x8E7C,
    0x967C, 0x7E1B, 0x6DBA, 0x7DFB, 0x7DFB, 0x6DBA, 0x6D79, 0x6579, 0x6599, 0x6579, 0x5D59, 0x5538,
    0x4D18, 0x5538, 0x5D79, 0x5D79, 0x659A, 0x6DBA, 0x5D79, 0x5D59, 0x5559, 0x5D59, 0x4D38, 0x4518,
    0x4D18, 0x5559, 0x5D59, 0x4D39, 0x5559, 0x5D79, 0x5579, 0x5D99, 0x75FA, 0x8E5B, 0x8E5B, 0x8E5C,
    0x861B, 0x6DBA, 0x761B, 0x7DFB, 0x8E3B, 0x8E5C, 0x5D79, 0x4518, 0x4538, 0x5D79, 0x659A, 0x65BA,
    0x6DDA, 0x6DDA, 0x65BA, 0x5D9A, 0x5579, 0x5579, 0x5579, 0x5D9A, 0x5579, 0x5579, 0x5579, 0x5579,
    0x5579, 0x5579, 0x5579, 0x5579, 0x5579, 0x5579, 0x5579, 0x5579, 0x5579, 0x5579, 0x5D99, 0x5D99,
    0x5D99, 0x5D99, 0x5D99, 0x5D99, 0x5D99, 0x5D99, 0x5D99, 0x5D99, 0x5DBA, 0x5DBA, 0x5D9A, 0x5D9A,
    0x5DBA, 0x5DBA, 0x5DBA, 0x5DBA, 0x5DBA, 0x5DBA, 0x5DBA, 0x5DDA, 0x5DBA, 0x5DBA, 0x5DDA, 0x5DDA,
    0x5DDA, 0x65DA, 0x65DA, 0x5DDA, 0x65DA, 0x65FA, 0x65FA, 0x65FA, 0x65FA, 0x65FA, 0x65FA, 0x65FA,
    0x65FB, 0x65FB, 0x65FB, 0x65FB, 0x6E1B, 0x763B, 0x763B, 0x6E1B, 0x6E1B, 0x6E1B, 0x7E5B, 0x7E5B,
    0x765B, 0x763B, 0x6E3B, 0x6E3B, 0x6E3B, 0xA6DD, 0xAEFD, 0x765B, 0x6E3B, 0x969C, 0x765B, 0x6E3B,
    0x6E3B, 0x6E5B, 0x765B, 0x765B, 0x765B, 0x765C, 0x7E7C, 0xBF3E, 0xEFBF, 0xF7BF, 0xF7DF, 0xDF7F,
    0xC73E, 0xA6DD, 0xA6DD, 0xA6DD, 0xA6DD, 0xA6DD, 0x9EDD, 0x8EBC, 0x96BC, 0x8EBC, 0x96BC, 0xB71E,
    0xAEFD, 0xBF3E, 0xBF3E, 0xA6DD, 0xAEFD, 0xB71D, 0x9EDD, 0x869C, 0x869C, 0x86BC, 0x8EBC, 0xA71D,
    0xBF3E, 0xBF3E, 0xB77F, 0xAEFD, 0x9EDD, 0x9EDD, 0x9EDD, 0xA6DD, 0xA6FD, 0xA6DD, 0xA6FD, 0xA6FD,
    0xCF7F, 0xE7BF, 0xC77E, 0x869C, 0xAF1D, 0xC77E, 0xAF1E, 0xC75E, 0x9EDD, 0x8EBC, 0x8EBC, 0x8EDC,
    0x8EBC, 0x8EDD, 0x971E, 0x973F, 0x971E, 0x8EDC, 0x96DC, 0x96DC, 0x96FD, 0x9F5F, 0x9F7F, 0x9F7F,
    0x973E, 0x973E, 0x96FD, 0x96DC, 0x96FD, 0x96FD, 0x96FD, 0x96FD, 0x9EFD, 0x9EFD, 0x9EFD, 0x9EFD,
    0x9EFD, 0x9EFD, 0x9F1D, 0x9EFD, 0x9F1D, 0x9F1D, 0x9F1D, 0x9F1D, 0x9EFD, 0xAF3D, 0x9F1D, 0x9F1D,
    0x967C, 0xA69C, 0xAE9C, 0xA69C, 0xA69C, 0xA6BC, 0x965B, 0x6D9A, 0x965C, 0x9E9C, 0x967C, 0x967C,
    0x967C, 0x6DDA, 0x75FB, 0x7E3C, 0x75DA, 0x6579, 0x5D39, 0x5539, 0x4D18, 0x4D18, 0x5538, 0x5559,
    0x5D79, 0x5D79, 0x5D7A, 0x5D7A, 0x6DBA, 0x659A, 0x5D79, 0x5D59, 0x5D79, 0x5D59, 0x4D18, 0x5539,
    0x5559, 0x5559, 0x5D7A, 0x5539, 0x5559, 0x5559, 0x4D59, 0x5559, 0x5D99, 0x7E1B, 0x863B, 0x863B,
    0x7DFB, 0x75FB, 0x7E1B, 0x7E1B, 0x863B, 0x6DDA, 0x4D38, 0x4D59, 0x4D59, 0x5579, 0x5579, 0x5D79,
    0x5D99, 0x5D99, 0x5D99, 0x5DBA, 0x5D9A, 0x5D99, 0x5579, 0x5D9A, 0x5579, 0x5579, 0x5579, 0x5D99,
    0x5D9A, 0x5D99, 0x5579, 0x5579, 0x5579, 0x5599, 0x5579, 0x5599, 0x5D99, 0x5D9A, 0x5D9A, 0x5D99,
    0x5D99, 0x5D99, 0x5D99, 0x5D99, 0x5D9A, 0x5D9A, 0x5DBA, 0x5D9A, 0x5D9A, 0x5DBA, 0x5DBA, 0x5DBA,
    0x5DBA, 0x5DBA, 0x5DBA, 0x5DBA, 0x5DBA, 0x5DBA, 0x5DBA, 0x5DDA, 0x5DDA, 0x5DDA, 0x65DA, 0x5DDA,
    0x65DA, 0x65DA, 0x65DA, 0x65FA, 0x65FA, 0x65FA, 0x65FA, 0x65FA, 0x65FA, 0x65FA, 0x65FA, 0x65FB,
    0x661B, 0x661B, 0x6E1B, 0x6E1B, 0x763B, 0x867C, 0x867C, 0x765B, 0x6E3B, 0x763B, 0x763B, 0x7E5C,
    0x765B, 0x765B, 0x6E3B, 0x6E3B, 0x6E3B, 0x8E9C, 0xA6DD, 0x765B, 0x6E3B, 0x6E3B, 0x765B, 0x765B,
    0x763B, 0x765B, 0x765B, 0x765B, 0x765B, 0x765B, 0x869C, 0x96BC, 0xDF9F, 0xF7DF, 0xDF9F, 0xB71E,
    0xA6FD, 0xA6DD, 0xA6DD, 0xA6DD, 0xAEFD, 0xBF3E, 0xCF7E, 0xCF7E, 0xCF7E, 0xBF3E, 0xA6DD, 0xDF9E,
    0xDF9F, 0xE7BF, 0xE7BF, 0xC75E, 0xB71D, 0xBF3E, 0xA6FD, 0xA71D, 0x8EBC, 0xAEFD, 0xAF1E, 0xBF3E,
    0xC75E, 0xC75E, 0xBF7E, 0xBF5E, 0xB73D, 0xAF1D, 0xB71E, 0xBF3E, 0xBF3E, 0xAF1D, 0xB71D, 0xDFBF,
    0xFFFF, 0xFFFF, 0xFFFF, 0xC75E, 0xEFBF, 0xC75E, 0xAF1D, 0xA6FD, 0x8EBC, 0x96DC, 0x96DC, 0x8EDC,
    0x96DC, 0x9F1E, 0xA75F, 0x9F5F, 0x9F1E, 0x9EDD, 0x96FD, 0x96FD, 0x96DC, 0x96FD, 0x971E, 0x971E,
    0x971E, 0x96FD, 0x96FD, 0x96FD, 0x96FD, 0x96FD, 0x9EFD, 0x9EFD, 0x9EFD, 0x9EFD, 0x9F1D, 0x9EFD,
    0x9EFD, 0x9EFD, 0x9F1D, 0x9F1D, 0x9F1D, 0x9F1D, 0x9F1D, 0x9EFD, 0xA71D, 0xAF3D, 0x9F1D, 0x9F1D,
    0xA69C, 0xAEBC, 0xA69C, 0xA69C, 0xA69C, 0xA67C, 0x9E7C, 0x863B, 0x85FB, 0x967C, 0x967C, 0x969C,
    0x8E7C, 0x865C, 0x8E7D, 0x7E3D, 0x6DDB, 0x5559, 0x5538, 0x44F8, 0x4518, 0x5538, 0x5559, 0x5D59,
    0x5D79, 0x5D59, 0x5559, 0x5D7A, 0x5D9A, 0x5D7A, 0x5D79, 0x5559, 0x5D79, 0x5D79, 0x5539, 0x5559,
    0x5539, 0x4D39, 0x4D59, 0x4D39, 0x5559, 0x5559, 0x4D59, 0x5579, 0x5D99, 0x75FA, 0x7E1B, 0x75FB,
    0x75FB, 0x75FB, 0x75FB, 0x6DDB, 0x65BA, 0x5D79, 0x5579, 0x5579, 0x5D99, 0x5D99, 0x5D99, 0x5D9A,
    0x5D9A, 0x5D9A, 0x5D9A, 0x65BA, 0x5D9A, 0x5D99, 0x5579, 0x5579, 0x5579, 0x5D99, 0x5D9A, 0x65BA,
    0x65BA, 0x65BA, 0x5D9A, 0x5D9A, 0x5D9A, 0x5D9A, 0x5D9A, 0x5D9A, 0x5D9A, 0x65BA, 0x5DBA, 0x5DBA,
    0x5DBA, 0x5D9A, 0x5DBA, 0x5DBA, 0x5D9A, 0x5DBA, 0x5DBA, 0x5DBA, 0x5DBA, 0x5DBA, 0x5DBA, 0x5DBA,
    0x5DBA, 0x5DBA, 0x5DBA, 0x5DBA, 0x65DA, 0x5DDA, 0x5DDA, 0x5DDA, 0x5DDA, 0x65DA, 0x65DA, 0x65DA,
    0x65DA, 0x65FA, 0x65FA, 0x65FA, 0x65FA, 0x65FA, 0x65FA, 0x65FA, 0x65FA, 0x65FA, 0x65FA, 0x661B,
    0x661B, 0x6E1B, 0x6E3B, 0x7E7C, 0x8E7C, 0x969C, 0x8E7C, 0x7E5C, 0x763B, 0x6E3B, 0x765B, 0x867C,
    0x765B, 0x6E3B, 0x6E3B, 0x6E3B, 0x6E3B, 0x765B, 0x765B, 0x6E3B, 0x765B, 0x765B, 0x765B, 0x765B,
    0x765B, 0x765B, 0x765B, 0x765B, 0x765B, 0x7E7C, 0x867C, 0x867C, 0xC73E, 0xE79F, 0xB71E, 0x9EDD,
    0xA6DD, 0xA6DD, 0xA6DD, 0x9EDD, 0xAEFD, 0xDF9F, 0xFFFF, 0xD77E, 0xAF1D, 0x8EBC, 0x8EBC, 0xE7BF,
    0xEFDF, 0xDF9E, 0xE7BF, 0xEFBF, 0xE7DF, 0xDF9E, 0xA6FD, 0x86BD, 0x96DD, 0xC75D, 0xCF7E, 0xDF9F,
    0xD79F, 0xCF7F, 0xCF7E, 0xCF7E, 0xCF7E, 0xCF7E, 0xDF9F, 0xD79F, 0xCF7E, 0xC75E, 0xD77F, 0xEFBF,
    0xFFFF, 0xF7FF, 0xEFDF, 0xF7DF, 0xE7DF, 0xDF9F, 0xDF9E, 0xBF5D, 0x96DC, 0x8EDC, 0x8EDC, 0xA71D,
    0xAF1D, 0xBF9F, 0xBFBF, 0xAF7F, 0xA6FD, 0xA6FD, 0x9EFD, 0x9EFD, 0x9EFD, 0x96FC, 0x9EFD, 0x96FD,
    0x96FC, 0x9EFD, 0x96FD, 0x9EFD, 0x9EFD, 0x9EFD, 0x9EFD, 0x9EFD, 0x9EFD, 0x9EFD, 0x9F1D, 0x9F1D,
    0x9F1D, 0x9F1D, 0x9F1D, 0x9F1D, 0x9F1D, 0x9F1D, 0x9F1D, 0x9F1D, 0xB73E, 0xA71D, 0x9F1D, 0xA71D,
    0xAE9C, 0xA69C, 0xA69C, 0xA6BC, 0x9E7C, 0x965C, 0x8E5C, 0x8E5C, 0x8E5C, 0x967C, 0x967C, 0x969D,
    0x967C, 0x965B, 0x967C, 0x8E7D, 0x863C, 0x7E1B, 0x6D99, 0x5539, 0x5D79, 0x5559, 0x4D39, 0x5559,
    0x5D79, 0x5559, 0x4D38, 0x557A, 0x65BA, 0x5D7A, 0x5579, 0x5559, 0x5579, 0x5D9A, 0x5D79, 0x5539,
    0x4D38, 0x5559, 0x5D79, 0x5D79, 0x4D39, 0x4D59, 0x5579, 0x5D99, 0x65BA, 0x75FA, 0x6DFA, 0x6DFA,
    0x6DFA, 0x6DFB, 0x6DDA, 0x6DDA, 0x6DDA, 0x65BA, 0x5DBA, 0x65DB, 0x65DB, 0x5D9A, 0x5D9A, 0x5D9A,
    0x5D9A, 0x5D9A, 0x5D9A, 0x5D9A, 0x5D99, 0x5579, 0x5579, 0x5D99, 0x5D99, 0x65BA, 0x65BA, 0x65BA,
    0x65BA, 0x65BA, 0x65BA, 0x65BA, 0x5D9A, 0x5DBA, 0x65DA, 0x65BA, 0x65BA, 0x65BA, 0x5DBA, 0x5DBA,
    0x5DBA, 0x5DBA, 0x5DBA, 0x5DBA, 0x5DBA, 0x5DBA, 0x5DBA, 0x5DBA, 0x5DBA, 0x5DBA, 0x5DBA, 0x5DBA,
    0x5DDA, 0x65DA, 0x65DA, 0x65DA, 0x65DA, 0x65DA, 0x65DA, 0x65DA, 0x65DA, 0x65DA, 0x65FA, 0x65FA,
    0x65FA, 0x65FA, 0x65FA, 0x65FA, 0x65FA, 0x65FA, 0x6E1B, 0x661A, 0x661A, 0x661B, 0x661B, 0x661B,
    0x6E1B, 0x6E1B, 0x6E3B, 0x8E9C, 0x8E9C, 0xA6DD, 0x96BC, 0x8E7C, 0x7E5B, 0x763B, 0x7E5B, 0x7E5C,
    0x763B, 0x6E3B, 0x6E3B, 0x765B, 0x763B, 0x763B, 0x765B, 0x765B, 0x765B, 0x765B, 0x765B, 0x765B,
    0x765B, 0x765B, 0x765B, 0x765B, 0x765B, 0x7E7B, 0x7E7C, 0x869B, 0xBF3E, 0xDF9F, 0xB71D, 0xA6DD,
    0xA6DD, 0xA6DD, 0xA6DD, 0xA6DD, 0x9EBD, 0xCF7E, 0xE7BF, 0xC75E, 0xB71D, 0x8EBC, 0xA6FD, 0xDF9F,
    0xE7BF, 0xE7BF, 0xE7BF, 0xE7BF, 0xE7BF, 0xFFFF, 0xA6FD, 0x7E9C, 0xB71D, 0xDF9E, 0xE7BF, 0xE7BF,
    0xE7BF, 0xDF9F, 0xDF9F, 0xDF9F, 0xE7BF, 0xEFFF, 0xF7FF, 0xE7BF, 0xDF9F, 0xE7BF, 0xF7DF, 0xFFFF,
    0xEFDF, 0xEFDF, 0xEFDF, 0xEFDF, 0xE7BF, 0xEFBF, 0xEFDF, 0xE7BE, 0xA71D, 0xB73D, 0xC75E, 0xCF9E,
    0xCF7E, 0xCF9F, 0xBF7E, 0xB73E, 0xB73E, 0xA71D, 0x9EFD, 0x9EFD, 0x96FD, 0x9EFD, 0x96FD, 0x971D,
    0x9EFD, 0x9EFD, 0x9EFD, 0x9EFD, 0x9EFD, 0x9EFD, 0x9EFD, 0x9EFD, 0x9EFD, 0x9EFD, 0x9F1D, 0x9F1D,
    0x9F1D, 0x9F1D, 0x9F1D, 0x9F1D, 0x9F1D, 0x9F1D, 0x9F1D, 0xB75E, 0xB75E, 0x9F1D, 0xA71D, 0xA71D,
    0xA69C, 0xA69C, 0x9E5C, 0x861B, 0x8E5C, 0x8E5C, 0x965C, 0x967C, 0x967C, 0x967C, 0x865C, 0x8E5B,
    0x8E5C, 0x8E5C, 0x965C, 0x967C, 0x965C, 0x965B, 0x8E1A, 0x6DBA, 0x6579, 0x4D38, 0x4D39, 0x5559,
    0x5559, 0x4D38, 0x4D18, 0x5D7A, 0x5D9A, 0x557A, 0x5579, 0x5559, 0x5D79, 0x5D99, 0x5579, 0x6599,
    0x659A, 0x6DDA, 0x7DFA, 0x6DBA, 0x5559, 0x5579, 0x659A, 0x65BA, 0x65DA, 0x6DFB, 0x6DFA, 0x6DFA,
    0x6DFA, 0x6DFA, 0x6DDA, 0x6DDB, 0x6DDA, 0x65BA, 0x6DFB, 0x6DFB, 0x65DB, 0x5DBA, 0x5D9A, 0x5D9A,
    0x5D9A, 0x65BA, 0x65BA, 0x65BA, 0x65BA, 0x5D99, 0x5D99, 0x5DBA, 0x5DBA, 0x5DBA, 0x65BA, 0x65BA,
    0x65BA, 0x65BA, 0x65DA, 0x65BA, 0x5DBA, 0x65BA, 0x65DA, 0x65DA, 0x65DA, 0x65DA, 0x65BA, 0x5DBA,
    0x5DBA, 0x5DBA, 0x5DBA, 0x5DBA, 0x5DBA, 0x5DBA, 0x5DBA, 0x5DBA, 0x5DBA, 0x5DDA, 0x5DDA, 0x65DA,
    0x65DA, 0x5DDA, 0x65DA, 0x65DA, 0x65DA, 0x65DA, 0x65DA, 0x65FA, 0x65DA, 0x65FA, 0x65FA, 0x65FA,
    0x65FA, 0x65FA, 0x65FA, 0x65FA, 0x65FA, 0x6E1A, 0x6E1B, 0x6E1B, 0x6E1B, 0x6E1B, 0x6E1B, 0x6E1B,
    0x6E1B, 0x6E1B, 0x6E3B, 0x763B, 0x765B, 0x8E9C, 0x9EDD, 0x8E9C, 0x7E5B, 0x765B, 0x7E5C, 0x7E5C,
    0x765B, 0x6E3B, 0x765B, 0x765B, 0x765B, 0x765B, 0x765B, 0x765B, 0x765B, 0x765B, 0x765B, 0x765B,
    0x765B, 0x765B, 0x765B, 0x765B, 0x7E7B, 0x7E7B, 0x765B, 0x96BC, 0xDF9F, 0xDF7F, 0xAEFD, 0xAEFD,
    0xA6DD, 0xA6DD, 0xA6DD, 0xA6DD, 0xA6DD, 0xB71D, 0xB71E, 0xDF9F, 0xC75E, 0xCF7E, 0xEFDF, 0xE7BF,
    0xE7BF, 0xE7BF, 0xE7BF, 0xE7BF, 0xEFBE, 0xFFFF, 0xCF7E, 0x9EFD, 0xDF9E, 0xEFDF, 0xEFDF, 0xE7BF,
    0xE7BF, 0xE7BF, 0xE7BF, 0xE7BF, 0xF7FF, 0xFFFF, 0xFFFF, 0xEFDF, 0xEFDF, 0xEFDF, 0xEFDF, 0xEFDF,
    0xEFBF, 0xEFDF, 0xE7BF, 0xE7DF, 0xE7BF, 0xE7DF, 0xE7DF, 0xBF7E, 0xCF7E, 0xF7DF, 0xE7BF, 0xDF9E,
    0xD7BF, 0xCF7E, 0xC75E, 0xBF3E, 0xAF1D, 0x9F1D, 0x96FD, 0x9EFD, 0x9EFD, 0x9EFD, 0x9EFD, 0x9EFD,
    0x9EFD, 0x9EFD, 0x9EFD, 0x9F1D, 0x9F1D, 0x9F1D, 0x9F1D, 0x9F1D, 0x9F1D, 0x9F1D, 0x9F1D, 0x9F1D,
    0x9F1D, 0x9F1D, 0x9F1D, 0x9F1D, 0x9F1E, 0xA71D, 0x9F1D, 0xB75D, 0xA73D, 0xA71D, 0xA73D, 0xA73D,
    0x9E9C, 0x9E7C, 0x85FB, 0x75DA, 0x8E3B, 0x965C, 0x967C, 0x967C, 0x967C, 0x863B, 0x7DFB, 0x7DFB,
    0x861B, 0x8E5C, 0x8E7C, 0x965C, 0x8E5B, 0x965B, 0x8E5B, 0x75BA, 0x5D79, 0x4D38, 0x4D39, 0x4D39,
    0x4D39, 0x4D38, 0x4D39, 0x5559, 0x5559, 0x4D39, 0x5559, 0x5D99, 0x5D99, 0x5559, 0x5579, 0x7DFB,
    0x863B, 0x861B, 0x863B, 0x7E1B, 0x6DDA, 0x659A, 0x65BA, 0x65BA, 0x6DFB, 0x6DFB, 0x65DA, 0x65DA,
    0x6DDA, 0x6DDA, 0x6DDB, 0x6DDB, 0x6DDA, 0x6DDA, 0x6DFC, 0x6DFB, 0x65DB, 0x65BA, 0x6DDA, 0x6DDA,
    0x6DDA, 0x65DA, 0x65BA, 0x6DDA, 0x65DA, 0x5DBA, 0x5DBA, 0x65BA, 0x5DBA, 0x65BA, 0x65BA, 0x65BA,
    0x65BA, 0x65BA, 0x65BA, 0x5DBA, 0x5DBA, 0x65DA, 0x65DA, 0x65BA, 0x65DA, 0x65DA, 0x65DA, 0x65BA,
    0x65BA, 0x5DDA, 0x5DBA, 0x5DBA, 0x5DBA, 0x5DBA, 0x5DBA, 0x65BA, 0x65DA, 0x5DDA, 0x65DA, 0x65DA,
    0x65DA, 0x65DA, 0x65DA, 0x65DA, 0x65FA, 0x65DA, 0x65FA, 0x65FA, 0x65FA, 0x65FA, 0x65FA, 0x65FA,
    0x65FA, 0x65FA, 0x65FA, 0x6E1B, 0x6E1B, 0x6E1B, 0x6E1B, 0x6E1B, 0x6E1B, 0x6E1B, 0x6E1B, 0x6E1B,
    0x6E3B, 0x6E3B, 0x6E3B, 0x6E1B, 0x6E3B, 0x7E7C, 0x8E9C, 0x6E5B, 0x765B, 0x765B, 0x765B, 0x765B,
    0x763B, 0x765B, 0x765B, 0x765B, 0x765B, 0x765B, 0x765B, 0x765B, 0x765B, 0x765B, 0x765B, 0x765B,
    0x765B, 0x7E5B, 0x7E7B, 0x7E7C, 0x7E7C, 0x7E7C, 0x6E5B, 0xAEFE, 0xBF3E, 0xB71E, 0xAEFE, 0xAEFE,
    0xA6DD, 0xA6DD, 0xA6DD, 0xA6DD, 0xA6DD, 0xAEFD, 0xD77E, 0xEFBF, 0xEFDF, 0xEFDF, 0xE7BF, 0xEFDF,
    0xE7BF, 0xE7BF, 0xE7BF, 0xE7BF, 0xEFDF, 0xFFFF, 0xFFFF, 0xDF9E, 0xEFDF, 0xEFFF, 0xEFDF, 0xE7BF,
    0xE7BF, 0xE7BF, 0xEFDF, 0xF7FF, 0xFFFF, 0xFFFF, 0xF7DF, 0xEFDF, 0xEFDF, 0xE7BF, 0xE7BF, 0xE7BF,
    0xE7DF, 0xE7BF, 0xE7DF, 0xE7DF, 0xE7DF, 0xEFDF, 0xE7BF, 0xDFBF, 0xE7BF, 0xE7BF, 0xE7BF, 0xE7BF,
    0xDFBF, 0xB73D, 0x9EFD, 0xA71D, 0x96FD, 0x9EFD, 0x9EFD, 0x9EFD, 0x9EFD, 0x9F1D, 0x9F1D, 0x9EFD,
    0x9F1D, 0x9F1D, 0x9F1D, 0x9F1D, 0x9F1D, 0x9F1D, 0x9F1D, 0x9F1D, 0x9F1D, 0x9F1D, 0x9F1D, 0x9F1D,
    0x9F1D, 0x9F1D, 0x9F1D, 0x9F1D, 0xA71D, 0x9F1D, 0xAF3E, 0xB75D, 0x9F1D, 0xA73D, 0xA73D, 0xA73E,
    0x967C, 0x967C, 0x8E5B, 0x963B, 0x965B, 0x967C, 0x967C, 0x967C, 0x967C, 0x863B, 0x659A, 0x5D79,
    0x6DDA, 0x75FB, 0x863B, 0x967C, 0x8E5B, 0x8E5B, 0x861B, 0x6579, 0x4D59, 0x4D39, 0x5559, 0x4D38,
    0x5539, 0x5D79, 0x557A, 0x5559, 0x4D59, 0x4D59, 0x5579, 0x5D99, 0x5D79, 0x659A, 0x75DA, 0x7E1B,
    0x7E1B, 0x7E1B, 0x7E1B, 0x7E1B, 0x75FB, 0x6DDA, 0x6DDA, 0x65DA, 0x6DFB, 0x6DDA, 0x65DA, 0x65DA,
    0x65DA, 0x6DDA, 0x6DDA, 0x6DDA, 0x6DDA, 0x6DDB, 0x6DFC, 0x6DFB, 0x65DA, 0x65DA, 0x75FB, 0x75FB,
    0x6DFB, 0x65DA, 0x65DA, 0x6DFB, 0x75FB, 0x65BA, 0x65BA, 0x65DA, 0x65BA, 0x65BA, 0x65BA, 0x65BA,
    0x65BA, 0x65DA, 0x65BA, 0x65BA, 0x5DBA, 0x65DA, 0x65DA, 0x65BA, 0x65BA, 0x65DA, 0x65BA, 0x5DBA,
    0x5DBA, 0x5DBA, 0x5DBA, 0x65BA, 0x65DA, 0x5DDA, 0x65DA, 0x65DA, 0x65DA, 0x65DA, 0x65DA, 0x65DA,
    0x65DA, 0x65DA, 0x65FA, 0x65FA, 0x65FA, 0x65FA, 0x65FA, 0x65FA, 0x65FA, 0x65FA, 0x65FA, 0x65FA,
    0x6E1B, 0x6E1A, 0x6E1B, 0x6E1B, 0x6E1B, 0x6E1A, 0x6E1B, 0x6E1B, 0x6E1B, 0x6E3B, 0x6E3B, 0x6E3B,
    0x6E3B, 0x6E3B, 0x6E3B, 0x6E3B, 0x6E3B, 0x763B, 0x7E5B, 0x6E3B, 0x765B, 0x763B, 0x763B, 0x765B,
    0x765B, 0x765B, 0x765B, 0x765B, 0x765B, 0x765B, 0x765B, 0x765B, 0x765B, 0x765B, 0x7E7B, 0x7E7B,
    0x7E7C, 0x7E7C, 0x7E7B, 0x767B, 0x767B, 0x7E7C, 0x96BD, 0xA6FD, 0xAEFE, 0xA6FD, 0xA6FD, 0xA6FD,
    0xA6DD, 0xC73E, 0xBF1E, 0xA6FD, 0xAEFE, 0xDFBF, 0xFFFF, 0xEFDF, 0xE7BF, 0xE7BF, 0xEFDF, 0xEFDF,
    0xEFDF, 0xEFBF, 0xE7BF, 0xE7DF, 0xE7BF, 0xE7BF, 0xF7FF, 0xFFFF, 0xF7FF, 0xEFFF, 0xEFDF, 0xEFBF,
    0xE7BF, 0xE7BF, 0xE7BF, 0xEFDF, 0xFFFF, 0xF7DF, 0xE7BF, 0xE7DF, 0xE7DF, 0xE7DF, 0xE7DF, 0xE7DF,
    0xE7DF, 0xE7BF, 0xE7BF, 0xE7DF, 0xE7BF, 0xE7DF, 0xEFBF, 0xEFDF, 0xE7BF, 0xE7BF, 0xEFDF, 0xE7BF,
    0xBF5E, 0x9EFD, 0x9EFD, 0x9EFD, 0x9EFD, 0x9EFD, 0x9EFD, 0x9EFD, 0x9F1D, 0x9EFD, 0x9F1D, 0x9F1D,
    0x9F1D, 0x9F1D, 0x9F1D, 0x9F1D, 0x9F1D, 0x9F1D, 0x9F1D, 0x9F1D, 0xA77F, 0xA73E, 0x9F1D, 0xA71D,
    0xA71D, 0xA71D, 0xA71D, 0xA71D, 0xA73D, 0xA71D, 0xB75E, 0xA73D, 0xA73E, 0xA73E, 0xA73E, 0xAF5E,
    0x96BD, 0x969D, 0x967C, 0x9E7C, 0x967C, 0x967C, 0x967C, 0x967C, 0x967C, 0x8E7C, 0x7E1B, 0x75DB,
    0x75DB, 0x75FB, 0x8E5C, 0x967C, 0x9E7C, 0x9E7C, 0x861B, 0x6DBA, 0x659A, 0x6DBA, 0x6DDB, 0x5559,
    0x6DBB, 0x761B, 0x65BA, 0x5559, 0x5559, 0x65BA, 0x6DDA, 0x65DA, 0x6DFA, 0x6DDA, 0x865C, 0x861B,
    0x7E1B, 0x761B, 0x761B, 0x761B, 0x75FB, 0x75FB, 0x75FB, 0x6DDA, 0x6DDA, 0x6DDA, 0x65DA, 0x65DA,
    0x65DA, 0x65DA, 0x65BA, 0x65DA, 0x65DA, 0x65BA, 0x65BA, 0x65BA, 0x65BA, 0x65BA, 0x6DFB, 0x761B,
    0x6DFB, 0x65DA, 0x65DA, 0x75FB, 0x761B, 0x6DDA, 0x6DDA, 0x65DA, 0x65DA, 0x65DA, 0x65DA, 0x65BA,
    0x65FA, 0x65DA, 0x65DA, 0x65DA, 0x65BA, 0x65BA, 0x65DA, 0x5DBA, 0x5DBA, 0x65BA, 0x65BA, 0x65BA,
    0x5DBA, 0x5DBA, 0x65BA, 0x65BA, 0x65DA, 0x65DA, 0x65DA, 0x65DA, 0x65DA, 0x65DA, 0x65DA, 0x65DA,
    0x65FA, 0x65FA, 0x65FA, 0x65FA, 0x65FA, 0x65FA, 0x6DFA, 0x6DFA, 0x65FA, 0x6DFB, 0x6DFB, 0x6E1B,
    0x6E1B, 0x6E1B, 0x6E1B, 0x6E1B, 0x6E1B, 0x6E1B, 0x6E1B, 0x6E3B, 0x6E3B, 0x6E3B, 0x6E3B, 0x6E3B,
    0x6E3B, 0x6E3B, 0x6E3B, 0x6E3B, 0x763B, 0x765B, 0x763B, 0x765B, 0x765B, 0x765B, 0x765B, 0x765B,
    0x765B, 0x765B, 0x765B, 0x765B, 0x765B, 0x765B, 0x765B, 0x765B, 0x7E7B, 0x7E7B, 0x7E7B, 0x7E5C,
    0x767B, 0x7E7C, 0xA6DD, 0x96BC, 0xA6FD, 0xAEFD, 0xB71D, 0xA6DD, 0xA6DD, 0xA6DD, 0x9EDD, 0x9EDD,
    0x8E9C, 0xD79E, 0xFFFF, 0xD77E, 0xEFDF, 0xFFFF, 0xF7FF, 0xEFDF, 0xE7DF, 0xE7BF, 0xEFBF, 0xEFDE,
    0xEFDF, 0xEFBF, 0xE7BF, 0xE7BF, 0xEFBF, 0xE7BF, 0xE7BF, 0xF7FF, 0xF7FF, 0xEFDF, 0xEFBF, 0xEFDF,
    0xE7BF, 0xE7BF, 0xEFBF, 0xE7BF, 0xEFDF, 0xE7BF, 0xEFBF, 0xE7BF, 0xE7BF, 0xE7BF, 0xE7DF, 0xE7DF,
    0xE7DF, 0xE7DF, 0xE7DF, 0xE7DF, 0xE7BF, 0xE7BF, 0xE7BF, 0xEFDF, 0xB73E, 0xBF5E, 0xBF5E, 0x9EFE,
    0x96FD, 0x9EFD, 0x9EFD, 0x9F1D, 0x9EFD, 0x9F1D, 0x9F1D, 0x9F1D, 0x9F1D, 0x9EFD, 0x9F1D, 0x9F1D,
    0x9F1D, 0x9F1D, 0x9F1D, 0x9F1D, 0x9F1D, 0x9F1D, 0x9F1D, 0xA75F, 0xA79F, 0xA73E, 0xA71E, 0xA71D,
    0xA71D, 0xA73D, 0xA73D, 0xA73D, 0xA73E, 0xAF3E, 0xB75D, 0x9F3D, 0xA75E, 0xAF5E, 0xAF5E, 0xAF3E,
    0x969D, 0x9E9D, 0x967C, 0x8E7C, 0x967C, 0x967C, 0x969C, 0x967C, 0x967C, 0x969C, 0x969C, 0x967C,
    0x8E7C, 0x8E7C, 0x967C, 0x967C, 0x9EBD, 0x969D, 0x8E5C, 0x863B, 0x75DA, 0x7DDA, 0x7DFA, 0x6579,
    0x75B9, 0x863B, 0x761B, 0x6E1B, 0x761B, 0x8E3B, 0x863B, 0x65BA, 0x95D9, 0xADD9, 0x6D17, 0x763B,
    0x7E3C, 0x761B, 0x761B, 0x761B, 0x75FA, 0x75FA, 0x75FB, 0x75FA, 0x6DDA, 0x6DDA, 0x6DDA, 0x65DA,
    0x65BA, 0x65BA, 0x5DBA, 0x5DBA, 0x5DBA, 0x65BA, 0x5D9A, 0x5D9A, 0x5DBA, 0x5DBA, 0x6DDA, 0x75FB,
    0x761B, 0x75FA, 0x75FB, 0x7E1B, 0x7E1B, 0x65DA, 0x65DA, 0x65BA, 0x65BA, 0x65FA, 0x65BA, 0x65DA,
    0x6E1B, 0x65FA, 0x65DA, 0x65BA, 0x65BA, 0x5DBA, 0x5DBA, 0x5DBA, 0x65BA, 0x65BA, 0x65BA, 0x65BA,
    0x65DA, 0x65DA, 0x65DA, 0x65DA, 0x65DA, 0x65DA, 0x65DA, 0x65DA, 0x65DA, 0x65DA, 0x65FA, 0x65FA,
    0x65FA, 0x65FA, 0x65FA, 0x65FA, 0x65FA, 0x6DFA, 0x65FA, 0x6E1A, 0x6E1B, 0x6E1B, 0x6E1B, 0x6E1B,
    0x6E1A, 0x6E1B, 0x6E1B, 0x6E1B, 0x6E1B, 0x6E3B, 0x6E3B, 0x6E3B, 0x6E3B, 0x6E3B, 0x6E3B, 0x763B,
    0x765B, 0x763B, 0x763B, 0x763B, 0x763B, 0x763B, 0x765B, 0x765B, 0x765B, 0x765B, 0x765B, 0x765B,
    0x765B, 0x765B, 0x765B, 0x765B, 0x7E5B, 0x7E7B, 0x7E7B, 0x7E7C, 0x7E7B, 0x7E7B, 0x7E7B, 0x7E7C,
    0x7E7C, 0x96BD, 0xBF3D, 0xCF5E, 0xCF5E, 0xB71D, 0xA6DD, 0xA6DD, 0x9EDD, 0x96BC, 0xAEFD, 0xCF5E,
    0xCF7E, 0xF7DF, 0xFFFF, 0xFFFF, 0xFFFF, 0xFFFF, 0xF7DF, 0xE7BF, 0xEFBF, 0xE7BF, 0xEFDF, 0xF7FF,
    0xEFDF, 0xEFBF, 0xE7BF, 0xE7BF, 0xE7BF, 0xEFBF, 0xE7BF, 0xF7FF, 0xEFDF, 0xE7BF, 0xE7DF, 0xE7BF,
    0xE7BF, 0xE7BF, 0xE7BF, 0xE7BF, 0xF7FF, 0xEFDF, 0xE7BF, 0xE7BF, 0xE7BF, 0xE7BF, 0xE7BF, 0xE7DF,
    0xE7DF, 0xE7DF, 0xE7DF, 0xE7BF, 0xE7BF, 0xE7BF, 0xE7DF, 0xE7BF, 0xB73D, 0x96FD, 0x9EFE, 0x9EFD,
    0x9EFE, 0x9EFD, 0x9EFD, 0x9EFD, 0x9F1D, 0x9F1D, 0x9F1D, 0x9F1D, 0x9F1D, 0x9F1D, 0x9F1D, 0x9F1D,
    0x9F1D, 0x9F1D, 0x9F1D, 0x9F1D, 0x9F1D, 0x9F1D, 0xA71D, 0xA79F, 0xAF7F, 0xA71D, 0xA73D, 0xA73D,
    0xA73D, 0xA73D, 0xA73D, 0xA73E, 0xA73D, 0xB77E, 0xB75E, 0xB75E, 0xAF5E, 0xAF5E, 0xA75E, 0xA73E,
    0x969D, 0x969D, 0x969D, 0x8E7C, 0x8E7C, 0x8E7C, 0x8E7C, 0x967C, 0x967C, 0x969C, 0x969C, 0x967C,
    0x969C, 0x967C, 0x969C, 0x96BD, 0x8DFA, 0x9598, 0x9D77, 0x9D56, 0x9D57, 0xAD97, 0x94D6, 0x6392,
    0x5310, 0x5330, 0x5391, 0x5C54, 0x7DB9, 0x96BD, 0x863B, 0xBE1A, 0xEE9C, 0xF6FD, 0xAD37, 0x8578,
    0x7D98, 0x761B, 0x7E1B, 0x761B, 0x761B, 0x761B, 0x761B, 0x6E1B, 0x6DFB, 0x6DFB, 0x65FB, 0x65FB,
    0x65FB, 0x65FA, 0x65FB, 0x65DA, 0x5DBA, 0x5D9A, 0x5D9A, 0x5D9A, 0x65BA, 0x65DA, 0x6DDA, 0x75FB,
    0x761B, 0x761B, 0x761B, 0x7E3B, 0x7E1B, 0x65DA, 0x65BA, 0x5DBA, 0x5DBA, 0x65DA, 0x65BA, 0x65DA,
    0x6DFA, 0x65BA, 0x5DBA, 0x5DBA, 0x65BA, 0x65BA, 0x65BA, 0x65BA, 0x65DA, 0x65DA, 0x65DA, 0x65DA,
    0x65DA, 0x65DA, 0x65DA, 0x65DA, 0x65DA, 0x65DA, 0x65DA, 0x65FA, 0x65FA, 0x65FA, 0x65FA, 0x65FA,
    0x6DFA, 0x6DFA, 0x6DFA, 0x6DFA, 0x6DFA, 0x6E1A, 0x6DFA, 0x6E1A, 0x6E1B, 0x6E1B, 0x6E1B, 0x6E1B,
    0x6E1B, 0x6E1B, 0x6E3B, 0x6E3B, 0x6E3B, 0x6E3B, 0x6E3B, 0x6E3B, 0x763B, 0x763B, 0x763B, 0x763B,
    0x763B, 0x763B, 0x765B, 0x765B, 0x765B, 0x765B, 0x765B, 0x765B, 0x765B, 0x765B, 0x765B, 0x765B,
    0x765B, 0x7E5B, 0x7E7B, 0x7E7B, 0x7E7B, 0x7E7B, 0x7E7C, 0x7E5C, 0x7E7C, 0x7E7C, 0x7E7C, 0x7E7C,
    0x7E7B, 0x8EBC, 0xC75D, 0xBF3D, 0xA6FD, 0xA6DD, 0x9EDD, 0x9EDD, 0xB71E, 0xD79E, 0xF7DF, 0xFFFF,
    0xFFFF, 0xFFFF, 0xFFFF, 0xFFFF, 0xFFFF, 0xFFFF, 0xF7DF, 0xE7BF, 0xE7BF, 0xE7BF, 0xE7BF, 0xEFBF,
    0xE7BF, 0xEFDF, 0xEFFF, 0xEFFF, 0xEFDF, 0xEFBF, 0xEFBF, 0xF7DF, 0xEFDF, 0xE7BF, 0xE7BF, 0xE7BF,
    0xE7BF, 0xE7BF, 0xE7BF, 0xEFDF, 0xEFDF, 0xEFDF, 0xE7BF, 0xEFBF, 0xEFBF, 0xE7BF, 0xEFBF, 0xEFDF,
    0xEFDF, 0xEFDF, 0xF7FF, 0xEFDF, 0xEFDF, 0xEFDF, 0xE7BF, 0xEFDF, 0xDFBF, 0x9F1E, 0x9EFD, 0x9EFD,
    0x9F1D, 0x9F1D, 0x9F1D, 0x9F1D, 0x9F1D, 0x9F1D, 0x9F1D, 0x9F1D, 0x9F1D, 0x9F1D, 0x9F1D, 0x9F1D,
    0x9F1D, 0x9F1D, 0x9F1D, 0xA71D, 0xA71E, 0xA71D, 0xA73E, 0xA77E, 0xA73E, 0xA73D, 0xA73D, 0xA73D,
    0xA73E, 0xAF3E, 0xA73E, 0xA73E, 0xAF5E, 0xC79E, 0xBF7E, 0xBF5E, 0xAF3E, 0xA75E, 0xA75E, 0xAF5E,
    0x96BD, 0x96BD, 0x969D, 0x8E7C, 0x8E7C, 0x8E7C, 0x8E7C, 0x967C, 0x967C, 0x967C, 0x967C, 0x969C,
    0x967C, 0x969D, 0x8E5B, 0x8CF6, 0xA516, 0xB578, 0xB578, 0xB5B8, 0xADB8, 0x7C33, 0x5B31, 0x4B10,
    0x4AEF, 0x42CF, 0x4AAF, 0x428F, 0x3A4D, 0x4B90, 0x94F5, 0xCDF9, 0xEF3E, 0xD65B, 0xC5FA, 0xB537,
    0x8BF4, 0x6C55, 0x767C, 0x761B, 0x75DA, 0x75B9, 0x7D98, 0x7D78, 0x8558, 0x8558, 0x8558, 0x7517,
    0x64B6, 0x5C96, 0x54D6, 0x5518, 0x5D79, 0x5DDA, 0x65FB, 0x65FB, 0x65DA, 0x65DA, 0x6DFA, 0x75FA,
    0x761A, 0x761B, 0x7E3B, 0x7E3B, 0x6DFA, 0x5DBA, 0x65BA, 0x5DBA, 0x5DBA, 0x5DBA, 0x5DBA, 0x5DBA,
    0x5DBA, 0x5DBA, 0x65BA, 0x65DA, 0x65DA, 0x65DA, 0x65DA, 0x65DA, 0x65DA, 0x65DA, 0x65DA, 0x65DA,
    0x65DA, 0x65DA, 0x65DA, 0x65DA, 0x65FA, 0x65FA, 0x65FA, 0x65FA, 0x65FA, 0x6DFA, 0x6DFA, 0x6DFA,
    0x65FA, 0x6DFA, 0x6DFA, 0x6E1A, 0x6E1B, 0x6E1B, 0x6E1B, 0x6E1B, 0x6E1B, 0x6E1B, 0x6E3B, 0x6E3B,
    0x6E3B, 0x6E3B, 0x6E3B, 0x6E3B, 0x6E3B, 0x763B, 0x763B, 0x763B, 0x763B, 0x763B, 0x763B, 0x763B,
    0x765B, 0x765B, 0x765B, 0x765B, 0x765B, 0x765B, 0x765B, 0x765B, 0x765B, 0x7E5B, 0x7E5B, 0x7E5B,
    0x7E7B, 0x7E7B, 0x7E5B, 0x7E7C, 0x7E7C, 0x7E7C, 0x7E7C, 0x7E7C, 0x7E7C, 0x7E7C, 0x7E7C, 0x7E9C,
    0x867B, 0x9EDC, 0xAF1D, 0x9EBD, 0xA6DD, 0x9EDD, 0x96BC, 0xA6FD, 0xA6FD, 0xD79E, 0xF7DF, 0xFFFF,
    0xFFFF, 0xFFFF, 0xFFFF, 0xFFFF, 0xFFFF, 0xFFFF, 0xF7FF, 0xEFBF, 0xE7DF, 0xE7BF, 0xE7BF, 0xE7BF,
    0xE7DF, 0xEFFF, 0xF7FF, 0xF7FF, 0xEFFF, 0xE7BF, 0xEFBF, 0xF7DF, 0xF7DF, 0xEFDF, 0xE7BF, 0xE7BF,
    0xE7BF, 0xE7DF, 0xEFDF, 0xEFBF, 0xE7DF, 0xEFBF, 0xE7BF, 0xE7BF, 0xEFBF, 0xE7BF, 0xE7BF, 0xEFDF,
    0xEFDF, 0xF7DF, 0xF7FF, 0xF7FF, 0xF7FF, 0xEFDF, 0xEFDF, 0xDFBF, 0xBF5E, 0x9EFE, 0x9F1D, 0x9EFE,
    0x9F1D, 0x9F1E, 0x9F1E, 0x9F1E, 0x9F1E, 0x9F1D, 0x9F1D, 0x9F1D, 0x9F1D, 0x9F1D, 0x9F1D, 0x9F1D,
    0xA71D, 0xA73E, 0xA71D, 0xA73D, 0xA71D, 0xA73D, 0xA73E, 0xAF3E, 0xAF5E, 0xA73E, 0xAF3E, 0xAF5E,
    0xB75E, 0xAF5E, 0xAF3E, 0xB75E, 0xD7BF, 0xB77E, 0xAF5E, 0xAF5E, 0xAF5E, 0xAF5E, 0xAF5E, 0xAF5E,
    0x969D, 0x96BD, 0x8E7D, 0x8E5C, 0x8E7C, 0x8E7C, 0x8E7C, 0x8E7C, 0x8E7C, 0x967C, 0x969C, 0x967C,
    0x969D, 0x8E7C, 0x8CD5, 0xAD37, 0xB5B9, 0xAD98, 0xB5B8, 0xA557, 0x6391, 0x4AAF, 0x42CF, 0x5B50,
    0x7C13, 0x8453, 0xA4F6, 0xBDB9, 0xA4F7, 0x7BF1, 0x73F1, 0x5B2F, 0x6BB1, 0xD69B, 0x83F4, 0x8395,
    0x9C18, 0x73D4, 0x7DB9, 0x9558, 0xA578, 0xAD78, 0xAD99, 0xAD99, 0xAD99, 0xAD99, 0xAD99, 0xAD99,
    0xA578, 0x9537, 0x84B6, 0x6C14, 0x53B3, 0x4BD3, 0x4C35, 0x54D7, 0x5D99, 0x6E1B, 0x6E1B, 0x75FA,
    0x75FA, 0x7E1B, 0x7E3B, 0x7E1B, 0x65DA, 0x5DBA, 0x5DBA, 0x5DBA, 0x5DBA, 0x5DBA, 0x65BA, 0x65DA,
    0x65DA, 0x65DA, 0x65DA, 0x5DDA, 0x65DA, 0x65DA, 0x65DA, 0x65DA, 0x65DA, 0x65DA, 0x65DA, 0x65FA,
    0x65DA, 0x65FA, 0x65FA, 0x65FA, 0x65FA, 0x65FA, 0x65FA, 0x6DFA, 0x6DFA, 0x6DFA, 0x6DFA, 0x6DFA,
    0x6E1A, 0x6DFA, 0x6E1A, 0x6E1A, 0x6E1B, 0x6E1B, 0x6E1B, 0x6E1B, 0x6E1B, 0x6E1B, 0x6E3B, 0x6E3B,
    0x6E3B, 0x6E3B, 0x6E3B, 0x6E3B, 0x763B, 0x763B, 0x763B, 0x763B, 0x763B, 0x763B, 0x763B, 0x765B,
    0x765B, 0x765B, 0x765B, 0x765B, 0x7E5B, 0x7E5B, 0x7E5B, 0x7E5B, 0x7E5B, 0x7E7B, 0x7E5B, 0x7E5B,
    0x7E7C, 0x7E7C, 0x7E7C, 0x7E7C, 0x7E7C, 0x7E7C, 0x7E7C, 0x7E7C, 0x7E7C, 0x7E7C, 0x867C, 0x869C,
    0x96DC, 0x9EBD, 0x96BD, 0xA6DD, 0x96BD, 0x9EFD, 0xAF1D, 0x9EDD, 0xB71D, 0xCF7E, 0xEFBF, 0xFFFF,
    0xFFFF, 0xFFFF, 0xFFFF, 0xFFFF, 0xFFFF, 0xFFFF, 0xF7DF, 0xE7DF, 0xEFBF, 0xE7BF, 0xE7BF, 0xE7BF,
    0xEFDF, 0xEFDF, 0xEFFF, 0xEFFF, 0xEFDF, 0xEFBF, 0xEFDF, 0xEFDF, 0xF7DF, 0xF7DF, 0xEFDF, 0xE7BF,
    0xEFDF, 0xF7DF, 0xEFDF, 0xEFDF, 0xE7BF, 0xEFBF, 0xEFDF, 0xE7BF, 0xEFBF, 0xEFBF, 0xEFDF, 0xEFDF,
    0xEFDF, 0xF7DF, 0xF7DF, 0xF7FF, 0xDFBF, 0xBF5F, 0xBF7E, 0xA71E, 0x96FE, 0x9F1E, 0x9F1E, 0x9F1E,
    0x9F1D, 0x9F1E, 0x9F1D, 0x9F1D, 0x9F1E, 0x9F1E, 0x9F1E, 0x9F1D, 0x9F1D, 0xA71D, 0xA71D, 0xA71D,
    0xA73E, 0xA73D, 0xA73D, 0xA73D, 0xAF5E, 0xB75E, 0xB75E, 0xB75E, 0xB75E, 0xB75E, 0xB77E, 0xBF7E,
    0xC77E, 0xCF9E, 0xCF9E, 0xCF9E, 0xC7BE, 0xA75E, 0xAF5E, 0xAF5E, 0xAF5E, 0xAF5E, 0xAF5E, 0xAF5E,
    0x969D, 0x8E9D, 0x865C, 0x865C, 0x865C, 0x865C, 0x8E5C, 0x8E5C, 0x8E5C, 0x8E7C, 0x969C, 0x969C,
    0x96BD, 0x8D37, 0xAD37, 0xADB8, 0xAD78, 0xB5B8, 0xAD78, 0x5B30, 0x428E, 0x6B71, 0x9474, 0xB558,
    0xDE5C, 0xD63B, 0xB599, 0xB598, 0xDE7C, 0xE6BD, 0x9CD5, 0x4AAD, 0x4AAC, 0x52AE, 0x7332, 0x5AF0,
    0x8434, 0xA578, 0xB5B9, 0xB5D9, 0xB5D9, 0xADB9, 0xADB9, 0xA598, 0xAD99, 0xADB9, 0xA578, 0x8CF7,
    0x8CF7, 0x9558, 0x8D17, 0x7C96, 0x5BB4, 0x5B93, 0x5B93, 0x5373, 0x4B73, 0x5414, 0x5D38, 0x6E1B,
    0x6E1B, 0x75FA, 0x7E1B, 0x761A, 0x65DA, 0x5DBA, 0x5DBA, 0x5DBA, 0x65BA, 0x65DA, 0x65DA, 0x65DA,
    0x65DA, 0x65DA, 0x65DA, 0x65DA, 0x65DA, 0x65DA, 0x65FA, 0x65FA, 0x65FA, 0x65FA, 0x65FA, 0x65FA,
    0x65FA, 0x65FA, 0x65FA, 0x65FA, 0x6DFA, 0x6DFA, 0x6DFA, 0x6DFA, 0x6DFA, 0x6DFA, 0x6E1A, 0x6E1B,
    0x6E1B, 0x6E1B, 0x6E1B, 0x6E1B, 0x6E1B, 0x6E1B, 0x6E1B, 0x6E1B, 0x761B, 0x6E1B, 0x6E3B, 0x6E3B,
    0x763B, 0x763B, 0x763B, 0x763B, 0x763B, 0x763B, 0x763B, 0x765B, 0x765B, 0x765B, 0x765B, 0x765B,
    0x765B, 0x765B, 0x765B, 0x765B, 0x7E5B, 0x7E5B, 0x7E5B, 0x7E5B, 0x7E7B, 0x7E7B, 0x7E5B, 0x7E7C,
    0x7E7C, 0x7E7C, 0x7E7C, 0x7E7C, 0x7E7C, 0x7E7C, 0x7E7C, 0x7E7C, 0x7E7C, 0x7E7C, 0x869C, 0x8EBC,
    0x96BC, 0x8EBC, 0xA6DD, 0x96BD, 0x96DD, 0xA71D, 0x96DC, 0x9EDD, 0xB73E, 0xB73E, 0xEFBF, 0xFFFF,
    0xFFFF, 0xFFFF, 0xFFFF, 0xFFFF, 0xFFFF, 0xFFFF, 0xF7DF, 0xEFDF, 0xE7DF, 0xEFBF, 0xEFBF, 0xEFBF,
    0xEFDF, 0xE7BF, 0xE7BF, 0xE7DF, 0xEFDF, 0xEFBF, 0xEFDF, 0xF7FF, 0xFFDF, 0xF7DF, 0xFFDF, 0xF7FF,
    0xF7DF, 0xEFDF, 0xE7DF, 0xE7DF, 0xE7BF, 0xEFBF, 0xEFDF, 0xE7BF, 0xE7DF, 0xEFDF, 0xF7DF, 0xFFDF,
    0xF7DF, 0xF7DF, 0xF7FF, 0xF7FF, 0xB75E, 0x96FE, 0x9F1E, 0x9F1E, 0x9F1E, 0x9F3E, 0x9F1E, 0x9F1E,
    0x9F1E, 0x9F1E, 0x9F1D, 0x9F1E, 0x9F1E, 0x9F1E, 0x9F1E, 0xA71E, 0xA71E, 0xA71D, 0xA71D, 0xA73D,
    0xA73D, 0xA73D, 0xA73E, 0xB75E, 0xBF5E, 0xB75E, 0xB75E, 0xBF5E, 0xBF7E, 0xBF7E, 0xC79E, 0xD7BF,
    0xE7DE, 0xDFBF, 0xC79E, 0xC7BE, 0xB77E, 0xA75E, 0xAF5E, 0xAF5E, 0xAF5E, 0xAF5E, 0xAF5E, 0xAF5E,
    0x8E7D, 0x863C, 0x863B, 0x863B, 0x7E3B, 0x7E3B, 0x863B, 0x865B, 0x865B, 0x865B, 0x865B, 0x96BD,
    0x8DD9, 0xA516, 0xAD98, 0xAD78, 0xB598, 0xAD98, 0x52EF, 0x52CE, 0x9474, 0xDE3B, 0xE67D, 0xBD78,
    0xA4F6, 0xBD78, 0xD61B, 0xCE1A, 0x9CF6, 0x9475, 0x9C77, 0x4A6D, 0x428B, 0x29C8, 0x5B2E, 0x9D57,
    0xB5FA, 0xB5D9, 0xB5B9, 0xADB9, 0xADB9, 0xAD99, 0xAD99, 0xADB9, 0x9D37, 0x8475, 0x73F4, 0x7C55,
    0x7C55, 0x63D3, 0x5373, 0x5373, 0x5B93, 0x5BB3, 0x5BB3, 0x5BB3, 0x5BB4, 0x5373, 0x4B52, 0x4BB3,
    0x5517, 0x661B, 0x65DA, 0x5DBA, 0x65DA, 0x5DDA, 0x5DDA, 0x65DA, 0x65DA, 0x65DA, 0x65DA, 0x65DA,
    0x65DA, 0x65DA, 0x65DA, 0x65DA, 0x65FA, 0x65FA, 0x65FA, 0x65FA, 0x65FA, 0x65FA, 0x65FA, 0x65FA,
    0x6DFA, 0x6DFA, 0x6DFA, 0x6DFA, 0x6E1A, 0x6DFA, 0x6DFB, 0x6E1B, 0x6E1B, 0x6E1B, 0x6E1B, 0x6E1A,
    0x6E1B, 0x6E1B, 0x6E1B, 0x6E1B, 0x6E1B, 0x761B, 0x763B, 0x6E3B, 0x763B, 0x763B, 0x763B, 0x763B,
    0x763B, 0x763B, 0x763B, 0x765B, 0x765B, 0x765B, 0x765B, 0x765B, 0x765B, 0x765B, 0x765B, 0x765B,
    0x7E5B, 0x7E5B, 0x7E5B, 0x7E5B, 0x7E5B, 0x7E7B, 0x7E7B, 0x7E7C, 0x7E7C, 0x7E7C, 0x7E7C, 0x7E7C,
    0x7E7C, 0x7E7C, 0x7E7C, 0x7E7C, 0x7E9C, 0x7E7C, 0x7E7C, 0x867C, 0x869C, 0x869C, 0x8EBC, 0x8E9C,
    0x86BC, 0xBF3E, 0xA6FD, 0x8EBC, 0x8EBD, 0x869C, 0xA6FD, 0xAF1D, 0x7E7C, 0x8EBC, 0xEFDF, 0xFFFF,
    0xFFFF, 0xFFFF, 0xFFFF, 0xFFFF, 0xF7DF, 0xF7DF, 0xEFDF, 0xEFBF, 0xE7BF, 0xEFBF, 0xEFDF, 0xEFDF,
    0xE7BF, 0xE7BF, 0xEFBF, 0xEFDF, 0xEFDF, 0xE7BF, 0xE7BF, 0xFFFF, 0xFFFF, 0xEFBF, 0xF7FF, 0xFFFF,
    0xFFFF, 0xEFDF, 0xE7BF, 0xEFBF, 0xE7BF, 0xEFBF, 0xEFDF, 0xEFBF, 0xE7DF, 0xEFDF, 0xF7DF, 0xFFFF,
    0xF7FF, 0xEFDF, 0xEFDF, 0xEFDF, 0xB75E, 0xAF3E, 0xAF3E, 0xA73E, 0xA73E, 0xA73E, 0xA73E, 0x9F1E,
    0xA71E, 0x9F1E, 0xA71E, 0xA71E, 0xA71E, 0xA71E, 0xA71E, 0xA71E, 0xA73E, 0xA73E, 0xA73D, 0xA73D,
    0xA73E, 0xA73D, 0xB75E, 0xBF5F, 0xC77E, 0xD79E, 0xCF9E, 0xC77F, 0xC77E, 0xC77E, 0xCF9E, 0xCF9E,
    0xCFBE, 0xBF7E, 0xAF7E, 0xC7BF, 0xA75E, 0xAF5E, 0xAF5E, 0xAF5E, 0xAF7E, 0xAF7E, 0xAF7E, 0xAF7E,
    0x863B, 0x7E1B, 0x7E1B, 0x7E1B, 0x7E3B, 0x7E3B, 0x7E3B, 0x7E3B, 0x7E3B, 0x7E3B, 0x865C, 0x7E3B,
    0x94F6, 0xB578, 0xAD78, 0xB5B8, 0xAD78, 0x6B91, 0x9474, 0xF73E, 0xF71E, 0xCDD9, 0xBD78, 0xCDFB,
    0xCDFA, 0xB558, 0xB578, 0x9C96, 0x6B11, 0x7354, 0x6AF1, 0x29A8, 0x29C8, 0x8474, 0xBE1A, 0xB5D9,
    0xAD98, 0xADB8, 0xAD99, 0xADB9, 0xAD78, 0xAD98, 0xA558, 0x8454, 0x6372, 0x6371, 0x73D3, 0x6392,
    0x5351, 0x5B72, 0x5B93, 0x5B93, 0x5393, 0x5393, 0x5393, 0x5392, 0x5392, 0x5393, 0x5393, 0x5373,
    0x4B31, 0x4C13, 0x5DBA, 0x661B, 0x5DBA, 0x65DA, 0x65DA, 0x65DA, 0x65DA, 0x65DA, 0x65DA, 0x65FA,
    0x65DA, 0x65FA, 0x65FA, 0x65FA, 0x65FA, 0x65FA, 0x65FA, 0x65FA, 0x6DFA, 0x65FA, 0x6DFA, 0x6DFA,
    0x6DFA, 0x6DFA, 0x6DFA, 0x6DFB, 0x6E1B, 0x6E1B, 0x6E1B, 0x6E1B, 0x6E1B, 0x6E1B, 0x6E1B, 0x6E1B,
    0x6E1B, 0x763B, 0x6E1B, 0x763B, 0x6E1B, 0x6E1B, 0x763B, 0x763B, 0x763B, 0x763B, 0x763B, 0x763B,
    0x763B, 0x763B, 0x763B, 0x763B, 0x765B, 0x765B, 0x765B, 0x765B, 0x7E5B, 0x7E5B, 0x7E7B, 0x7E7B,
    0x7E5B, 0x7E7B, 0x7E7B, 0x7E7C, 0x7E7C, 0x7E7C, 0x7E7C, 0x7E7C, 0x7E7C, 0x7E7C, 0x867C, 0x7E7C,
    0x7E7C, 0x7E7C, 0x7E7C, 0x867C, 0x869C, 0x869C, 0x869C, 0x869C, 0x869C, 0x8EBC, 0x9EDD, 0x869C,
    0x8EBC, 0xA6FD, 0x869C, 0x869C, 0x7E9C, 0x96DD, 0xF7DF, 0xFFFF, 0xC75E, 0xEFBF, 0xFFFF, 0xFFFF,
    0xFFFF, 0xFFFF, 0xFFFF, 0xFFFF, 0xF7DF, 0xEFDF, 0xEFDF, 0xEFDF, 0xEFDF, 0xEFDF, 0xEFDF, 0xEFDF,
    0xEFBF, 0xEFDF, 0xF7FF, 0xF7DF, 0xEFDF, 0xEFDF, 0xE7DF, 0xEFDF, 0xFFFF, 0xF7DF, 0xF7DF, 0xFFFF,
    0xFFFF, 0xF7DF, 0xEFDF, 0xE7BF, 0xE7BF, 0xEFDF, 0xEFDF, 0xEFDF, 0xEFDF, 0xEFDF, 0xF7DF, 0xF7DF,
    0xF7DF, 0xF7DF, 0xF7DF, 0xEFDF, 0xDFBF, 0xC77F, 0xB75E, 0xAF3E, 0xA73E, 0xA73E, 0xA73E, 0xA73E,
    0xA73E, 0xA71E, 0xA73E, 0xA73E, 0xA73E, 0xA73E, 0xA73E, 0xA73E, 0xA73E, 0xA73E, 0xA73E, 0xAF5E,
    0xB75E, 0xB75E, 0xCF9E, 0xC77E, 0xCF9E, 0xD7BE, 0xCF9F, 0xC79E, 0xC79E, 0xCF9E, 0xD7BE, 0xCF9F,
    0xB77E, 0xAF5D, 0xBF9F, 0xB77E, 0xAF5E, 0xAF7E, 0xAF7E, 0xAF7E, 0xAF7E, 0xAF7E, 0xAF7E, 0xAF7E,
    0x7E1B, 0x761B, 0x761B, 0x761B, 0x7E1B, 0x7E1B, 0x7E1B, 0x761B, 0x761B, 0x7E1B, 0x7E3C, 0x7D99,
    0xAD58, 0xAD98, 0xB598, 0xA537, 0xAD57, 0xDEBC, 0xFF3F, 0xEE9C, 0xE6BD, 0xE69D, 0xBD78, 0x9CD6,
    0xC5BA, 0xCDDA, 0x6B10, 0x7312, 0x9C17, 0x5AAF, 0x21A7, 0x2987, 0x6BD2, 0xBE1A, 0xAD98, 0xADB9,
    0xB5B9, 0xAD99, 0xB5B9, 0xA557, 0xA557, 0x8CB5, 0x6371, 0x5B30, 0x6351, 0x6371, 0x5B51, 0x5B31,
    0x5B51, 0x5351, 0x5331, 0x5351, 0x5351, 0x5352, 0x5372, 0x5372, 0x5392, 0x5392, 0x5392, 0x5393,
    0x5B93, 0x5B52, 0x4B51, 0x5537, 0x663B, 0x65DA, 0x65DA, 0x65DA, 0x65DA, 0x65DA, 0x65FA, 0x65FA,
    0x65FA, 0x65FA, 0x65FA, 0x6DFA, 0x6DFA, 0x6DFA, 0x6DFA, 0x6DFA, 0x6DFA, 0x6DFA, 0x6DFA, 0x6DFA,
    0x6DFB, 0x6E1A, 0x6DFB, 0x6E1B, 0x6E1B, 0x6E1B, 0x6E1B, 0x6E1B, 0x6E1B, 0x6E3B, 0x761B, 0x6E1B,
    0x761B, 0x761B, 0x763B, 0x763B, 0x763B, 0x763B, 0x763B, 0x763B, 0x763B, 0x763B, 0x763B, 0x763B,
    0x765B, 0x765B, 0x765B, 0x765B, 0x765B, 0x7E5B, 0x7E5B, 0x7E5B, 0x7E5B, 0x7E5B, 0x7E7B, 0x7E5B,
    0x7E5C, 0x7E7B, 0x7E7C, 0x7E7C, 0x7E7C, 0x867C, 0x7E7C, 0x7E7C, 0x869C, 0x869C, 0x867C, 0x867C,
    0x869C, 0x869C, 0x869C, 0x869C, 0x869C, 0x869C, 0x869C, 0x869C, 0x8EBC, 0x9EDD, 0x9EDD, 0x8EBC,
    0x869C, 0x7E9C, 0x8EBD, 0xB73D, 0xCF5E, 0xDF9E, 0xFFFF, 0xFFFF, 0xFFFF, 0xFFFF, 0xFFFF, 0xFFFF,
    0xFFFF, 0xFFFF, 0xFFFF, 0xFFFF, 0xF7DF, 0xEFDF, 0xE7DF, 0xE7DF, 0xEFDF, 0xEFDF, 0xF7DF, 0xF7DF,
    0xEFDF, 0xEFDF, 0xEFDF, 0xEFBF, 0xEFDF, 0xE7BF, 0xEFDF, 0xE7BF, 0xF7DF, 0xEFDF, 0xEFDF, 0xFFFF,
    0xF7DF, 0xE7BF, 0xEFDF, 0xF7DF, 0xEFDF, 0xEFDF, 0xEFDF, 0xEFDF, 0xEFDF, 0xF7DF, 0xF7DF, 0xEFDF,
    0xF7DF, 0xF7DF, 0xEFDF, 0xEFDF, 0xE7DF, 0xC77E, 0xB75E, 0xAF3E, 0xA73E, 0xA73E, 0xA73E, 0xA73E,
    0xA73E, 0xA73E, 0xA73E, 0xA73E, 0xA73E, 0xA73E, 0xA73E, 0xA73E, 0xA73E, 0xA73E, 0xA73E, 0xB75F,
    0xBF7F, 0xCF9E, 0xE7BF, 0xE7BF, 0xDFBF, 0xD7BF, 0xC79E, 0xCF9E, 0xD7BF, 0xCF9E, 0xBF7E, 0xB77E,
    0xAF5E, 0xAF7E, 0xC7BF, 0xAF5E, 0xAF7E, 0xAF7E, 0xAF7E, 0xAF7E, 0xAF7E, 0xAF7E, 0xAF7E, 0xAF7E,
    0x75FA, 0x75FA, 0x75FB, 0x75FA, 0x75FB, 0x761B, 0x7E1B, 0x761B, 0x761B, 0x7E1B, 0x761A, 0x9517,
    0xB5B9, 0xAD57, 0xA536, 0xCE19, 0xEEBD, 0xF73E, 0xFF5F, 0xEEDD, 0xD5FA, 0xCDFA, 0xD5FB, 0xCDFA,
    0xA4D6, 0x7332, 0x7B33, 0x7B53, 0x5A8E, 0x21A7, 0x31A7, 0x3A0A, 0x9D17, 0xB5B8, 0xAD98, 0xB599,
    0xB598, 0xB599, 0xA516, 0xA516, 0x8454, 0x5B30, 0x5B50, 0x6350, 0x5B30, 0x5B30, 0x5B30, 0x5B30,
    0x5331, 0x5310, 0x5330, 0x5331, 0x5331, 0x5351, 0x5351, 0x5372, 0x5372, 0x5372, 0x5372, 0x5372,
    0x5372, 0x5393, 0x5B73, 0x5331, 0x5475, 0x663B, 0x65FA, 0x65DA, 0x65FA, 0x65FA, 0x65FA, 0x65FA,
    0x65FA, 0x65FA, 0x65FA, 0x6DFA, 0x6DFA, 0x6DFA, 0x6DFA, 0x6DFA, 0x6E1A, 0x6E1A, 0x6E1A, 0x6E1B,
    0x6E1B, 0x6E1B, 0x6E1B, 0x6E1B, 0x6E1B, 0x6E1B, 0x6E1B, 0x6E1B, 0x6E1B, 0x763B, 0x763B, 0x763B,
    0x763B, 0x763B, 0x763B, 0x763B, 0x763B, 0x763B, 0x763B, 0x763B, 0x765B, 0x765B, 0x765B, 0x765B,
    0x7E5B, 0x7E5B, 0x7E5B, 0x7E5B, 0x7E5B, 0x7E5B, 0x7E5B, 0x7E5B, 0x7E5B, 0x7E7C, 0x7E7C, 0x7E7C,
    0x7E7C, 0x7E7C, 0x7E7C, 0x867C, 0x867C, 0x7E7C, 0x867C, 0x869C, 0x869C, 0x869C, 0x869C, 0x869C,
    0x869C, 0x869C, 0x869C, 0x869C, 0x869C, 0x869C, 0x869C, 0x8EBC, 0x9EBD, 0x8EBC, 0x86BC, 0x869C,
    0x8EBC, 0x8EBD, 0xB73D, 0xD79E, 0xE7BF, 0xF7DF, 0xFFFF, 0xF7DF, 0xEFDF, 0xFFFF, 0xFFFF, 0xFFFF,
    0xFFFF, 0xFFFF, 0xFFFF, 0xF7FF, 0xF7DF, 0xEFDF, 0xEFDF, 0xEFDF, 0xEFDF, 0xF7DF, 0xF7FF, 0xFFFF,
    0xEFDF, 0xE7BF, 0xE7BF, 0xE7BF, 0xEFDF, 0xEFBF, 0xE7BF, 0xE7BF, 0xE7BF, 0xE7BF, 0xE7BF, 0xE7BF,
    0xE7BF, 0xE7BF, 0xEFDF, 0xF7DF, 0xEFBF, 0xEFBF, 0xF7DF, 0xEFDF, 0xEFDF, 0xF7FF, 0xF7DF, 0xEFDF,
    0xEFDF, 0xEFDF, 0xEFDF, 0xEFDF, 0xBF7E, 0xA73D, 0xA73D, 0xA71E, 0xA71E, 0xA73E, 0xA73E, 0xA73E,
    0xA73E, 0xA75E, 0xA75E, 0xA75E, 0xA73E, 0xA73E, 0xA73E, 0xA73E, 0xA73E, 0xA73E, 0xB75E, 0xBF7F,
    0xCF9F, 0xE7DF, 0xE7DF, 0xDFDF, 0xDFDF, 0xD7BE, 0xD7BE, 0xCF9E, 0xBF7E, 0xB77E, 0xAF5E, 0xAF5E,
    0xAF5E, 0xBFBF, 0xB79E, 0xAF5E, 0xAF7E, 0xAF7E, 0xAF5E, 0xAF7E, 0xAF5E, 0xB77E, 0xB77E, 0xB77E,
    0x6DDA, 0x6DDA, 0x6DDA, 0x6DDA, 0x6DDA, 0x6DFA, 0x761A, 0x75FA, 0x761B, 0x763B, 0x7598, 0xA537,
    0xA537, 0xB557, 0xE69C, 0xFF9F, 0xF73E, 0xE67C, 0xEE9C, 0xFF5F, 0xF71E, 0xBD78, 0xAD16, 0xBD99,
    0x6AF0, 0x6AF1, 0x93D6, 0x62D0, 0x2146, 0x29A7, 0x31A7, 0x5B10, 0xAD98, 0xAD98, 0xB598, 0xB598,
    0xB599, 0x9CF6, 0xA536, 0x7C13, 0x5B0F, 0x6350, 0x5B30, 0x5B0F, 0x5B0F, 0x530F, 0x52EF, 0x52EF,
    0x52F0, 0x5310, 0x5310, 0x5330, 0x5331, 0x5331, 0x5351, 0x5351, 0x5331, 0x5351, 0x5351, 0x5352,
    0x5352, 0x5352, 0x5372, 0x5373, 0x52F0, 0x4BD2, 0x663B, 0x65FA, 0x65FA, 0x65FA, 0x65FA, 0x6DFA,
    0x6DFA, 0x6DFA, 0x6DFA, 0x6E1A, 0x6E1A, 0x6E1A, 0x6E1A, 0x6E1B, 0x6E1B, 0x6E1B, 0x6E1B, 0x6E1B,
    0x6E1B, 0x6E1B, 0x6E1B, 0x6E1B, 0x6E1B, 0x761B, 0x763B, 0x763B, 0x763B, 0x763B, 0x763B, 0x763B,
    0x763B, 0x763B, 0x763B, 0x763B, 0x763B, 0x763B, 0x765B, 0x765B, 0x7E5B, 0x7E5B, 0x7E5B, 0x7E5B,
    0x7E5B, 0x7E5B, 0x7E5B, 0x7E5B, 0x7E5B, 0x7E7B, 0x7E5B, 0x7E5B, 0x7E5C, 0x7E7C, 0x7E7C, 0x7E7C,
    0x7E7C, 0x7E7C, 0x7E7C, 0x869C, 0x869C, 0x869C, 0x869C, 0x869C, 0x869C, 0x869C, 0x869C, 0x869C,
    0x869C, 0x869C, 0x869C, 0x869C, 0x869C, 0x869C, 0x869C, 0x8EBC, 0x8EBC, 0x86BC, 0x86BC, 0x8EBC,
    0x8EDD, 0x9EFD, 0xA71D, 0xC75E, 0xDF9F, 0xD79F, 0xE7BF, 0xEFDF, 0xF7FF, 0xFFFF, 0xFFFF, 0xFFFF,
    0xFFFF, 0xFFFF, 0xFFFF, 0xF7DF, 0xF7DF, 0xEFDF, 0xE7BF, 0xEFDF, 0xF7DF, 0xF7FF, 0xFFFF, 0xF7FF,
    0xE7BF, 0xE7BF, 0xE7BF, 0xE7BF, 0xE7BF, 0xEFDF, 0xEFDF, 0xF7DF, 0xFFFF, 0xEFDF, 0xE7BF, 0xE7BF,
    0xE7BF, 0xE7BF, 0xE7BF, 0xE7BF, 0xE7DF, 0xF7FF, 0xFFFF, 0xF7DF, 0xF7DF, 0xFFFF, 0xF7FF, 0xEFDF,
    0xEFBF, 0xEFDF, 0xF7DF, 0xC77E, 0x9F1D, 0xA73D, 0xA73D, 0xA73E, 0xA73D, 0xA73E, 0xA73E, 0xA73E,
    0xA73E, 0xA73E, 0xA73E, 0xA75E, 0xA75E, 0xA75E, 0xA75E, 0xA75E, 0xAF5E, 0xAF5E, 0xB77E, 0xBF7E,
    0xCF9F, 0xCF9F, 0xBF7F, 0xC79F, 0xDFDF, 0xDFBF, 0xD7BE, 0xB77E, 0xAF5E, 0xAF7E, 0xAF7E, 0xAF5E,
    0xB77E, 0xC7BF, 0xAF5E, 0xAF7E, 0xB77E, 0xB77E, 0xB77E, 0xB7BF, 0xB79E, 0xB77E, 0xB77E, 0xB77E,
    0x65BA, 0x65DA, 0x6DDA, 0x6DDA, 0x65DA, 0x65DA, 0x65DA, 0x65DA, 0x6DDA, 0x6E1B, 0x8537, 0x9CB5,
    0xC619, 0xFFBF, 0xEEDD, 0xE67C, 0xF73E, 0xFF5F, 0xEE9D, 0xE65C, 0xEEDD, 0xDE5C, 0xB537, 0x6AF0,
    0x8354, 0x7B32, 0x5A8F, 0x2186, 0x2987, 0x31A7, 0x3A2A, 0x7C14, 0xB5B9, 0xAD98, 0xB598, 0xB599,
    0xA4F6, 0xAD37, 0x7C13, 0x52EF, 0x6330, 0x5B0F, 0x5B0F, 0x5B0F, 0x52EF, 0x52EF, 0x52EF, 0x52EF,
    0x52EF, 0x4AEF, 0x4AF0, 0x4AF0, 0x5310, 0x4B10, 0x5330, 0x5331, 0x5331, 0x5331, 0x5331, 0x5351,
    0x5351, 0x5351, 0x5351, 0x5351, 0x5372, 0x4AF0, 0x4BF3, 0x6E5C, 0x6DFA, 0x6DFA, 0x6DFA, 0x6DFA,
    0x6E1A, 0x6DFA, 0x6DFA, 0x6E1B, 0x6E1B, 0x6E1B, 0x6E1B, 0x6E1B, 0x6E1B, 0x6E3B, 0x6E1B, 0x6E1B,
    0x6E1B, 0x6E1B, 0x761B, 0x761B, 0x763B, 0x763B, 0x763B, 0x763B, 0x763B, 0x763B, 0x763B, 0x763B,
    0x763B, 0x763B, 0x765B, 0x765B, 0x765B, 0x7E5B, 0x7E5B, 0x7E5B, 0x7E5B, 0x7E5B, 0x7E5B, 0x7E5B,
    0x7E5B, 0x7E5B, 0x7E5B, 0x7E5B, 0x7E7C, 0x7E7C, 0x7E7C, 0x7E7C, 0x7E7C, 0x867C, 0x7E7C, 0x7E7C,
    0x7E7C, 0x7E7C, 0x869C, 0x869C, 0x869C, 0x869C, 0x869C, 0x869C, 0x869C, 0x8E9C, 0x8EBC, 0x869C,
    0x869C, 0x869C, 0x869C, 0x869C, 0x869C, 0x86BC, 0x8EBC, 0x8EBC, 0x86BC, 0x8EBC, 0x8EBC, 0x8EBC,
    0x96DC, 0x9EFD, 0xA6FD, 0xB71D, 0xC75E, 0xAEFD, 0xC75E, 0xEFBF, 0xF7DF, 0xFFFF, 0xFFFF, 0xFFFF,
    0xFFFF, 0xFFFF, 0xFFDF, 0xF7DF, 0xEFDF, 0xEFDF, 0xE7BF, 0xEFDF, 0xF7DF, 0xFFFF, 0xFFFF, 0xF7DF,
    0xE7BF, 0xE7BF, 0xE7BF, 0xE7BF, 0xE7BF, 0xE7BE, 0xF7FF, 0xFFFF, 0xFFFF, 0xEFDF, 0xE7BF, 0xE7BF,
    0xE7BF, 0xE7BF, 0xE7BF, 0xE7BF, 0xF7DF, 0xFFFF, 0xFFFF, 0xF7FF, 0xEFDF, 0xEFBF, 0xEFDF, 0xFFDF,
    0xF7DF, 0xEFDF, 0xF7DF, 0xBF7E, 0x9F1D, 0xA73E, 0xA73D, 0xA73D, 0xA75E, 0xA73E, 0xA73E, 0xA73E,
    0xA73E, 0xA75E, 0xA75E, 0xA75E, 0xA75E, 0xA75E, 0xAF5E, 0xA75E, 0xAF5E, 0xB77E, 0xB77E, 0xBF7F,
    0xB75F, 0xAF5E, 0xAF5F, 0xCF9F, 0xDFBF, 0xCF9E, 0xBF9E, 0xB77E, 0xAF7E, 0xAF7E, 0xAF7E, 0xAF5E,
    0xC7BF, 0xBF9E, 0xAF5E, 0xB77E, 0xAF7E, 0xB77F, 0xB77F, 0xB7DF, 0xBFFF, 0xB79F, 0xB77E, 0xB77E,
    0x5DB9, 0x65BA, 0x65DA, 0x65DA, 0x65DA, 0x65DA, 0x65BA, 0x65DA, 0x65DA, 0x65DA, 0x84B4, 0xD65A,
    0xEEDD, 0xEEFE, 0xFF7F, 0xEEFD, 0xE65B, 0xF6DE, 0xFF7F, 0xF6FE, 0xD5FA, 0xAD37, 0x7351, 0x6290,
    0x8353, 0x8354, 0x2987, 0x2146, 0x31A7, 0x31A7, 0x4A8D, 0x94B5, 0xB5B9, 0xAD78, 0xB599, 0xA4F5,
    0xAD37, 0x8434, 0x52CF, 0x6330, 0x5B0F, 0x5AEF, 0x52EF, 0x52EF, 0x52CF, 0x52CE, 0x52CF, 0x52EF,
    0x4ACF, 0x4ACF, 0x4ACF, 0x4AEF, 0x4AF0, 0x4B10, 0x4B10, 0x5330, 0x5331, 0x5331, 0x5331, 0x5331,
    0x5331, 0x5351, 0x5351, 0x5351, 0x5331, 0x5372, 0x4AD0, 0x5454, 0x6E5B, 0x6DFA, 0x6DFA, 0x6E1A,
    0x6E1B, 0x6E1B, 0x6E1B, 0x6E1B, 0x6E1B, 0x6E1B, 0x6E1B, 0x6E1B, 0x6E1B, 0x761B, 0x761B, 0x6E3B,
    0x763B, 0x763B, 0x763B, 0x763B, 0x763B, 0x763B, 0x763B, 0x763B, 0x763B, 0x763B, 0x763B, 0x765B,
    0x763B, 0x7E5B, 0x7E5B, 0x7E5B, 0x7E5B, 0x7E5B, 0x7E5B, 0x7E5B, 0x7E5B, 0x7E5B, 0x7E5B, 0x7E5B,
    0x7E5C, 0x7E7C, 0x7E7C, 0x7E7C, 0x7E7C, 0x7E7C, 0x7E7C, 0x867C, 0x869C, 0x7E9C, 0x7E7C, 0x867C,
    0x867C, 0x869C, 0x869C, 0x869C, 0x8EBC, 0x8EBC, 0x8EBC, 0x8E9C, 0x8EBC, 0x8EBC, 0x8EBC, 0x8EBC,
    0x8E9C, 0x86BC, 0x869C, 0x869C, 0x86BC, 0x8EBC, 0x8EBC, 0x8EBC, 0x8EBC, 0x8EBC, 0x8EBD, 0x8EDC,
    0x96DD, 0x96DC, 0x9EFD, 0x9EFD, 0x9EFD, 0x8EDC, 0xC75E, 0xE7BF, 0xF7DF, 0xFFFF, 0xFFFF, 0xF7FF,
    0xF7DF, 0xF7DF, 0xF7FF, 0xFFFF, 0xF7FF, 0xEFDF, 0xEFDF, 0xF7FF, 0xF7DF, 0xFFFF, 0xFFFF, 0xEFDF,
    0xE7BF, 0xE7BF, 0xE7BF, 0xE7BF, 0xE7BF, 0xE7BF, 0xE7BF, 0xEFDF, 0xEFBF, 0xE7BF, 0xE7BF, 0xE7BF,
    0xE7BF, 0xE7BF, 0xE7BF, 0xEFBF, 0xF7DF, 0xF7DF, 0xE7BF, 0xE7BF, 0xE7BF, 0xE7BF, 0xE7BF, 0xF7DF,
    0xF7DF, 0xEFDF, 0xEFDF, 0xE7DF, 0xD79F, 0xAF5E, 0xA73D, 0xAF5E, 0xAF3E, 0xAF3E, 0xA73E, 0xA73E,
    0xA75E, 0xA73E, 0xA75E, 0xA75E, 0xA75E, 0xAF5E, 0xAF7E, 0xAF5E, 0xAF5E, 0xAF5E, 0xB77E, 0xB77E,
    0xB77F, 0xCF9F, 0xCFBF, 0xDFDF, 0xCF9F, 0xB77F, 0xB77E, 0xB77E, 0xB77E, 0xAF5E, 0xAF7E, 0xB77E,
    0xCFBF, 0xAF7E, 0xB77E, 0xB77E, 0xB77F, 0xB77F, 0xB77F, 0xB77F, 0xB79F, 0xB79F, 0xB77E, 0xB79F,
    0x65DA, 0x65DA, 0x65DA, 0x65DA, 0x65DA, 0x65DA, 0x5DBA, 0x5DBA, 0x65FA, 0x5D37, 0xCDF9, 0xFFFF,
    0xF71E, 0xE67C, 0xEEBD, 0xFF5F, 0xF71E, 0xE63C, 0xE67C, 0xFF7F, 0xDE7C, 0x6B10, 0x7B33, 0x7B11,
    0x6AD1, 0x3188, 0x2166, 0x2966, 0x29A6, 0x39E9, 0x52EF, 0xA517, 0xB598, 0xB598, 0xA517, 0xAD16,
    0x9CB5, 0x52EE, 0x5B2F, 0x5AEF, 0x5AEF, 0x5AEF, 0x52EF, 0x52CE, 0x52CE, 0x4AAE, 0x4AAE, 0x4AAE,
    0x4ACF, 0x4ACE, 0x4ACF, 0x4AEF, 0x4AEF, 0x4AEF, 0x4AF0, 0x5310, 0x5310, 0x5310, 0x5310, 0x4B10,
    0x4B10, 0x5330, 0x5330, 0x5331, 0x5331, 0x5331, 0x5331, 0x5310, 0x6557, 0x6E5C, 0x6DFA, 0x6E1B,
    0x6E1B, 0x6E1B, 0x6E1B, 0x6E1B, 0x6E3B, 0x6E1B, 0x6E1B, 0x6E1B, 0x6E1B, 0x761B, 0x763B, 0x763B,
    0x763B, 0x763B, 0x763B, 0x763B, 0x763B, 0x763B, 0x763B, 0x763B, 0x763B, 0x765B, 0x765B, 0x7E5B,
    0x7E5B, 0x7E5B, 0x7E5B, 0x7E5B, 0x7E5B, 0x7E5B, 0x7E5B, 0x7E5B, 0x7E5B, 0x7E5B, 0x7E5C, 0x7E5C,
    0x7E7C, 0x7E7C, 0x7E7C, 0x7E7C, 0x7E7C, 0x7E7C, 0x867C, 0x867C, 0x867B, 0x867C, 0x867C, 0x867C,
    0x869C, 0x8EBC, 0x8EBC, 0x8EBC, 0x96BC, 0x96BD, 0x8EBC, 0x8EBC, 0x96BC, 0x96BD, 0x8EBC, 0x8EBC,
    0x869C, 0x86BC, 0x8EBC, 0x8EBC, 0x8EBC, 0x8EBC, 0x8EBC, 0x8EBC, 0x8EBC, 0x8EBD, 0x8EBD, 0x8EDC,
    0x8EBC, 0x8EBC, 0x8EDC, 0x8EDC, 0x8EBC, 0x8EDC, 0xB73D, 0xDF9F, 0xD77E, 0xDF9F, 0xE7BF, 0xEFDF,
    0xF7DF, 0xF7DF, 0xF7FF, 0xFFFF, 0xEFDF, 0xEFDF, 0xF7DF, 0xF7DF, 0xF7DF, 0xFFFF, 0xFFFF, 0xF7DF,
    0xE7BF, 0xE7BF, 0xE7BF, 0xE7BF, 0xE7BF, 0xE7BF, 0xE7BF, 0xE7BF, 0xE7BF, 0xE7BF, 0xE7BF, 0xE7BF,
    0xE7DF, 0xEFBF, 0xEFBF, 0xEFBF, 0xEFDF, 0xEFBF, 0xEFBF, 0xE7BF, 0xE7BF, 0xE7BF, 0xEFBF, 0xEFDF,
    0xEFDF, 0xEFDF, 0xEFDF, 0xEFBF, 0xD79F, 0xD79E, 0xCF9F, 0xB75E, 0xAF5E, 0xA73E, 0xA73E, 0xA75E,
    0xA75E, 0xAF5E, 0xAF5E, 0xAF5E, 0xAF5E, 0xAF5E, 0xAF5E, 0xAF7F, 0xAF5E, 0xAF7E, 0xB77E, 0xBF9F,
    0xD7BF, 0xDFBF, 0xDFDF, 0xCF9F, 0xBF7F, 0xB77F, 0xAF7F, 0xB77E, 0xB77E, 0xB77E, 0xAF7E, 0xC7BF,
    0xC7BF, 0xAF7E, 0xB77E, 0xB77F, 0xB77E, 0xB79E, 0xB79E, 0xB77F, 0xB77E, 0xB77F, 0xB79E, 0xB7BF,
    0x65DA, 0x65DA, 0x65DA, 0x5D99, 0x5DBA, 0x5599, 0x5599, 0x5599, 0x4D99, 0x8517, 0xE65B, 0xD63B,
    0xEEFD, 0xEEDD, 0xDE1B, 0xEE9D, 0xFF3F, 0xF73E, 0xE65B, 0xEE7C, 0x8BF3, 0x624E, 0x7B12, 0x9395,
    0x49EB, 0x2145, 0x2146, 0x2986, 0x2966, 0x422B, 0x5B0F, 0xAD57, 0xB598, 0xAD77, 0xA4D5, 0xAD58,
    0x6330, 0x5B0F, 0x5B0F, 0x5AEF, 0x5AEF, 0x52CE, 0x52CE, 0x52CE, 0x52EE, 0x530F, 0x52EF, 0x52EF,
    0x4AAE, 0x52CF, 0x4AAE, 0x42AE, 0x4AAE, 0x5310, 0x5310, 0x4ACF, 0x4AEF, 0x4B10, 0x4B10, 0x4B10,
    0x4B10, 0x4B10, 0x5310, 0x5310, 0x5310, 0x5310, 0x5330, 0x5331, 0x63F3, 0x65B9, 0x763B, 0x6E1A,
    0x6E1B, 0x6E1B, 0x6E1B, 0x6E1B, 0x6E1B, 0x761B, 0x763B, 0x763B, 0x763B, 0x763B, 0x763B, 0x763B,
    0x763B, 0x763B, 0x763B, 0x763B, 0x763B, 0x765B, 0x7E5B, 0x7E5B, 0x7E5B, 0x7E5B, 0x7E5B, 0x7E5B,
    0x7E5B, 0x7E5B, 0x7E5B, 0x7E5B, 0x7E5B, 0x7E5B, 0x7E5B, 0x7E5B, 0x7E7C, 0x7E7C, 0x7E7C, 0x7E7C,
    0x7E7C, 0x7E7C, 0x867C, 0x7E7C, 0x7E7C, 0x867C, 0x867C, 0x867C, 0x867C, 0x869C, 0x867C, 0x869C,
    0x96DD, 0x96DD, 0x96DC, 0x9EDD, 0x9EDD, 0x96DD, 0x96DD, 0x96DD, 0x96BD, 0x96DD, 0x96DD, 0x96DD,
    0x86BC, 0x8EBC, 0x8EBC, 0x8EBC, 0x8EBC, 0x8EBC, 0x8EBC, 0x8EDD, 0x8EBC, 0x8EBC, 0x8EDC, 0x8EDC,
    0x8EDC, 0x8EDD, 0x96DD, 0x96DD, 0x96DD, 0x96DD, 0x96FC, 0xAF1D, 0xAF1D, 0xC75E, 0xDF9E, 0xEFDF,
    0xF7DF, 0xF7DF, 0xF7DF, 0xEFDF, 0xEFDF, 0xF7DF, 0xF7DF, 0xF7DF, 0xFFFF, 0xFFFF, 0xEFDF, 0xFFFF,
    0xEFDF, 0xE7BF, 0xE7BF, 0xEFDF, 0xEFDF, 0xE7BF, 0xE7BF, 0xE7BF, 0xE7BF, 0xE7BF, 0xE7BF, 0xEFBF,
    0xEFBF, 0xEFDF, 0xEFDF, 0xEFDF, 0xEFDF, 0xEFDF, 0xE7BF, 0xE7BF, 0xF7DF, 0xF7DF, 0xEFDF, 0xEFDF,
    0xEFDF, 0xEFDF, 0xEFDF, 0xE7BF, 0xEFFF, 0xEFFF, 0xC7BF, 0xAF5E, 0xA75E, 0xAF5E, 0xAF5E, 0xAFBF,
    0xAF7E, 0xAF5E, 0xAF5E, 0xAF5E, 0xAF5E, 0xAF5E, 0xAF5E, 0xAF7F, 0xAF7F, 0xB77F, 0xC79F, 0xD7BF,
    0xD7BF, 0xDFBF, 0xD7BF, 0xB77F, 0xB77F, 0xB77F, 0xB77F, 0xB77F, 0xB77F, 0xB77F, 0xB77E, 0xCFDF,
    0xB77E, 0xB79F, 0xB77E, 0xBF9E, 0xB79F, 0xB77E, 0xB79E, 0xBF9E, 0xBF9E, 0xB79E, 0xB79E, 0xB79E,
    0x65DA, 0x65DA, 0x65BA, 0x5599, 0x5599, 0x5579, 0x5579, 0x5DBA, 0x4518, 0xA4D6, 0xDE3C, 0xB4F6,
    0x8373, 0x93D3, 0xC599, 0xD5DA, 0xE65B, 0xFF1F, 0xFF9F, 0xB537, 0x6A90, 0x7B12, 0x72D0, 0x522C,
    0x2125, 0x2966, 0x2145, 0x2987, 0x2966, 0x4A8D, 0x6B71, 0xAD57, 0xB599, 0x9CD5, 0xB578, 0x7BD2,
    0x5AEE, 0x5B0F, 0x5AEF, 0x5AEF, 0x4AAD, 0x52AE, 0x52CE, 0x52AE, 0x52EF, 0x5B50, 0x6391, 0x5B30,
    0x4AAE, 0x426D, 0x426D, 0x4AAE, 0x52EF, 0x6C14, 0x63F3, 0x5330, 0x52EF, 0x4AEF, 0x4AEF, 0x4AF0,
    0x4ACF, 0x5310, 0x4AEF, 0x4AEF, 0x4AF0, 0x4AEF, 0x5310, 0x4AF0, 0x5B71, 0x6474, 0x6E1A, 0x763B,
    0x6E1B, 0x761B, 0x761B, 0x763B, 0x763B, 0x763B, 0x763B, 0x763B, 0x763B, 0x763B, 0x763B, 0x763B,
    0x763B, 0x765B, 0x765B, 0x765B, 0x7E5B, 0x7E5B, 0x7E5B, 0x7E5B, 0x7E5B, 0x7E5B, 0x7E5B, 0x7E7B,
    0x7E5B, 0x7E5B, 0x7E5B, 0x7E5B, 0x7E5B, 0x7E7C, 0x7E7C, 0x7E7C, 0x7E7C, 0x7E7C, 0x7E7C, 0x7E7C,
    0x867C, 0x867C, 0x867C, 0x867C, 0x867C, 0x867C, 0x867C, 0x869C, 0x869C, 0x869C, 0x869C, 0x8EBC,
    0x9EDD, 0x9EDD, 0xA6FD, 0xA6FD, 0x9EDD, 0x9EDD, 0x9EDD, 0x9EDD, 0x9EDD, 0x9EFD, 0x96BD, 0x8EBD,
    0x8EBD, 0x8EBC, 0x8EBC, 0x8EBC, 0x8EBC, 0x8EBC, 0x8EBC, 0x8EDC, 0x8EDC, 0x8EDC, 0x8EBC, 0x8EDC,
    0x96DD, 0x96DD, 0x96DD, 0x96DD, 0x96DD, 0x96DD, 0x9EFD, 0x9EFD, 0xAF1D, 0xBF3D, 0xBF3E, 0xB73E,
    0xEFDF, 0xFFFF, 0xF7DF, 0xEFDF, 0xEFDF, 0xF7DF, 0xF7DF, 0xFFFF, 0xFFFF, 0xEFDF, 0xE7BF, 0xE7BE,
    0xF7DF, 0xFFFF, 0xF7FF, 0xFFFF, 0xFFFF, 0xF7DF, 0xE7BF, 0xE7BF, 0xE7BF, 0xE7BF, 0xE7BF, 0xEFBF,
    0xEFDF, 0xEFDF, 0xEFDF, 0xEFDF, 0xEFDF, 0xE7BF, 0xEFDF, 0xF7DF, 0xF7DF, 0xEFDF, 0xEFDF, 0xE7BF,
    0xE7BF, 0xE7BF, 0xE7BF, 0xEFDF, 0xD7BF, 0xAF7E, 0xAF5D, 0xAF5E, 0xAF5E, 0xAF5E, 0xAF9E, 0xAFBF,
    0xAF7E, 0xAF5E, 0xAF5E, 0xAF5E, 0xAF5E, 0xAF7E, 0xAF7E, 0xAF7E, 0xAF7F, 0xBF9F, 0xD7BF, 0xD7DF,
    0xD7BF, 0xD7DF, 0xC7FF, 0xB7BF, 0xAF7E, 0xAF7F, 0xB77F, 0xB77F, 0xB77F, 0xB77F, 0xC7BF, 0xC7BF,
    0xB77E, 0xBF7E, 0xBF9E, 0xBF9E, 0xBF9E, 0xBF9E, 0xBF9E, 0xBF9E, 0xBF9E, 0xBFBE, 0xBF9E, 0xBF9E,
    0x6DFA, 0x5DB9, 0x5D99, 0x5599, 0x5579, 0x5599, 0x5599, 0x5599, 0x4D99, 0x6C12, 0xA495, 0x9494,
    0x8C33, 0x7B91, 0x62EE, 0xC579, 0xBD58, 0xCD98, 0xF71E, 0x7B71, 0x6A90, 0x9395, 0x6A90, 0x1924,
    0x2966, 0x2125, 0x2946, 0x2986, 0x2986, 0x4AAD, 0x7BD2, 0xAD57, 0xAD37, 0xAD37, 0x9CB5, 0x632F,
    0x6B50, 0x5AEE, 0x5B0F, 0x52AD, 0x4A8D, 0x52CE, 0x52AE, 0x52AE, 0x4AAD, 0x52CE, 0x530F, 0x4AAE,
    0x3A0B, 0x424C, 0x4ACE, 0x4AAE, 0x530F, 0x63B2, 0x5330, 0x5330, 0x52EF, 0x4AEF, 0x4ACF, 0x4AEF,
    0x3A4D, 0x4AEF, 0x5310, 0x5330, 0x5330, 0x4AEF, 0x42AE, 0x530F, 0x4ACF, 0x6BF3, 0x5CD5, 0x767C,
    0x761B, 0x763B, 0x763B, 0x763B, 0x763B, 0x763B, 0x763B, 0x763B, 0x763B, 0x763B, 0x763B, 0x7E5B,
    0x7E5B, 0x765B, 0x7E5B, 0x7E5B, 0x7E5B, 0x7E5B, 0x7E5B, 0x7E5B, 0x7E5B, 0x7E5B, 0x7E5B, 0x7E5B,
    0x7E5B, 0x7E7B, 0x7E7B, 0x7E7C, 0x7E7C, 0x7E7C, 0x7E7C, 0x867C, 0x867C, 0x867C, 0x867C, 0x867C,
    0x869C, 0x869C, 0x867C, 0x867C, 0x869C, 0x869C, 0x869C, 0x869C, 0x869C, 0x869C, 0x8EBC, 0x96DD,
    0xA6FD, 0xAF1D, 0xAF1D, 0xAF1D, 0xAEFD, 0xA6FD, 0xA6FD, 0xAF1D, 0xA6FD, 0xA6FD, 0x96DC, 0x8EBC,
    0x8EBC, 0x8EBC, 0x8EBC, 0x8EBC, 0x8EDC, 0x8EDC, 0x8EBC, 0x8EDC, 0x8EDD, 0x8EDD, 0x8EDD, 0x96DD,
    0x96DD, 0x96DD, 0x96DD, 0x96DD, 0x96DD, 0x9EFD, 0x9EFD, 0xA71D, 0xA71D, 0xA71D, 0x9EFD, 0xC77E,
    0xFFFF, 0xF7DF, 0xF7DF, 0xF7DF, 0xF7DF, 0xF7DF, 0xF7FF, 0xFFFF, 0xFFFF, 0xEFDF, 0xF7DF, 0xEFDF,
    0xF7FF, 0xFFFF, 0xFFFF, 0xFFFF, 0xFFFF, 0xFFFF, 0xF7DF, 0xE7BF, 0xE7BF, 0xE7BF, 0xE7BF, 0xE7BF,
    0xEFDF, 0xEFDF, 0xF7FF, 0xEFDF, 0xEFDF, 0xE7BF, 0xEFBF, 0xEFDF, 0xE7BF, 0xE7BF, 0xEFBF, 0xEFBF,
    0xEFBF, 0xEFDF, 0xDFBE, 0xB75E, 0xA73E, 0xAF3E, 0xAF5E, 0xAF5E, 0xAF5E, 0xAF5E, 0xAF5E, 0xAF5E,
    0xAF5E, 0xAF7E, 0xAF7E, 0xAF7E, 0xAF7E, 0xAF7E, 0xB77E, 0xAF5E, 0xB77F, 0xC79F, 0xCFBF, 0xD7BF,
    0xCF9F, 0xB7BF, 0xB7BF, 0xB77F, 0xBF7F, 0xC79F, 0xB79F, 0xB77F, 0xB77F, 0xB77F, 0xD7DF, 0xB79F,
    0xB79E, 0xBF9E, 0xBF9E, 0xBF9E, 0xC79E, 0xC79E, 0xC79E, 0xBF9E, 0xC7BF, 0xC7BF, 0xBF9F, 0xBFBF,
    0x5DBA, 0x5599, 0x5599, 0x5599, 0x5599, 0x5599, 0x5599, 0x5599, 0x4D99, 0x8CF6, 0xB557, 0xAD98,
    0xB598, 0xBDF9, 0x6350, 0x39E9, 0xB4F7, 0xB538, 0x9C74, 0x6A8F, 0x72B1, 0x626F, 0x2146, 0x2946,
    0x2946, 0x2125, 0x2966, 0x2965, 0x31C8, 0x4A8D, 0x8413, 0xB598, 0x9473, 0xB578, 0x7370, 0x8C33,
    0x5B0F, 0x5B0F, 0x52CD, 0x426C, 0x52CE, 0x52CE, 0x52AE, 0x4AAE, 0x4AAD, 0x4AAE, 0x4A8D, 0x31C9,
    0x424C, 0x4ACE, 0x4AAE, 0x4AAE, 0x4AAE, 0x4AAE, 0x4AAE, 0x4AAE, 0x4ACE, 0x4ACF, 0x4ACF, 0x4AAE,
    0x29CA, 0x4ACF, 0x530F, 0x6C13, 0x6C34, 0x63F3, 0x3A6C, 0x4AEF, 0x4AAE, 0x63D3, 0x6C54, 0x6598,
    0x7E5C, 0x763B, 0x763B, 0x763B, 0x763B, 0x763B, 0x763B, 0x7E5B, 0x7E5B, 0x7E3B, 0x7E5B, 0x7E5B,
    0x7E5B, 0x7E5B, 0x7E5B, 0x7E5B, 0x7E5B, 0x7E5B, 0x7E5B, 0x7E5B, 0x7E5B, 0x7E7B, 0x7E7B, 0x7E7B,
    0x7E7C, 0x7E7C, 0x7E7C, 0x7E7C, 0x867C, 0x867C, 0x867C, 0x869C, 0x867C, 0x867C, 0x867C, 0x867C,
    0x869C, 0x869C, 0x869C, 0x869C, 0x869C, 0x869C, 0x869C, 0x869C, 0x869C, 0x869C, 0x96DD, 0xA6FD,
    0xB71E, 0xB71D, 0xB73E, 0xB71E, 0xB73E, 0xB73D, 0xB71D, 0x9EFD, 0x96DC, 0x96DD, 0x96DD, 0x8EBC,
    0x8EBC, 0x8EBC, 0x8EBC, 0x8EBC, 0x8EDC, 0x8EDD, 0x8EDD, 0x96DD, 0x96DD, 0x96DD, 0x96DD, 0x96DD,
    0x96FD, 0x96FD, 0x96FD, 0x96FD, 0x96FD, 0x9EFD, 0x9EFD, 0x9EFD, 0x9EFD, 0x9EFD, 0xE7BF, 0xFFFF,
    0xFFFF, 0xFFFF, 0xF7FF, 0xF7FF, 0xFFFF, 0xF7DF, 0xF7FF, 0xFFFF, 0xFFFF, 0xFFFF, 0xFFFF, 0xFFFF,
    0xFFFF, 0xF7DF, 0xFFFF, 0xFFFF, 0xF7FF, 0xEFDF, 0xEFBF, 0xE7BF, 0xE7BF, 0xE7BF, 0xE7BF, 0xE7BF,
    0xEFDF, 0xF7FF, 0xEFDF, 0xE7DF, 0xE7BF, 0xEFBF, 0xEFBF, 0xEFDF, 0xF7FF, 0xEFDF, 0xE7BF, 0xE7BF,
    0xE7BF, 0xEFBF, 0xE7BF, 0xBF7E, 0xAF5E, 0xAF5E, 0xAF5E, 0xAF5E, 0xAF5E, 0xAF5E, 0xAF5E, 0xAF7E,
    0xAF7E, 0xAF7E, 0xB77E, 0xAF7E, 0xAF7E, 0xB77E, 0xAF7E, 0xAF7E, 0xB77F, 0xC79F, 0xCF9F, 0xBF9F,
    0xB77F, 0xB77F, 0xB77F, 0xBF9F, 0xCFBF, 0xC79F, 0xB77F, 0xB77F, 0xB77F, 0xC7BF, 0xCFDF, 0xB77F,
    0xBF9F, 0xBF9E, 0xBF9F, 0xC79E, 0xD7BF, 0xCFBF, 0xC79E, 0xD7BF, 0xD7DF, 0xCFBF, 0xC79F, 0xBFBF,
    0x5599, 0x5599, 0x5599, 0x5599, 0x5599, 0x5599, 0x5599, 0x55B9, 0x5578, 0x94D5, 0xAD58, 0xAD57,
    0xB578, 0xA516, 0x31C8, 0x1904, 0x2125, 0x9433, 0xA4B5, 0x7B13, 0x626E, 0x2124, 0x2965, 0x2966,
    0x2125, 0x2145, 0x2966, 0x2945, 0x39E9, 0x4A6C, 0x8C74, 0x9474, 0x9474, 0x9474, 0x8412, 0x7BD2,
    0x5AEE, 0x5B0F, 0x422B, 0x52CE, 0x52CE, 0x52AE, 0x52AE, 0x4AAD, 0x52AE, 0x4A8D, 0x29A9, 0x426D,
    0x4AAE, 0x4A8D, 0x4AAE, 0x4AAE, 0x4AAE, 0x4AAE, 0x4AAE, 0x4ACE, 0x4ACE, 0x4AAE, 0x52EF, 0x3A2C,
    0x2189, 0x4ACF, 0x4ACF, 0x4AEF, 0x5B91, 0x6C33, 0x428E, 0x3A4C, 0x5B71, 0x7475, 0x7C95, 0x5C53,
    0x767C, 0x763B, 0x763B, 0x7E5B, 0x763B, 0x765B, 0x7E5B, 0x7E5B, 0x7E5B, 0x7E5B, 0x7E5B, 0x7E5B,
    0x7E5B, 0x7E5B, 0x7E5B, 0x7E5B, 0x7E5B, 0x7E7B, 0x7E7B, 0x7E5B, 0x7E7B, 0x7E7B, 0x7E7B, 0x7E7C,
    0x7E7C, 0x7E7C, 0x7E7C, 0x867C, 0x869C, 0x869C, 0x867C, 0x867C, 0x867C, 0x867C, 0x867C, 0x869C,
    0x869C, 0x869C, 0x869C, 0x869C, 0x8EBC, 0x96BC, 0x869C, 0x869C, 0x869C, 0x869C, 0xAF1D, 0xB73D,
    0xBF3E, 0xBF3E, 0xBF3E, 0xBF3E, 0xB73E, 0xB73E, 0xA6FD, 0x96DD, 0x96DD, 0x96DD, 0x96DC, 0x8EBC,
    0x8EDC, 0x8EDC, 0x96DD, 0x96DD, 0x96DD, 0x96DD, 0x8EDD, 0x96DD, 0x96DD, 0x96DD, 0x96FD, 0x96FD,
    0x96FD, 0x96FD, 0x96FD, 0x96FD, 0x96FD, 0x96FD, 0x9EFD, 0x9EFD, 0x96FD, 0xB73E, 0xFFFF, 0xFFFF,
    0xFFFF, 0xFFFF, 0xFFFF, 0xFFFF, 0xFFFF, 0xF7FF, 0xFFFF, 0xFFFF, 0xFFFF, 0xFFFF, 0xFFFF, 0xFFFF,
    0xF7FF, 0xEFDF, 0xEFDF, 0xEFDF, 0xE7BF, 0xE7BF, 0xE7BF, 0xE7BF, 0xE7BF, 0xE7BF, 0xE7BF, 0xE7BF,
    0xEFDF, 0xE7BF, 0xEFBF, 0xEFBF, 0xE7BF, 0xE7BF, 0xEFDF, 0xF7DF, 0xEFDF, 0xEFDF, 0xE7BF, 0xE7BF,
    0xE7BF, 0xE7BF, 0xE7BF, 0xEFDF, 0xD79E, 0xAF5E, 0xAF5E, 0xAF5E, 0xAF7E, 0xAF5E, 0xAF7E, 0xAF7E,
    0xAF7E, 0xB77E, 0xB77E, 0xB77E, 0xB77E, 0xB77E, 0xB77F, 0xB77E, 0xBF9E, 0xC79F, 0xBF9F, 0xB77F,
    0xB77F, 0xB79F, 0xBF9F, 0xC79F, 0xB79F, 0xB77F, 0xB79F, 0xB79F, 0xB79F, 0xD7DF, 0xBFBF, 0xBF9F,
    0xBF9F, 0xBF9F, 0xC7BF, 0xDFBF, 0xE7DF, 0xDFDF, 0xE7DF, 0xE7DF, 0xDFDF, 0xCFBF, 0xC7BF, 0xBF9F,
    0x55B9, 0x55B9, 0x5DB9, 0x5DB9, 0x5DB9, 0x55B9, 0x5DB9, 0x55BA, 0x5578, 0x9CF6, 0xAD57, 0xB578,
    0xAD37, 0x738F, 0x6B2D, 0x6B6E, 0x5B0C, 0x528A, 0x736E, 0x5A8C, 0x1904, 0x1924, 0x2125, 0x2125,
    0x2104, 0x2945, 0x2966, 0x2944, 0x422A, 0x4A8D, 0x73B1, 0x6B4F, 0xAD58, 0x7BB1, 0x9494, 0x5AEF,
    0x6330, 0x4A6C, 0x4A6C, 0x5AEF, 0x52AD, 0x52AE, 0x4AAD, 0x52AE, 0x4A8D, 0x2989, 0x4A6D, 0x4AAE,
    0x4A8D, 0x4A8D, 0x4AAE, 0x4AAE, 0x4A8E, 0x426D, 0x4A8D, 0x4AAE, 0x4ACE, 0x4AAE, 0x4AAE, 0x3A0B,
    0x31CA, 0x428E, 0x4ACE, 0x4AAE, 0x4AAE, 0x52EF, 0x4ACF, 0x3A0B, 0x5B71, 0x7495, 0x7496, 0x6C13,
    0x6D78, 0x7E7C, 0x7E3B, 0x7E5B, 0x7E5B, 0x7E5B, 0x7E5B, 0x7E5B, 0x7E5B, 0x7E5B, 0x7E5B, 0x7E5B,
    0x7E5B, 0x7E5B, 0x7E5B, 0x7E5B, 0x7E7B, 0x7E7B, 0x7E7B, 0x7E7C, 0x7E7C, 0x7E7C, 0x867C, 0x867C,
    0x869C, 0x869C, 0x867C, 0x867C, 0x867C, 0x869C, 0x867C, 0x867C, 0x869C, 0x869C, 0x869C, 0x869C,
    0x869C, 0x869C, 0x869C, 0x8EBC, 0xB73D, 0xCF5E, 0xA6FD, 0x869C, 0x96BC, 0xB71D, 0xCF5E, 0xC75E,
    0xC75E, 0xC75E, 0xC75E, 0xBF5E, 0xAF1D, 0xA6FD, 0x96DD, 0x8EDD, 0x8EBC, 0x96DC, 0x96DD, 0x96DC,
    0x96DC, 0x8EDD, 0x96DD, 0x96DD, 0x96DD, 0x96DD, 0x96DD, 0x96DD, 0x96FD, 0x96FD, 0x96FD, 0x96FD,
    0x96FD, 0x96FD, 0x96FD, 0x9EFD, 0x96FD, 0x96FD, 0x9EFD, 0x9EFD, 0x9EFD, 0xA71E, 0xF7DF, 0xFFFF,
    0xFFFF, 0xFFFF, 0xFFFF, 0xFFFF, 0xFFFF, 0xFFFF, 0xFFFF, 0xFFFF, 0xFFFF, 0xFFFF, 0xFFFF, 0xEFDF,
    0xF7FF, 0xEFDF, 0xEFDF, 0xEFBF, 0xEFDF, 0xE7BF, 0xE7BF, 0xE7BF, 0xE7BF, 0xE7BF, 0xE7BF, 0xE7BF,
    0xE7BF, 0xE7BF, 0xE7BF, 0xEFDF, 0xEFDF, 0xEFDF, 0xEFBF, 0xEFBF, 0xE7DF, 0xE7DF, 0xEFDF, 0xE7DF,
    0xE7DF, 0xE7BF, 0xE7BF, 0xE7DF, 0xDFBF, 0xAF7E, 0xAF7E, 0xB75E, 0xAF7E, 0xAF7E, 0xB77E, 0xB77E,
    0xB77E, 0xAF7E, 0xB79F, 0xB79F, 0xB77E, 0xB77F, 0xB77E, 0xBF9E, 0xBF9F, 0xB79E, 0xB77E, 0xB77F,
    0xB77F, 0xC79F, 0xC7BF, 0xBF9F, 0xBF9F, 0xB79F, 0xB79F, 0xB79F, 0xC7BF, 0xD7DF, 0xB79F, 0xBFBF,
    0xBFBF, 0xD7BF, 0xE7DF, 0xEFDF, 0xEFDF, 0xF7FF, 0xF7FF, 0xEFFF, 0xE7FF, 0xCFBF, 0xC7FF, 0xC7DF,
    0x5DB9, 0x5DB9, 0x5DB9, 0x5DB9, 0x5DB9, 0x5DBA, 0x5DB9, 0x5DDA, 0x5D57, 0xA4D6, 0xAD78, 0xAD37,
    0x7BD0, 0x8410, 0x8C31, 0x8411, 0x8411, 0x8411, 0x7BCF, 0x7BCF, 0x736E, 0x4A6A, 0x39C8, 0x2945,
    0x2125, 0x2945, 0x2965, 0x2124, 0x4A6C, 0x52AD, 0x4A6C, 0x8C53, 0x9C94, 0x9453, 0x7BB2, 0x632F,
    0x5AEE, 0x3A0A, 0x5AEE, 0x52CE, 0x4A8D, 0x52AE, 0x4A8D, 0x4A8D, 0x31A9, 0x4A8D, 0x4AAE, 0x4A8D,
    0x4A6D, 0x4A8E, 0x4A8E, 0x4A8E, 0x3A2C, 0x3A4C, 0x428D, 0x4AAE, 0x4AAE, 0x4AAE, 0x29CB, 0x7B8F,
    0x736F, 0x320C, 0x4A8D, 0x4ACE, 0x4ACE, 0x4AAE, 0x52EF, 0x3A2B, 0x428D, 0x5350, 0x7454, 0x7C95,
    0x6453, 0x7E7C, 0x7E5B, 0x7E5B, 0x7E5B, 0x7E5B, 0x7E5B, 0x7E5B, 0x7E5B, 0x7E5B, 0x7E5B, 0x7E7B,
    0x867B, 0x7E7B, 0x7E7B, 0x7E7B, 0x7E7C, 0x7E7C, 0x7E7C, 0x7E7C, 0x867C, 0x867C, 0x867C, 0x867C,
    0x867C, 0x869C, 0x867C, 0x867C, 0x867C, 0x869C, 0x869C, 0x869C, 0x869C, 0x869C, 0x869C, 0x869C,
    0x86BC, 0x86BC, 0x869C, 0x8EBC, 0xCF7E, 0xD77E, 0xA6FD, 0x869C, 0xBF3E, 0xDF9F, 0xD77F, 0xD77F,
    0xCF5F, 0xC75E, 0xC75E, 0xC75E, 0xA6FD, 0x96DD, 0x96DD, 0x96DD, 0x96DD, 0x96DD, 0x96DD, 0x96DD,
    0x96DD, 0x96DD, 0x96DD, 0x96DD, 0x96DD, 0x96DD, 0x96DD, 0x96DD, 0x96FD, 0x96FD, 0x96FD, 0x96FD,
    0x96FD, 0x96FD, 0x9EFD, 0x96FD, 0x9EFD, 0x9EFD, 0x9EFD, 0x9F1D, 0x9F1D, 0x96FD, 0xBF7E, 0xFFFF,
    0xFFFF, 0xFFFF, 0xFFFF, 0xFFFF, 0xFFFF, 0xFFFF, 0xFFFF, 0xFFFF, 0xFFFF, 0xFFFF, 0xFFFF, 0xF7FF,
    0xF7FF, 0xEFDF, 0xEFDF, 0xEFBF, 0xEFDF, 0xE7BF, 0xE7BF, 0xE7BF, 0xE7BF, 0xE7BF, 0xE7BF, 0xE7BF,
    0xE7BF, 0xE7BF, 0xE7BF, 0xF7DF, 0xFFFF, 0xF7DF, 0xEFDF, 0xFFFF, 0xEFDF, 0xEFDF, 0xEFDF, 0xE7BF,
    0xE7BF, 0xE7BF, 0xE7BF, 0xE7DF, 0xC79E, 0xAF5E, 0xB77E, 0xB77E, 0xB77E, 0xB77E, 0xB77E, 0xB77F,
    0xB77F, 0xB79F, 0xB7BF, 0xB79F, 0xB77E, 0xB79E, 0xBF9E, 0xB79E, 0xB77E, 0xB79E, 0xB77E, 0xBF9E,
    0xCFBE, 0xCFBE, 0xC7BF, 0xC7BF, 0xBFBF, 0xB79F, 0xBF9F, 0xB79F, 0xD7DF, 0xBFBF, 0xBF9F, 0xBF9F,
    0xD7DF, 0xFFFF, 0xFFFF, 0xFFFF, 0xFFFF, 0xFFFF, 0xFFFF, 0xF7FF, 0xE7DF, 0xCFDF, 0xCFDF, 0xC7FF,
    0x5DB9, 0x5DBA, 0x5DDA, 0x5DBA, 0x5DBA, 0x5DBA, 0x5DB9, 0x5DFA, 0x6537, 0xA4F6, 0xAD58, 0x7BF0,
    0x8410, 0x8410, 0x7BF0, 0x7BD0, 0x7BD0, 0x7BCF, 0x7BCF, 0x7BCF, 0x7BEF, 0x83F0, 0x8410, 0x39E8,
    0x2104, 0x2945, 0x2945, 0x2945, 0x52CE, 0x528D, 0x4A4B, 0x9CD5, 0x8C12, 0x9474, 0x6B50, 0x632F,
    0x424B, 0x4A6C, 0x5AEF, 0x4A8D, 0x52AE, 0x4A8D, 0x4A6C, 0x31C9, 0x4A6D, 0x4AAE, 0x4A8D, 0x3A0B,
    0x4A8D, 0x4A8D, 0x4A8D, 0x3A2C, 0x320B, 0x3A0B, 0x4AAE, 0x4AAE, 0x426D, 0x426D, 0x2168, 0xD5F6,
    0x8BF0, 0x31EC, 0x4A8D, 0x4ACE, 0x4ACE, 0x4A8E, 0x4ACF, 0x3A2C, 0x3A4C, 0x4AAE, 0x5330, 0x7CD6,
    0x6C13, 0x6D98, 0x869D, 0x7E5B, 0x7E7C, 0x7E7B, 0x7E5B, 0x7E5B, 0x7E5B, 0x7E7B, 0x7E7B, 0x867B,
    0x867C, 0x867B, 0x867B, 0x867C, 0x867C, 0x867C, 0x867C, 0x867C, 0x867C, 0x869C, 0x869C, 0x867C,
    0x869C, 0x869C, 0x867C, 0x869C, 0x869C, 0x869C, 0x869C, 0x869C, 0x869C, 0x869C, 0x869C, 0x8E9C,
    0x8E9C, 0x86BC, 0x8EBC, 0x86BC, 0xBF3E, 0xC75E, 0x869C, 0x8EBC, 0xBF3E, 0xDF9F, 0xD77F, 0xD77F,
    0xD77F, 0xCF7E, 0xCF7E, 0xB71D, 0x9EDD, 0x96DD, 0x9EDD, 0x96FD, 0x96DD, 0x96DD, 0x96DD, 0x96DD,
    0x96DD, 0x96DD, 0x96DD, 0x96DD, 0x96FD, 0x96FD, 0x96FD, 0x96FD, 0x96FD, 0x96FD, 0x96FD, 0x96FD,
    0x9EFD, 0x9EFD, 0x9F1D, 0x9EFD, 0x9EFD, 0x9EFD, 0x9F1D, 0x9EFD, 0x9F1D, 0xA73D, 0xD77F, 0xFFFF,
    0xFFFF, 0xFFFF, 0xFFFF, 0xFFFF, 0xFFFF, 0xFFFF, 0xFFFF, 0xFFFF, 0xFFFF, 0xFFFF, 0xFFFF, 0xFFFF,
    0xEFDF, 0xEFDF, 0xEFDF, 0xEFDF, 0xE7BF, 0xE7BF, 0xE7BF, 0xE7BF, 0xE7BF, 0xE7BF, 0xE7BF, 0xE7BF,
    0xE7BF, 0xE7BF, 0xEFDF, 0xFFFF, 0xFFFF, 0xFFFF, 0xFFFF, 0xF7DF, 0xEFDF, 0xEFDF, 0xEFBF, 0xE7BF,
    0xE7BF, 0xE7BF, 0xE7BF, 0xE7BF, 0xBF9E, 0xAF7E, 0xB77E, 0xB77E, 0xB77E, 0xB77E, 0xB77F, 0xB77E,
    0xB77E, 0xB79F, 0xB79F, 0xB77E, 0xBF9E, 0xC79E, 0xBF9F, 0xB77F, 0xB79E, 0xB77F, 0xBF9F, 0xCFBF,
    0xCFBF, 0xCFBF, 0xC7BF, 0xBF9F, 0xB79F, 0xBF9F, 0xB79F, 0xBFBF, 0xDFDF, 0xB79F, 0xBFBF, 0xB79F,
    0xCFBF, 0xFFFF, 0xFFFF, 0xFFFF, 0xFFFF, 0xFFFF, 0xFFFF, 0xF7FF, 0xEFDF, 0xD7DF, 0xCFBF, 0xC7BF,
    0x5DDA, 0x5DDA, 0x5DDA, 0x5DDA, 0x5DDA, 0x5DDA, 0x5DD9, 0x5DFA, 0x6537, 0xAD17, 0x8C53, 0x83EF,
    0x8410, 0x7BCF, 0x7BCF, 0x73AF, 0x6B4E, 0x738F, 0x7BAF, 0x73AF, 0x73AF, 0x73AF, 0x7BCF, 0x3186,
    0x2124, 0x2945, 0x2124, 0x31A7, 0x5B0F, 0x4A6C, 0x630E, 0x9474, 0x9494, 0x7BD2, 0x634F, 0x52CE,
    0x420A, 0x5AEE, 0x4AAD, 0x52CE, 0x52AE, 0x424C, 0x39EA, 0x4A6D, 0x4A8D, 0x4A8D, 0x31EA, 0x4A6C,
    0x4A8D, 0x4A6D, 0x3A4C, 0x29CA, 0x3A0B, 0x3A2B, 0x4ACE, 0x426D, 0x424C, 0x21AA, 0x6B2E, 0xFF5C,
    0x83D0, 0x29CB, 0x426D, 0x4AAE, 0x4A8E, 0x426D, 0x4AAE, 0x424C, 0x320B, 0x52EF, 0x426D, 0x5350,
    0x7C95, 0x6494, 0x7EBC, 0x7E5B, 0x867B, 0x867C, 0x867B, 0x867C, 0x867C, 0x867C, 0x867B, 0x867C,
    0x867C, 0x867C, 0x867C, 0x867C, 0x867C, 0x867C, 0x867C, 0x867C, 0x867C, 0x869C, 0x867C, 0x869C,
    0x869C, 0x869C, 0x869C, 0x869C, 0x869C, 0x869C, 0x869C, 0x8E9C, 0x8E9C, 0x86BC, 0x8E9C, 0x8EBC,
    0x869C, 0xA6FD, 0xC75E, 0xB73D, 0xC75E, 0xC75E, 0x96DD, 0xB71E, 0xD77E, 0xD79F, 0xDF9F, 0xD79F,
    0xC75E, 0xB73D, 0xA71D, 0x96DD, 0x96FD, 0x9EDD, 0x9EFD, 0x96DD, 0x96DD, 0x96DD, 0x96DD, 0x96FD,
    0x96DD, 0x96DD, 0x96DD, 0x96FD, 0x96FD, 0x96FD, 0x96FD, 0x96FD, 0x9EFD, 0x9EFD, 0x9EFD, 0x9EFD,
    0x9EFD, 0x96FD, 0x9F1D, 0xC77E, 0xC77E, 0xAF3D, 0xA73E, 0xA71E, 0xE7BF, 0xF7FF, 0xFFFF, 0xFFFF,
    0xFFFF, 0xFFFF, 0xFFFF, 0xFFFF, 0xFFFF, 0xFFFF, 0xFFFF, 0xF7DF, 0xEFDF, 0xEFDF, 0xEFDF, 0xF7FF,
    0xEFDF, 0xEFDF, 0xEFDF, 0xEFDF, 0xE7BF, 0xE7BF, 0xE7BF, 0xE7BF, 0xEFDF, 0xF7FF, 0xF7FF, 0xEFFF,
    0xEFDF, 0xE7DF, 0xF7DF, 0xFFFF, 0xFFFF, 0xFFFF, 0xF7DF, 0xF7DF, 0xEFDF, 0xF7DF, 0xEFDF, 0xE7BF,
    0xE7BF, 0xE7BF, 0xE7BF, 0xE7DF, 0xC79F, 0xAF7E, 0xB77F, 0xB77E, 0xB77F, 0xB77F, 0xB77E, 0xB7BF,
    0xB79F, 0xB77E, 0xBF9E, 0xC79E, 0xCF9E, 0xBF9E, 0xBF9E, 0xB79F, 0xB79E, 0xBF9E, 0xC7BF, 0xC7BF,
    0xC79F, 0xBF9F, 0xBF9F, 0xB79F, 0xBF9F, 0xBFBF, 0xB79F, 0xD7DF, 0xC7DF, 0xB7BF, 0xBFBF, 0xCFBF,
    0xE7DF, 0xFFFF, 0xFFFF, 0xFFFF, 0xFFFF, 0xFFFF, 0xFFFF, 0xFFFF, 0xF7FF, 0xF7FF, 0xDFDF, 0xB7BE,
    0x65FA, 0x65FA, 0x65FA, 0x65FA, 0x65FA, 0x5DDA, 0x65DA, 0x5DFA, 0x6537, 0xACF6, 0x6B4D, 0x7B8E,
    0x6B4E, 0x62EC, 0x526A, 0x4208, 0x39E8, 0x4229, 0x5ACB, 0x6B2D, 0x736E, 0x73AF, 0x736E, 0x2124,
    0x2125, 0x2945, 0x2104, 0x3A0A, 0x5AEF, 0x4A8C, 0x8C12, 0x9473, 0x9C94, 0x7391, 0x630F, 0x424B,
    0x4A4B, 0x5AEF, 0x4A8C, 0x5B0F, 0x424C, 0x39EA, 0x4A8C, 0x4AAD, 0x426D, 0x31CA, 0x426C, 0x4A8D,
    0x424C, 0x320B, 0x2168, 0x3A2C, 0x31A9, 0x4AAD, 0x4A8D, 0x422B, 0x31AB, 0x3A0A, 0xEE79, 0xFF1B,
    0x738F, 0x29CA, 0x426D, 0x4AAE, 0x428D, 0x426D, 0x4AAE, 0x3A4C, 0x29A9, 0x4ACF, 0x4A8E, 0x4A8D,
    0x4AAE, 0x5BB1, 0x7E1A, 0x869C, 0x867B, 0x869C, 0x869C, 0x8E9C, 0x8E9C, 0x869C, 0x8E9C, 0x8E9C,
    0x869C, 0x869C, 0x867C, 0x867C, 0x869C, 0x869C, 0x867C, 0x867C, 0x869C, 0x869C, 0x869C, 0x869C,
    0x869C, 0x869C, 0x869C, 0x869C, 0x86BC, 0x86BC, 0x8EBC, 0x8E9C, 0x8EBC, 0x8EBC, 0x8EBC, 0x86BC,
    0xAF1D, 0xDF9E, 0xFFFF, 0xF7DF, 0xDF9F, 0xCF7E, 0xC75E, 0xDF9F, 0xDF9F, 0xD77F, 0xDF9F, 0xC75E,
    0x9EFD, 0x9EFD, 0x96DD, 0x96DD, 0x96DD, 0x9EFD, 0x9EFD, 0x96DD, 0x96FD, 0x96DD, 0x96DD, 0x96FD,
    0x96FD, 0x96FD, 0x96FD, 0x96FD, 0x9EFD, 0x9EFD, 0x9EFD, 0x9EFD, 0x9EFD, 0x9F1D, 0x9EFD, 0x9EFD,
    0xA71D, 0xAF3E, 0xCF9E, 0xE7DF, 0xD79F, 0xE7BF, 0xDFBF, 0xEFDF, 0xFFFF, 0xFFFF, 0xFFFF, 0xFFFF,
    0xFFFF, 0xFFFF, 0xFFFF, 0xFFFF, 0xFFFF, 0xF7FF, 0xEFDF, 0xEFDF, 0xEFDF, 0xE7DF, 0xEFDF, 0xF7FF,
    0xEFDF, 0xEFDF, 0xEFDF, 0xEFBF, 0xEFDF, 0xEFDF, 0xEFBF, 0xEFDF, 0xDF9F, 0xBE9C, 0xAE7B, 0xCF1E,
    0xDF3D, 0xEFBE, 0xFFFF, 0xFFFF, 0xFFFF, 0xFFFF, 0xEFDF, 0xE7BF, 0xEFDF, 0xF7DF, 0xE7DF, 0xE7BF,
    0xE7BF, 0xE7BF, 0xEFDF, 0xEFDF, 0xBF9F, 0xB77E, 0xB77E, 0xB79E, 0xB79E, 0xB77E, 0xB77E, 0xB79F,
    0xB79F, 0xCF9F, 0xD7BF, 0xD7BF, 0xC79E, 0xBF9E, 0xB79E, 0xB79E, 0xC7BF, 0xC7BF, 0xBF9E, 0xBF9E,
    0xB79F, 0xB79F, 0xBF9F, 0xBF9F, 0xBF9F, 0xBF9F, 0xBFBF, 0xDFDF, 0xB79F, 0xC7BF, 0xDFDF, 0xFFFF,
    0xFFFF, 0xFFFF, 0xFFFF, 0xFFFF, 0xFFFF, 0xFFFF, 0xF7FF, 0xFFFF, 0xFFFF, 0xFFFF, 0xFFFF, 0xD7DF,
    0x65FA, 0x65FA, 0x65FA, 0x65FA, 0x65FA, 0x65FA, 0x5DDA, 0x5E1B, 0x6537, 0xB537, 0x5ACC, 0x39C7,
    0x4229, 0x4208, 0x39C7, 0x2966, 0x2945, 0x2965, 0x3166, 0x4208, 0x528A, 0x62EC, 0x52AB, 0x2104,
    0x2945, 0x2925, 0x2945, 0x4A4C, 0x52AE, 0x5ACD, 0x8C32, 0x9CB5, 0x8C33, 0x632F, 0x5AEE, 0x31C9,
    0x5ACE, 0x528D, 0x632F, 0x4A8D, 0x31EA, 0x4A6B, 0x52AD, 0x3A2B, 0x31A9, 0x4A6C, 0x52AE, 0x3A0B,
    0x31CB, 0x5AAB, 0x422B, 0x31A9, 0x424C, 0x52AE, 0x422C, 0x29CA, 0x29C9, 0xD5F7, 0xFF1B, 0xEEB9,
    0x4A8C, 0x29CA, 0x4A8D, 0x4A8D, 0x426D, 0x424D, 0x4A8E, 0x3A2B, 0x2168, 0x4AAE, 0x428D, 0x4ACE,
    0x424C, 0x428D, 0x7557, 0x86DC, 0x865C, 0x867C, 0x869C, 0x869C, 0x869C, 0x8E9C, 0x8EBC, 0x8E9C,
    0x867C, 0x869C, 0x869C, 0x869C, 0x869C, 0x869C, 0x869C, 0x869C, 0x869C, 0x869C, 0x869C, 0x869C,
    0x869C, 0x869C, 0x8EBC, 0x8EBC, 0x8EBC, 0x8EBC, 0x8EBC, 0x8EBC, 0x8EBC, 0x8EBC, 0x8EBC, 0xCF7E,
    0xDF9F, 0xCF7E, 0xE7BF, 0xEFDF, 0xEFDF, 0xE7BF, 0xDF9F, 0xDF9F, 0xD77E, 0xD77E, 0xD79E, 0xB73D,
    0x96DC, 0x96DD, 0x96DD, 0x96DC, 0x96DD, 0x9EFD, 0x96FD, 0x96FD, 0x96FD, 0x96FD, 0x96FD, 0x9EFD,
    0x96FD, 0x96FD, 0x96FD, 0x9EFD, 0x9EFD, 0x9EFD, 0x9EFD, 0x9F1D, 0x9F1D, 0x9F1D, 0xAF3E, 0xBF5E,
    0xCF9E, 0xFFFF, 0xFFFF, 0xEFDF, 0xEFDF, 0xFFFF, 0xFFFF, 0xFFFF, 0xFFFF, 0xFFFF, 0xFFFF, 0xFFFF,
    0xFFFF, 0xFFFF, 0xFFFF, 0xFFFF, 0xF7FF, 0xEFDF, 0xE7DF, 0xEFDF, 0xEFDF, 0xEFDF, 0xEFDF, 0xEFDF,
    0xEFDF, 0xEFDF, 0xEFDF, 0xEFDF, 0xE79F, 0xE79F, 0xCF5E, 0x861D, 0x4D1B, 0x3C79, 0x3C58, 0x4457,
    0x5456, 0x74D7, 0xADD9, 0xE6FC, 0xFFFF, 0xFFFF, 0xEFDF, 0xE7BF, 0xFFFF, 0xF7DF, 0xEFBF, 0xEFFF,
    0xF7DF, 0xEFDF, 0xDFBF, 0xBF9F, 0xAF7E, 0xB77E, 0xB79E, 0xB77E, 0xB77F, 0xAF7E, 0xB77E, 0xC79F,
    0xDFDF, 0xEFDF, 0xE7DF, 0xCFBF, 0xB79E, 0xB79E, 0xBF9E, 0xC79E, 0xC7BE, 0xB79E, 0xBF9F, 0xB79F,
    0xBF9F, 0xBF9F, 0xBFBF, 0xBFBF, 0xBFBF, 0xB79F, 0xD7DF, 0xCFBF, 0xCFBF, 0xF7FF, 0xFFFF, 0xFFFF,
    0xFFFF, 0xFFFF, 0xFFFF, 0xFFFF, 0xFFFF, 0xEFBF, 0xE7DF, 0xF7FF, 0xF7FF, 0xFFFF, 0xFFFF, 0xFFFF,
    0x6E1A, 0x661A, 0x65FA, 0x65FA, 0x65FA, 0x65FA, 0x65FA, 0x5E1B, 0x6D37, 0xACF6, 0x9CD5, 0x4208,
    0x39C7, 0x39C7, 0x39C7, 0x39C7, 0x2945, 0x2145, 0x2988, 0x2987, 0x3186, 0x41E8, 0x39C8, 0x2124,
    0x2125, 0x2924, 0x424B, 0x4A6C, 0x4A8D, 0x6B2F, 0x9474, 0x9CB5, 0x73B1, 0x5AEE, 0x4A4C, 0x3A0A,
    0x5ACE, 0x5B0E, 0x630F, 0x39EA, 0x420A, 0x5ACD, 0x422A, 0x526A, 0x4A6C, 0x422B, 0x1907, 0x3A0A,
    0xB513, 0x630D, 0x2968, 0x3A0B, 0x52CE, 0x424C, 0x2989, 0x39EA, 0xD617, 0xFEDA, 0xFF5B, 0xA4F3,
    0x2989, 0x3A0B, 0x52CE, 0x424C, 0x424C, 0x3A4C, 0x4AAE, 0x31EA, 0x2147, 0x4A8E, 0x426D, 0x4AAE,
    0x428D, 0x39EB, 0x6453, 0x86BC, 0x867C, 0x867C, 0x869C, 0x867C, 0x869C, 0x96BC, 0x8EBC, 0x8E9C,
    0x869C, 0x869C, 0x869C, 0x869C, 0x869C, 0x869C, 0x869C, 0x869C, 0x869C, 0x869C, 0x8EBC, 0x8EBC,
    0x8EBC, 0x8EBC, 0x8EBC, 0x8E9C, 0x8EBC, 0x8EBC, 0x8EBC, 0x8EBC, 0x8EBC, 0x8EBC, 0xBF3E, 0xEFBF,
    0xBF5E, 0xB73E, 0xD79E, 0xE7BF, 0xE7BF, 0xEFBF, 0xDF9F, 0xDF9F, 0xCF7E, 0xC75E, 0xD77E, 0xAF3D,
    0x9EFD, 0x96DC, 0x96DD, 0x96FD, 0x96FD, 0x9EFD, 0x9EFD, 0x96FD, 0x96FD, 0x96FD, 0x96FD, 0x9EFD,
    0x9EFD, 0x9EFD, 0x9EFD, 0x9EFD, 0x9F1D, 0x9F1D, 0x9F1D, 0x9F1D, 0x9EFD, 0x9EFD, 0xA73E, 0xB75E,
    0xDFBF, 0xF7DF, 0xD7BF, 0xD79E, 0xF7FF, 0xFFFF, 0xFFFF, 0xFFFF, 0xFFFF, 0xFFFF, 0xFFFF, 0xFFFF,
    0xFFFF, 0xFFFF, 0xFFFF, 0xFFFF, 0xEFDF, 0xEFBF, 0xEFDF, 0xEFDF, 0xEFDF, 0xEFDF, 0xEFDF, 0xEFDF,
    0xE7BF, 0xEFFF, 0xEFDF, 0xD77F, 0xDFBF, 0xAEDE, 0x553C, 0x44B9, 0x4CB9, 0x4C98, 0x4C76, 0x4C35,
    0x3BF4, 0x2B72, 0x6476, 0x9D58, 0xAD98, 0xF77D, 0xF7FF, 0xEFDF, 0xF7DF, 0xEFDF, 0xEFDF, 0xF7DF,
    0xF7DF, 0xD7BF, 0xAF7E, 0xB77E, 0xB77E, 0xB79E, 0xAF7E, 0xAF7E, 0xB77E, 0xC7BF, 0xDFDF, 0xEFDF,
    0xEFFF, 0xEFFF, 0xE7DF, 0xCFBF, 0xBF9E, 0xBF9E, 0xBF9F, 0xBF9F, 0xB79F, 0xBF9F, 0xBF9F, 0xBFBF,
    0xBFBF, 0xBF9F, 0xBFBF, 0xBFBF, 0xBFBF, 0xBFBF, 0xDFDF, 0xCFDF, 0xFFFF, 0xFFFF, 0xFFFF, 0xFFFF,
    0xFFFF, 0xFFFF, 0xFFFF, 0xFFFF, 0xF7FF, 0xE7BF, 0xEFDF, 0xEFDF, 0xE7DF, 0xE7DF, 0xF7DF, 0xFFFF,
    0x765C, 0x6E1A, 0x661A, 0x661A, 0x661A, 0x661A, 0x65FA, 0x663B, 0x6D57, 0xA4B5, 0xAD37, 0x9CD5,
    0x4A6B, 0x528B, 0x52AC, 0x422B, 0x4A6D, 0x52AE, 0x4A8D, 0x2105, 0x1904, 0x2125, 0x3186, 0x2946,
    0x2145, 0x3188, 0x52AE, 0x4A6C, 0x4A6C, 0x736F, 0x9CD5, 0x8C54, 0x5B0E, 0x52AD, 0x39EA, 0x4A6C,
    0x52AD, 0x6B70, 0x4A4C, 0x39CA, 0x5AAD, 0x39EA, 0x8BCF, 0x7B6F, 0x420B, 0x5A8B, 0xC596, 0xAD14,
    0x39E9, 0x29A8, 0x39E9, 0x5ACE, 0x420B, 0x2969, 0x62ED, 0xE678, 0xFEDA, 0xFF5C, 0xCDF7, 0x3A0B,
    0x4209, 0x422B, 0x52EE, 0x31CA, 0x426D, 0x3A0B, 0x4AAE, 0x2988, 0x2148, 0x4A8D, 0x426D, 0x4AAE,
    0x4AAE, 0x31AA, 0x532F, 0x7E5B, 0x869C, 0x869C, 0x869C, 0x869C, 0x96BC, 0x9EDD, 0x96BD, 0x8EBC,
    0x8E9C, 0x869C, 0x869C, 0x869C, 0x869C, 0x869C, 0x86BC, 0x8EBC, 0x8EBC, 0x8E9C, 0x8EBC, 0x8EBC,
    0x8EBC, 0x8EBC, 0x8EBC, 0x8EBC, 0x8EBC, 0x8EBC, 0x96DC, 0x96DC, 0x8EBC, 0x96DD, 0xC75E, 0xCF7E,
    0xA6FD, 0xCF7E, 0xEFBF, 0xE79F, 0xE79F, 0xE79F, 0xDF9F, 0xDF9F, 0xCF7E, 0xCF7E, 0xD77E, 0xBF5E,
    0xA71D, 0x96DD, 0x96FD, 0x96FD, 0x96FD, 0x96FD, 0x9EFD, 0x9EFD, 0x9EFD, 0x9EFD, 0x9F1D, 0x9F1D,
    0x9EFD, 0x9EFD, 0x9F1D, 0x9F1D, 0x9EFD, 0x9EFD, 0x9EFD, 0x9F1D, 0xA73D, 0xAF3E, 0xBF5E, 0xD79E,
    0xD79F, 0xB75E, 0xAF3E, 0xBF7E, 0xE7DF, 0xFFFF, 0xFFFF, 0xFFFF, 0xFFFF, 0xFFFF, 0xFFFF, 0xFFFF,
    0xFFFF, 0xFFFF, 0xFFFF, 0xFFFF, 0xEFDF, 0xE7DF, 0xEFDF, 0xEFDF, 0xE7BF, 0xE7BF, 0xEFDF, 0xEFDF,
    0xFFFF, 0xFFDF, 0xD6FD, 0xD75D, 0x8E1A, 0x3417, 0x3C38, 0x4498, 0x54B8, 0x4C56, 0x4C35, 0x43D3,
    0x5414, 0x4BD3, 0x53F3, 0x8D18, 0x7CF8, 0x9517, 0xEF5D, 0xFFFF, 0xE79E, 0xE7DF, 0xE7BF, 0xE7BF,
    0xF7DF, 0xC79F, 0xAF7E, 0xB77E, 0xB77F, 0xB77E, 0xCF9F, 0xC7BE, 0xDFDF, 0xFFFF, 0xF7FF, 0xF7FF,
    0xF7FF, 0xEFFF, 0xD7BF, 0xC7BF, 0xBF9F, 0xBF9F, 0xB79F, 0xBF9F, 0xBF9F, 0xBF9F, 0xBF9F, 0xBF9F,
    0xBFBF, 0xBFBF, 0xBFBF, 0xBFBF, 0xBFBF, 0xD7DF, 0xD7DF, 0xDFDF, 0xFFFF, 0xFFFF, 0xFFFF, 0xFFFF,
    0xFFFF, 0xFFFF, 0xFFFF, 0xFFFF, 0xFFFF, 0xEFDF, 0xEFBF, 0xEFDF, 0xEFBF, 0xE7BF, 0xE7BF, 0xFFFF,
    0x765C, 0x6E3A, 0x6E1A, 0x6E1A, 0x6E1A, 0x6E1A, 0x6E1A, 0x6E3B, 0x7557, 0xACD5, 0xA4F6, 0xA537,
    0x8413, 0xA4D6, 0x8C74, 0x426D, 0x4AAD, 0x426D, 0x1904, 0x2944, 0x31A7, 0x3166, 0x18E3, 0x31C9,
    0x3A0B, 0x31AA, 0x4A8D, 0x528D, 0x31A8, 0x8C12, 0xA4B6, 0x7391, 0x52CD, 0x422B, 0x420B, 0x422A,
    0x6B50, 0x52CE, 0x3A0B, 0x4A2B, 0x4A4B, 0x526C, 0x5A8C, 0x5A6B, 0xA4B2, 0xFF7C, 0xCDF6, 0x62CC,
    0x736D, 0x526B, 0x3A0B, 0x2968, 0x526B, 0xA4D2, 0xFEFA, 0xFF3B, 0xFF3B, 0xAD13, 0x31C9, 0x9C71,
    0x4A6B, 0x4AAE, 0x424C, 0x31CA, 0x426D, 0x31CA, 0x52AE, 0x3188, 0x1948, 0x426D, 0x424D, 0x4AAD,
    0x4ACE, 0x31EA, 0x424C, 0x75D9, 0x8EDD, 0x867C, 0x8EBC, 0x9EDD, 0xA6FD, 0x9EDD, 0x96BD, 0x8EBC,
    0x8EBC, 0x8E9C, 0x8E9C, 0x869C, 0x86BC, 0x8EBC, 0x8EBC, 0x8EBC, 0x8EBC, 0x8E9C, 0x8EBC, 0x8EBC,
    0x8EBC, 0x8EBC, 0x8EBC, 0x8EBD, 0x96DD, 0x96DD, 0x96DD, 0x96DC, 0x96DC, 0xAF1D, 0xAF1D, 0xA6FD,
    0xA6FD, 0xCF7E, 0xF7DF, 0xE7BF, 0xEFBF, 0xE7BF, 0xDF9E, 0xDF9E, 0xD79E, 0xD77E, 0xCF7E, 0xCF7E,
    0xB73D, 0x96FD, 0x9EFD, 0x96FD, 0x9EFD, 0x9EFD, 0x9EFD, 0x9F1D, 0x9EFD, 0x9EFD, 0x9F1D, 0x9F1D,
    0x9F1D, 0x9EFD, 0x96FD, 0x9F1D, 0xA71D, 0xAF3D, 0xB75E, 0xC77E, 0xD79E, 0xBF5E, 0xB73E, 0xAF3E,
    0xAF3D, 0xAF3E, 0xA73D, 0xB75E, 0xB75E, 0xEFDF, 0xFFFF, 0xFFFF, 0xFFFF, 0xFFFF, 0xFFFF, 0xFFFF,
    0xFFFF, 0xFFFF, 0xFFFF, 0xF7FF, 0xEFDF, 0xEFDF, 0xEFBF, 0xE7BF, 0xEFFF, 0xEFFF, 0xDF7E, 0xDF7E,
    0xA65C, 0x6CF9, 0x5C77, 0x5C75, 0x3BD1, 0x542F, 0x5C2E, 0x438F, 0x2B32, 0x43F5, 0x4C14, 0x43B3,
    0x4BD3, 0x4BD3, 0x3B71, 0x3350, 0x3B92, 0x4435, 0x74B6, 0xD6DB, 0xF7FF, 0xE7BF, 0xE7BF, 0xEFDF,
    0xDFBF, 0xB77E, 0xB77E, 0xB79F, 0xB79E, 0xD7BF, 0xFFFF, 0xFFFF, 0xFFFF, 0xFFFF, 0xFFFF, 0xFFFF,
    0xEFDF, 0xCFBF, 0xB79F, 0xB79F, 0xBF9F, 0xBF9F, 0xBF9F, 0xBFBF, 0xBFBF, 0xBFBF, 0xBFBF, 0xBFDF,
    0xBFBF, 0xBFBF, 0xBFBF, 0xBFBF, 0xBFBF, 0xE7FF, 0xC7BF, 0xDFDF, 0xFFFF, 0xFFFF, 0xFFFF, 0xFFFF,
    0xFFFF, 0xFFFF, 0xFFFF, 0xF7FF, 0xE7BF, 0xE7DF, 0xEFDF, 0xEFDF, 0xE7BF, 0xE7BF, 0xEFDF, 0xFFFF,
    0x763B, 0x763B, 0x6E3B, 0x6E1B, 0x6E1B, 0x6E1B, 0x6E1B, 0x6E5C, 0x6D77, 0xA4D5, 0xA517, 0xA516,
    0x7391, 0x9475, 0x8C54, 0x4A8D, 0x426D, 0x4A2A, 0x4A28, 0x39C7, 0x4208, 0x39A6, 0x31A8, 0x424C,
    0x3A0A, 0x39EA, 0x4A8D, 0x4A6C, 0x528B, 0xA4F6, 0x8C33, 0x5AEE, 0x4A6C, 0x422C, 0x3188, 0x52CD,
    0x6B70, 0x420B, 0x422B, 0x39C8, 0x528C, 0x5AAD, 0x628B, 0xD5F6, 0xFF5C, 0xA4D2, 0x7B8E, 0x9C92,
    0x628C, 0x522B, 0x526B, 0x632E, 0x6B2D, 0xFF5C, 0xF6DA, 0xC595, 0x734D, 0x62CC, 0xDE99, 0x9471,
    0x3A0B, 0x52AE, 0x2968, 0x4A8D, 0x31EA, 0x31EB, 0x630E, 0x62CC, 0x0907, 0x426D, 0x3A2B, 0x4AAE,
    0x426D, 0x42EE, 0x3A2B, 0x7D37, 0x9F3E, 0x8E9C, 0xB71E, 0xC73E, 0xB71D, 0xA6FD, 0x96BC, 0x8EBC,
    0x8EBC, 0x8EBC, 0x8EBC, 0x8EBC, 0x8EBC, 0x8EBC, 0x8EBC, 0x8EBC, 0x8EBC, 0x8EBC, 0x8EBC, 0x8EBC,
    0x8EBD, 0x8EBC, 0x8EBC, 0x96DD, 0x9EDD, 0x9EDD, 0x96DD, 0x96DD, 0x96DC, 0x96DD, 0x9EFD, 0xA6FD,
    0xAF1D, 0xCF7E, 0xEFBF, 0xEFBF, 0xEFDF, 0xE7BF, 0xDF9F, 0xDFBF, 0xDF9F, 0xD77E, 0xD77E, 0xCF7E,
    0xBF5E, 0xA71D, 0x9EFD, 0x9EFD, 0x9EFD, 0x9EFD, 0x9EFD, 0x9F1D, 0x9F1D, 0x9F1D, 0x9F1D, 0x9F1D,
    0x9F1D, 0xA71D, 0xB75E, 0xBF7E, 0xBF5E, 0xBF5E, 0xBF5E, 0xB75E, 0xA73D, 0xA71D, 0xA71D, 0x9F1D,
    0xD79E, 0xDFBF, 0xB75E, 0xB75E, 0xEFDF, 0xFFFF, 0xFFFF, 0xFFFF, 0xFFFF, 0xFFFF, 0xFFFF, 0xFFFF,
    0xFFFF, 0xF7DF, 0xEFDF, 0xF7DF, 0xEFDF, 0xEFDF, 0xEFDF, 0xEFDF, 0xD6DB, 0xDF1C, 0xD79F, 0xAEDE,
    0x3C79, 0x4498, 0x4C99, 0x4499, 0x4CB9, 0x4C77, 0x5433, 0x646F, 0x644C, 0x3B4F, 0x3B93, 0x43F3,
    0x3BB2, 0x3BB2, 0x4BF3, 0x4BD3, 0x3B71, 0x3350, 0x3BF4, 0x5C55, 0xC67A, 0xF7FF, 0xE7BF, 0xD79F,
    0xB79E, 0xB79E, 0xB79E, 0xB79E, 0xB79E, 0xDFBF, 0xEFDF, 0xF7DF, 0xF7FF, 0xFFFF, 0xFFFF, 0xFFFF,
    0xE7DF, 0xB79E, 0xBFBF, 0xBFBF, 0xBFBF, 0xBFBF, 0xBFBF, 0xBFBF, 0xBFBF, 0xBFBF, 0xBFBF, 0xBFDF,
    0xBFBF, 0xBFBF, 0xC7BF, 0xC7BF, 0xD7DF, 0xDFDF, 0xBFBF, 0xDFDF, 0xFFFF, 0xFFFF, 0xFFFF, 0xFFFF,
    0xFFFF, 0xFFFF, 0xF7FF, 0xEFBF, 0xF7DF, 0xF7FF, 0xF7FF, 0xEFDF, 0xEFDF, 0xE7BF, 0xDF9E, 0xE75E,
    0x763B, 0x763B, 0x763B, 0x763B, 0x763B, 0x6E3B, 0x6E1B, 0x6E5C, 0x6D98, 0xA4B5, 0xA517, 0xA516,
    0x6B70, 0x9494, 0x9494, 0x426D, 0x4A4A, 0x7B8E, 0x6B2D, 0x4208, 0x3166, 0x31A8, 0x426C, 0x3A2B,
    0x3A0B, 0x422B, 0x4A8D, 0x424B, 0x8C32, 0x9CB5, 0x6B70, 0x528D, 0x422B, 0x422B, 0x31A8, 0x632F,
    0x4A6C, 0x422B, 0x39C9, 0x39C9, 0x6B2F, 0x39A8, 0x9430, 0xFFFE, 0xD5F6, 0xB554, 0xAD14, 0x628C,
    0x6ACC, 0x8BAF, 0xE678, 0xFF9C, 0xB534, 0x9CB2, 0xD616, 0x9C71, 0xCDD6, 0xFFBD, 0xCDF6, 0x420B,
    0x4A4D, 0x4A4B, 0x6B0D, 0x422C, 0x31A9, 0x29CB, 0xA4B2, 0x5AAC, 0x1107, 0x424C, 0x31EA, 0x4ACE,
    0x3A0B, 0x53B1, 0x3A8C, 0x7CB4, 0xAF5F, 0x9EBC, 0xCF5E, 0xC73E, 0xB71E, 0xAEFD, 0x9EDD, 0x96DC,
    0x8EBC, 0x8EBC, 0x8E9C, 0x8EBC, 0x8EBC, 0x8EBC, 0x8EBC, 0x8EBC, 0x8EBC, 0x8EBC, 0x8EBC, 0x8EBC,
    0x8EBC, 0x8EDC, 0x8EBC, 0x9EDD, 0xA6FD, 0x9EFD, 0x96DD, 0x96DD, 0x96DD, 0x96DD, 0x96DC, 0xBF3E,
    0xDF9F, 0xE7BF, 0xE7BF, 0xEFBF, 0xF7BF, 0xEFBF, 0xE7BF, 0xD79E, 0xDF9E, 0xD79E, 0xD77E, 0xD77E,
    0xBF5E, 0xAF1D, 0x9EFD, 0x9EFD, 0x9EFD, 0x9EFD, 0x9EFD, 0x9EFD, 0x9F1D, 0x9F1D, 0x9F1D, 0x9F1D,
    0xAF3D, 0xBF5E, 0xBF5E, 0xB75E, 0xAF3E, 0xA73D, 0xA73D, 0xA71D, 0xA71E, 0xA71D, 0xA73D, 0xA71D,
    0xA73E, 0xA73D, 0xCF9E, 0xFFFF, 0xFFFF, 0xFFFF, 0xFFFF, 0xFFFF, 0xFFFF, 0xFFFF, 0xFFFF, 0xFFFF,
    0xF7DF, 0xEFDF, 0xEFDF, 0xEFDF, 0xF7FF, 0xFFFF, 0xFFFF, 0xF7FF, 0xD6DA, 0xD6FB, 0xD7BF, 0x54D9,
    0x4C98, 0x54D9, 0x5498, 0x4C77, 0x4C57, 0x4456, 0x4436, 0x4BF6, 0x53F1, 0x6C6C, 0x4BAF, 0x43D4,
    0x4BF3, 0x43B3, 0x43B2, 0x4C34, 0x4C34, 0x43B2, 0x2ACE, 0x3351, 0x43B3, 0xADB8, 0xFFFF, 0xC7DF,
    0xAF9E, 0xB79E, 0xB7BE, 0xB79E, 0xBF9F, 0xDFDF, 0xFFFF, 0xFFFF, 0xEFDF, 0xEFDF, 0xF7FF, 0xFFFF,
    0xDFDF, 0xC7BF, 0xC7FF, 0xBFDF, 0xBFBF, 0xBFBF, 0xBFBF, 0xBFBF, 0xBFBF, 0xBFBF, 0xC7BF, 0xC7BF,
    0xC7BF, 0xC7BF, 0xCFBF, 0xC7DF, 0xE7FF, 0xCFDF, 0xC7DF, 0xC7DF, 0xE7FF, 0xFFFF, 0xFFFF, 0xFFFF,
    0xFFFF, 0xFFFF, 0xF7DF, 0xFFFF, 0xFFFF, 0xFFFF, 0xEFDF, 0xDF7E, 0xDF3D, 0xDF1D, 0xDF1C, 0xEF7C,
    0x763B, 0x763B, 0x763B, 0x6E3B, 0x763B, 0x763B, 0x763B, 0x765C, 0x6DB8, 0x9CB5, 0xA516, 0xA4F6,
    0x6350, 0x94B5, 0x8C74, 0x4A4A, 0x732C, 0x6B0D, 0x6B0C, 0x3165, 0x2987, 0x4AAE, 0x424C, 0x424C,
    0x3A0B, 0x426B, 0x5ACE, 0x4A8C, 0x9CD5, 0x8413, 0x52CE, 0x424C, 0x424C, 0x31C9, 0x4A4B, 0x52CE,
    0x422B, 0x39E9, 0x4A4B, 0x52AD, 0x62EE, 0x41E9, 0x9C92, 0xA4D2, 0x39A6, 0x2944, 0x0862, 0x5228,
    0xD5D6, 0xEE99, 0xD575, 0xF658, 0xFF3B, 0xE658, 0xF6B9, 0xFF3B, 0xFF3B, 0xDE78, 0x526B, 0x4A2B,
    0x5ACC, 0xC5B5, 0x52AD, 0x41EA, 0x39EA, 0x6B4E, 0xDE57, 0x2168, 0x29A9, 0x3A2C, 0x31EA, 0x4AAE,
    0x39CA, 0x5C32, 0x42EE, 0x7C93, 0xBF9F, 0xBF1D, 0xD77F, 0xC75E, 0xB71E, 0xA6FD, 0x9EDD, 0x96DC,
    0x96BC, 0x8EBC, 0x8EBC, 0x8EBC, 0x8EBC, 0x8EBC, 0x8EBC, 0x8EBC, 0x8EBC, 0x8EBC, 0x8EDC, 0x8EDC,
    0x96DC, 0x96DC, 0x9EDD, 0xA6FD, 0xA71D, 0xA6FD, 0x9EFD, 0x96DC, 0x9EFD, 0x9EFD, 0xA71D, 0xD77F,
    0xF7DF, 0xF7DF, 0xEFBF, 0xE79F, 0xDF9F, 0xDF9F, 0xDF9F, 0xD79F, 0xDF9E, 0xDF9E, 0xD79E, 0xCF7E,
    0xB73D, 0xA71D, 0x9EFD, 0x9EFD, 0x9EFD, 0x9EFD, 0x9F1D, 0x9F1D, 0x9F1D, 0x9F1D, 0x9F1D, 0x9F1D,
    0xA73D, 0xA73E, 0xA73D, 0xAF3E, 0xA73D, 0xA71D, 0xA71E, 0xA71D, 0xA73D, 0xA73D, 0xA73E, 0xA73E,
    0xA73D, 0xA73E, 0xC79E, 0xDFBF, 0xE7DF, 0xF7FF, 0xFFFF, 0xFFFF, 0xFFFF, 0xFFFF, 0xFFFF, 0xFFFF,
    0xF7DF, 0xF7FF, 0xF7FF, 0xF7FF, 0xF7FF, 0xFFFF, 0xFFFF, 0xFFFF, 0xE75D, 0xDF3B, 0x85DA, 0x1AF1,
    0x2B30, 0x2B31, 0x4415, 0x4C98, 0x4C57, 0x43F4, 0x3392, 0x8518, 0x8D38, 0x3372, 0x53CC, 0x4BD0,
    0x43D4, 0x4BF3, 0x3BB2, 0x3B92, 0x4C34, 0x4C35, 0x4BF4, 0x2AEE, 0x228D, 0x2A8D, 0x6BF0, 0xC6BB,
    0xDFDF, 0xC79E, 0xAF9F, 0xCFBF, 0xFFFF, 0xFFFF, 0xFFFF, 0xF7DF, 0xEFDF, 0xE7BF, 0xE7DF, 0xEFDF,
    0xE7DF, 0xEFFF, 0xEFFF, 0xD7DF, 0xBF9E, 0xBFBF, 0xBFBF, 0xBFBF, 0xBFBF, 0xBFBF, 0xCFDF, 0xCFDF,
    0xCFDF, 0xDFDF, 0xD7DF, 0xDFDF, 0xE7FF, 0xCFDF, 0xC7DF, 0xC7DF, 0xCFDF, 0xDFFF, 0xFFFF, 0xFFFF,
    0xFFFF, 0xFFFF, 0xFFFF, 0xFFFF, 0xFFDF, 0xEF7E, 0xDF1D, 0xDF3D, 0xF79D, 0xFFDC, 0xFFFC, 0xFFFC,
    0x765B, 0x6E3B, 0x6E3B, 0x763B, 0x763B, 0x763B, 0x763B, 0x765B, 0x65B9, 0x9474, 0xA516, 0xA4F6,
    0x6350, 0x8C33, 0x732D, 0x734D, 0x6B0C, 0x5269, 0x2945, 0x2988, 0x4AAE, 0x4A8D, 0x424C, 0x424C,
    0x3A0B, 0x4A8C, 0x6B70, 0x5AED, 0xAD17, 0x7370, 0x4A6C, 0x422B, 0x422B, 0x31A8, 0x424C, 0x420B,
    0x39C9, 0x420A, 0x5ACE, 0x5ACD, 0x5ACD, 0x6B4F, 0x5208, 0x1840, 0x18C4, 0x3968, 0x41C8, 0x2904,
    0x1061, 0x7B4D, 0xE678, 0xD554, 0xF658, 0xFEFA, 0xF6B9, 0xFEDA, 0xF6FA, 0x5A8B, 0x49EA, 0x83CF,
    0xD637, 0x5ACC, 0x31A9, 0x526B, 0x1907, 0xC5B5, 0x9C72, 0x1928, 0x320B, 0x31CA, 0x31EA, 0x4AAE,
    0x3189, 0x74F5, 0x4B2F, 0x84F4, 0xE7FF, 0xDF7F, 0xDF7F, 0xCF5E, 0xB71D, 0xA6FD, 0x9EDD, 0xB71D,
    0xAEFD, 0x96BC, 0x8EBC, 0x8EBC, 0x8EBC, 0x8EBC, 0x8EBC, 0x8EDC, 0x96DC, 0x96DC, 0x96DD, 0x96DD,
    0x96DC, 0x96DD, 0xAF1D, 0xB73D, 0xAF1D, 0xA71D, 0x9EFD, 0x9EFD, 0xAF1D, 0xCF7E, 0xE79F, 0xEFBF,
    0xEFBF, 0xE7BF, 0xDF9F, 0xD77E, 0xBF7E, 0xC75E, 0xCF7E, 0xD77E, 0xDF9E, 0xDF9E, 0xC75E, 0xAF3D,
    0xA71D, 0x9EFD, 0x9EFD, 0x9EFD, 0x9F1D, 0x9F1D, 0x9F1D, 0x9F1D, 0x9F1D, 0xA71D, 0x9F1D, 0x9F1D,
    0x9F1D, 0xA73E, 0xA73E, 0xA71D, 0xA73D, 0xA73E, 0xA73E, 0xA73E, 0xA73E, 0xA73E, 0xA73E, 0xA73E,
    0xA73D, 0xAF3E, 0xAF5D, 0xAF3E, 0xCF9E, 0xFFFF, 0xFFFF, 0xFFFF, 0xFFFF, 0xFFFF, 0xFFFF, 0xF7FF,
    0xF7FF, 0xFFFF, 0xFFFF, 0xFFFF, 0xFFFF, 0xFFFF, 0xFFFF, 0xFFFF, 0xE6FB, 0xBE9B, 0x44B9, 0x4C98,
    0x4C98, 0x3BD4, 0x2B11, 0x2B31, 0x3BB3, 0x5456, 0x43D3, 0x2B10, 0x4C14, 0x4C14, 0x4415, 0x432C,
    0x4BD2, 0x43B2, 0x4BD3, 0x3B51, 0x3B92, 0x43D3, 0x4C35, 0x5435, 0x43D3, 0x2A8D, 0xB618, 0xDF5D,
    0xE7BF, 0xBF9F, 0xD7BF, 0xF7FF, 0xFFFF, 0xFFFF, 0xF7FF, 0xEFDF, 0xEFDF, 0xEFBF, 0xE7DF, 0xE7BF,
    0xEFBF, 0xEFFF, 0xEFFF, 0xEFBF, 0xDFDF, 0xC7BE, 0xBFBF, 0xC7BF, 0xD7DF, 0xD7DF, 0xD7DF, 0xD7DF,
    0xE7DF, 0xE7DF, 0xD7DF, 0xEFFF, 0xDFDF, 0xCFDF, 0xCFDF, 0xEFDF, 0xDFDF, 0xE7FF, 0xFFFF, 0xFFFF,
    0xFFFF, 0xFFFF, 0xF7BF, 0xE73D, 0xDF1E, 0xEF7E, 0xFFDD, 0xFFFC, 0xFFFC, 0xFFDC, 0xFFDC, 0xFFDC,
    0x763B, 0x6E1A, 0x6E1A, 0x6E1A, 0x6E1A, 0x6E3A, 0x763B, 0x765B, 0x6E1A, 0x8C94, 0xB578, 0xA516,
    0x630E, 0x734D, 0x62CB, 0x4208, 0x2945, 0x18C3, 0x31E9, 0x4ACE, 0x426C, 0x4A8D, 0x424C, 0x426C,
    0x3A0B, 0x422B, 0x7390, 0x73B1, 0x7BB1, 0x52AE, 0x424C, 0x422C, 0x31A9, 0x2987, 0x7BD0, 0x4A6B,
    0x31C9, 0x5ACE, 0x52AD, 0x5ACD, 0x5AAD, 0x6B2F, 0x4187, 0x7B0C, 0x422C, 0x39CB, 0x526E, 0x5A8F,
    0x49EA, 0x0821, 0x41A6, 0xEE58, 0xF699, 0xF6D9, 0xF6D9, 0xEED9, 0x62EB, 0x732D, 0xCDF6, 0xFFBD,
    0x9C72, 0x39A8, 0xB534, 0x4209, 0xB575, 0xCDD6, 0x39C9, 0x39EA, 0x3A0B, 0x2989, 0x3A2C, 0x4A8D,
    0x2989, 0x9619, 0x4B0E, 0xADD8, 0xEFFF, 0xE79F, 0xE79F, 0xDF9F, 0xC75E, 0xAF1D, 0xB73E, 0xCF5E,
    0xAF1D, 0x96BD, 0x96DC, 0x8EDC, 0x8EDC, 0x8EDC, 0x96DC, 0x96DC, 0x96DC, 0x96DC, 0x96DC, 0x96DC,
    0x96DC, 0xA6FD, 0xB73D, 0xBF5E, 0xBF3D, 0xAF1D, 0x9EFD, 0x96DC, 0xAF1D, 0xEFBF, 0xF7BF, 0xEFBF,
    0xE7BF, 0xDFBE, 0xCF9E, 0xAF1D, 0xAF1D, 0xBF5E, 0xCF7E, 0xCF7E, 0xD79E, 0xC77E, 0xAF3D, 0x9F1D,
    0x9F1D, 0x9F1D, 0x9F1D, 0x9F1D, 0x9F1D, 0x9F1D, 0x9F1D, 0x9F1D, 0x9F1D, 0x9F1E, 0x9F1E, 0xA71D,
    0xA73D, 0xA73D, 0xA73D, 0xA73E, 0xA73E, 0xA73E, 0xA73E, 0xA73E, 0xA73E, 0xA73E, 0xA73E, 0xA73E,
    0xA73E, 0xA73E, 0xA75E, 0xA73D, 0xAF5E, 0xC79F, 0xEFDF, 0xFFFF, 0xFFFF, 0xFFFF, 0xFFFF, 0xF7DF,
    0xFFFF, 0xFFFF, 0xFFFF, 0xFFFF, 0xFFFF, 0xFFFF, 0xFFFF, 0xDF1C, 0xD6F8, 0x9E3B, 0x4499, 0x4436,
    0x43F4, 0x4436, 0x4456, 0x3BB3, 0x2ACF, 0x2B10, 0x4C35, 0x3B92, 0x3310, 0x4C35, 0x4C14, 0x4C14,
    0x2AAC, 0x4C14, 0x4391, 0x4392, 0x330F, 0x3B92, 0x43F3, 0x43D3, 0x4BF4, 0x3372, 0x7C72, 0xFFFF,
    0xCF9F, 0xB79E, 0xE7DF, 0xFFFF, 0xFFFF, 0xFFFF, 0xFFFF, 0xEFDF, 0xE7BF, 0xEFDF, 0xE7BF, 0xEFBF,
    0xE7BF, 0xE7DF, 0xE7BF, 0xE7BF, 0xF7DF, 0xCFDF, 0xB7BF, 0xCFBF, 0xF7DF, 0xEFDF, 0xE7DF, 0xF7FF,
    0xEFFF, 0xEFFF, 0xEFFF, 0xF7FF, 0xEFFF, 0xF7FF, 0xFFFF, 0xFFFF, 0xFFFF, 0xFFFF, 0xFFFF, 0xFFFF,
    0xF7BE, 0xE73E, 0xE73C, 0xEF78, 0xFFB8, 0xFFDA, 0xFFDC, 0xFFDC, 0xFFDC, 0xFFDC, 0xFFDC, 0xFFDC,
    0x7E9C, 0x7EBD, 0x76BD, 0x7EBD, 0x76BD, 0x76BD, 0x767C, 0x765B, 0x65D9, 0x6BF1, 0x83D1, 0x524A,
    0x49E7, 0x3186, 0x2104, 0x18C3, 0x2145, 0x3A0B, 0x4AAE, 0x426C, 0x428C, 0x4A8D, 0x422B, 0x426C,
    0x3A0B, 0x4A8D, 0x630F, 0x52CD, 0x52AD, 0x4A8D, 0x31C9, 0x39EA, 0x3188, 0xC617, 0xEEDA, 0x83AF,
    0x31C9, 0x52CE, 0x52AD, 0x5ACD, 0x528C, 0x62EE, 0x626A, 0xAD15, 0x41AB, 0x420C, 0x316B, 0x294A,
    0x1129, 0x6B0F, 0x6269, 0x8B6D, 0xFF3B, 0xF6B9, 0xFEFA, 0xCDD6, 0xC5B5, 0xFF5B, 0xFF3B, 0xCDD6,
    0x5A4A, 0xCD75, 0x7B6D, 0xB4F3, 0xFFFE, 0x7BAF, 0x39EA, 0x422B, 0x3A0B, 0x2167, 0x4A8D, 0x39EB,
    0x3A4B, 0xA71D, 0x4AED, 0xD71D, 0xE7BF, 0xE7BF, 0xEFBF, 0xE79F, 0xD77F, 0xBF3E, 0xC75E, 0xD77F,
    0x9EFD, 0x8EBC, 0x96DC, 0x96DD, 0x96DD, 0x96DC, 0x96DC, 0x96DD, 0x96DC, 0x96DC, 0x96DC, 0x96DC,
    0x9EFD, 0xC75E, 0xC75E, 0xCF7E, 0xBF5E, 0xA71D, 0x9EFD, 0x9EFD, 0xB71D, 0xD79E, 0xEFBF, 0xEFBF,
    0xE79F, 0xDF9F, 0xB73D, 0xA71D, 0xAF1D, 0xB73E, 0xBF5E, 0xBF5E, 0xAF3E, 0xAF3D, 0x9EFD, 0x9F1D,
    0x9F1D, 0x9F1D, 0x9F1D, 0x9F1D, 0x9F1D, 0x9F1D, 0x9F1D, 0x9F1D, 0x9F1D, 0xA71D, 0xA71D, 0xA73D,
    0xA73E, 0xA73D, 0xA73E, 0xA73E, 0xA73E, 0xA73E, 0xA73E, 0xA73E, 0xA73E, 0xA73E, 0xA73E, 0xAF5E,
    0xAF5E, 0xA75E, 0xA75E, 0xA75E, 0xAF5E, 0xA75E, 0xB77F, 0xF7FF, 0xFFFF, 0xFFFF, 0xFFFF, 0xFFFF,
    0xFFFF, 0xFFFF, 0xFFFF, 0xFFFF, 0xFFFF, 0xFFFF, 0xF7BF, 0xB5F7, 0x74B4, 0x9E1B, 0x4CB9, 0x4C56,
    0x3BD4, 0x3331, 0x3331, 0x3BD4, 0x4C35, 0x3330, 0x2ACE, 0x4C35, 0x3B30, 0x4392, 0x4C14, 0x4C55,
    0x43D3, 0x32EF, 0x43D3, 0x43B2, 0x32EF, 0x2AEF, 0x3B71, 0x4C14, 0x2AEF, 0x3330, 0x4BB2, 0xE75D,
    0xE7FF, 0xC79F, 0xDFDF, 0xFFFF, 0xFFFF, 0xFFFF, 0xFFFF, 0xFFFF, 0xEFDF, 0xE7BF, 0xEFBF, 0xE7BF,
    0xE7BF, 0xE7BF, 0xE7BF, 0xE7BF, 0xEFDF, 0xCFDF, 0xC7BF, 0xE7DF, 0xE7DF, 0xE7DF, 0xE7FF, 0xEFFF,
    0xF7FF, 0xFFFF, 0xFFFF, 0xEFDF, 0xEFFF, 0xFFFF, 0xFFFF, 0xFFFF, 0xFFFF, 0xFFFF, 0xF7BE, 0xE71D,
    0xE73D, 0xF79C, 0xFFB5, 0xFF73, 0xFF52, 0xFF52, 0xFF75, 0xFF98, 0xFFDB, 0xFFDC, 0xFFDC, 0xFFDC,
    0x5D36, 0x5473, 0x43B0, 0x430D, 0x3AAB, 0x324A, 0x3208, 0x31C7, 0x3186, 0x2945, 0x2103, 0x2125,
    0x2945, 0x2104, 0x2124, 0x39C8, 0x4A8D, 0x52AE, 0x4A8D, 0x4A6C, 0x428D, 0x4A8D, 0x422B, 0x4A8D,
    0x31C9, 0x6B4F, 0x52AD, 0x422B, 0x4A4C, 0x3A0A, 0x3A0A, 0x2989, 0x8431, 0xFFBE, 0xDD95, 0x7B8E,
    0x29A9, 0x52AE, 0x52AD, 0x5ACD, 0x528C, 0x62CD, 0x626A, 0x9C73, 0x9370, 0x7B0F, 0x6A4E, 0x5A2C,
    0x7350, 0x8C32, 0xEE9A, 0xACB2, 0xEE99, 0xF6D9, 0xF6B9, 0xFEFA, 0xFF1B, 0xF699, 0xF6D9, 0xC5B5,
    0xF679, 0xCD75, 0xACD3, 0xF71B, 0xA4B2, 0x41CA, 0x4A6C, 0x422B, 0x322B, 0x320A, 0x4A8D, 0x2127,
    0x6C73, 0x9EBC, 0x6BF0, 0xE7FF, 0xDF9E, 0xE7BF, 0xE7BF, 0xDF9E, 0xDF9F, 0xCF7E, 0xDF9F, 0xE79F,
    0xCF5E, 0xA6FD, 0x96DC, 0x96DD, 0x96DC, 0x96DC, 0x96DC, 0x96DC, 0x96DC, 0x96DC, 0x96FD, 0x8EDC,
    0xAF1D, 0xDF9E, 0xDF9E, 0xD79E, 0xC75E, 0xA71D, 0x9F1D, 0xC75E, 0xCF7E, 0xCF7E, 0xDF9F, 0xD77F,
    0xC75E, 0xB73E, 0xA71D, 0xA71D, 0xAF3D, 0xC75E, 0xA71D, 0x9F1D, 0x9F1D, 0x9F1D, 0x9F1D, 0x9F1D,
    0x9F1D, 0x9F1D, 0x9F1D, 0x9F1D, 0x9F1D, 0xA71D, 0xA71D, 0xA71D, 0xA73D, 0xA73D, 0xA73D, 0xA73D,
    0xA73E, 0xA73E, 0xA73E, 0xA73E, 0xA73E, 0xA73E, 0xA73E, 0xA73E, 0xA73E, 0xAF5E, 0xA75E, 0xA75E,
    0xAF5E, 0xAF5E, 0xAF5E, 0xAF5E, 0xAF5E, 0xAF7E, 0xAF5E, 0xBF7F, 0xDFDF, 0xF7FF, 0xDFBF, 0xE7DF,
    0xFFFF, 0xFFFF, 0xFFFF, 0xFFFF, 0xFFFF, 0xEFDF, 0xF7FF, 0xE73D, 0x6497, 0xD7BF, 0x4C98, 0x33F5,
    0x4C35, 0x4C35, 0x3BB3, 0x32EF, 0x3330, 0x5435, 0x3B51, 0x32CE, 0x43B2, 0x32EF, 0x4C34, 0x4C14,
    0x5435, 0x4C14, 0x330F, 0x3330, 0x3B50, 0x2AAD, 0x2AEE, 0x43D3, 0x3B92, 0x3330, 0x1A2C, 0x9D77,
    0xFFFF, 0xEFBF, 0xFFFF, 0xFFFF, 0xFFFF, 0xFFFF, 0xFFFF, 0xFFFF, 0xEFDF, 0xE7BF, 0xEFBF, 0xE7BF,
    0xE7BF, 0xE7BF, 0xE7BF, 0xE7BF, 0xEFBF, 0xFFFF, 0xF7DF, 0xE7BF, 0xEFDF, 0xEFFF, 0xEFFF, 0xF7FF,
    0xFFFF, 0xFFFF, 0xE77E, 0x84F7, 0xC6FD, 0xEFFF, 0xF7DF, 0xFFFF, 0xF7BE, 0xE73D, 0xDF1C, 0xF79E,
    0xFFDC, 0xFF73, 0xFF52, 0xFF73, 0xFF73, 0xFF73, 0xFF52, 0xFF51, 0xFF97, 0xFFDC, 0xFFDC, 0xFFDC,
    0x3186, 0x3145, 0x3124, 0x3124, 0x2924, 0x2904, 0x2104, 0x2924, 0x2945, 0x3186, 0x3186, 0x2965,
    0x2924, 0x4A29, 0x8C33, 0x630F, 0x424C, 0x630E, 0x4A8D, 0x4A6C, 0x4A8C, 0x4A8D, 0x422B, 0x4A8D,
    0x2988, 0x62EE, 0x6B70, 0x420A, 0x4A8D, 0x4A8D, 0x4A6D, 0x2989, 0xC5F8, 0xFF5C, 0xEDD7, 0x9431,
    0x2989, 0x52AD, 0x52AD, 0x52AD, 0x528C, 0x526C, 0x8BCF, 0xCDB7, 0x9BD2, 0xB473, 0x8B71, 0xA3F1,
    0xAC53, 0xF79E, 0xF71C, 0xF6D9, 0xF6B9, 0xF6D9, 0xF6D9, 0xF6B9, 0xF6B9, 0xF6B9, 0xF6DA, 0xF6B9,
    0x628A, 0x2904, 0x20C3, 0x20C3, 0x3987, 0x5AAC, 0x4A6C, 0x39EA, 0x324B, 0x426C, 0x3A0A, 0x2168,
    0xB73D, 0x9576, 0xADF8, 0xE7DF, 0xDF7E, 0xDF9E, 0xDF9E, 0xDF9E, 0xDF9F, 0xE79F, 0xDF9F, 0xDF9F,
    0xDF9F, 0xC75E, 0xB73D, 0xAF1D, 0x96DC, 0x96DC, 0x96DC, 0x96DC, 0x96FC, 0x96DD, 0x9EFD, 0xAF1D,
    0xC75E, 0xEFDF, 0xE7BF, 0xE7BF, 0xDF9F, 0xC77E, 0xCF7E, 0xD79E, 0xD79E, 0xCF7E, 0xAF3D, 0xAF3E,
    0xA71D, 0x9F1D, 0xA71D, 0xA71D, 0xAF1D, 0xBF5E, 0xA71D, 0x9F1D, 0xA71D, 0x9F1D, 0x9F1D, 0x9F3E,
    0x9F1D, 0x9F1D, 0xA71E, 0xA73E, 0xA71D, 0xA73D, 0xA73D, 0xA73D, 0xA73D, 0xA73E, 0xA73E, 0xA73E,
    0xA73E, 0xA73E, 0xA73E, 0xA73E, 0xA75E, 0xAF5E, 0xA75E, 0xA75E, 0xAF5E, 0xAF5E, 0xAF5E, 0xAF5E,
    0xAF5E, 0xAF5E, 0xAF5E, 0xAF5E, 0xAF5E, 0xAF5E, 0xB75E, 0xAF5E, 0xAF5E, 0xB77E, 0xA75E, 0xD7BF,
    0xFFFF, 0xFFFF, 0xFFFF, 0xFFFF, 0xF7FF, 0xEFDF, 0xEFFF, 0xE77D, 0x95D9, 0xDFFF, 0x5497, 0x7D18,
    0x74D7, 0x3330, 0x43F4, 0x4456, 0x3B72, 0x3B0F, 0x4391, 0x3B0F, 0x3AEE, 0x32EE, 0x43B2, 0x4C14,
    0x4C14, 0x4C14, 0x4BF4, 0x2ACE, 0x224C, 0x2AAD, 0x330F, 0x3330, 0x3330, 0x3B92, 0x7473, 0xADB7,
    0xEFFF, 0xEFDF, 0xF7DF, 0xF7FF, 0xFFFF, 0xFFFF, 0xF7FF, 0xEFDF, 0xE7BF, 0xE7BF, 0xE7BF, 0xE7BF,
    0xE7BF, 0xE7BF, 0xE7BF, 0xE7BF, 0xEFDF, 0xFFFF, 0xEFDF, 0xE7BF, 0xEFDF, 0xE7BF, 0xF7FF, 0xFFFF,
    0xF7BE, 0xEF7E, 0xBE5B, 0x6C36, 0xAE1A, 0xF7FF, 0xDF9E, 0xD73D, 0xDF1D, 0xF77C, 0xFF96, 0xFF96,
    0xFF73, 0xFF52, 0xFF73, 0xFF52, 0xFF52, 0xFF73, 0xFF96, 0xFFBA, 0xFFDC, 0xFFDC, 0xFFDC, 0xFFDC,
    0x41E8, 0x4208, 0x4208, 0x4208, 0x4208, 0x4208, 0x39C7, 0x31A7, 0x3186, 0x2945, 0x2124, 0x3187,
    0x422A, 0xA4F6, 0xAD17, 0x5AEE, 0x4A6C, 0x7390, 0x4A8D, 0x4A8C, 0x4A8D, 0x4A6C, 0x424C, 0x4A8D,
    0x31C9, 0x31C9, 0x8C33, 0x52CE, 0x5B0E, 0x4A6C, 0x424C, 0x31A9, 0xC638, 0xEE99, 0xFE79, 0xACB3,
    0x2168, 0x528D, 0x52AD, 0x528D, 0x528C, 0x4A2B, 0x8BEF, 0xFF9C, 0xBD36, 0xCCD8, 0xDD39, 0xA3D1,
    0x83B2, 0xF75D, 0xF6FA, 0xF6B9, 0xF6BA, 0xF6B9, 0xF6D9, 0xF6D9, 0xF6D9, 0xF6B9, 0xFEFA, 0x6ACB,
    0x3128, 0x4A2C, 0x39CA, 0x2925, 0x20E3, 0x528C, 0x422B, 0x2987, 0x2989, 0x4A8D, 0x2126, 0x7CB3,
    0xD7DF, 0xA596, 0xDFBF, 0xCF5E, 0xD77E, 0xDF7E, 0xDF9E, 0xDF9E, 0xDF9E, 0xD77E, 0xCF7E, 0xD77E,
    0xD77E, 0xCF7E, 0xCF5E, 0xB73E, 0x9EFD, 0x96DD, 0x96FD, 0x96FD, 0x96FD, 0x96FD, 0xBF5E, 0xE7BF,
    0xF7DF, 0xEFDF, 0xE7BF, 0xE7BF, 0xEFBF, 0xDF9F, 0xD77E, 0xDF9E, 0xD77E, 0xA71D, 0x9F1D, 0xA71D,
    0xA71D, 0x9F1D, 0xA71D, 0xA71D, 0xB73E, 0xB73D, 0x9F1D, 0xA71E, 0x9F1E, 0xA71D, 0xA71D, 0xA71D,
    0xA71D, 0xA71D, 0xA73D, 0xA73D, 0xA73D, 0xA73D, 0xA73D, 0xA73E, 0xA75D, 0xA73E, 0xA73E, 0xA73E,
    0xA73E, 0xA73E, 0xAF5E, 0xA75E, 0xA75E, 0xAF5E, 0xAF5E, 0xAF5E, 0xAF5E, 0xAF5E, 0xAF5E, 0xAF5E,
    0xAF5E, 0xAF5E, 0xAF5E, 0xAF5E, 0xAF5E, 0xAF5E, 0xAF7E, 0xB77E, 0xB77E, 0xAF7E, 0xB77E, 0xB77E,
    0xEFDF, 0xFFFF, 0xFFFF, 0xFFFF, 0xEFDF, 0xE7BF, 0xE7DF, 0xEFBF, 0xC71D, 0xD7DF, 0x6496, 0x74D7,
    0x4C56, 0x3BD3, 0x5370, 0x63D1, 0x6412, 0x63D1, 0x534F, 0x4B50, 0x430F, 0x32AD, 0x3B30, 0x4BF3,
    0x4C34, 0x4BF4, 0x4BF3, 0x43B2, 0x2AAE, 0x19CA, 0x224C, 0x3310, 0x32AD, 0x1A0B, 0x84B4, 0xF7FF,
    0xE7BF, 0xFFFF, 0xF7FF, 0xFFFF, 0xFFFF, 0xEFDF, 0xF7FF, 0xEFDF, 0xEFBF, 0xE7BF, 0xE7BF, 0xEFBF,
    0xEFBF, 0xEFBF, 0xEFBF, 0xEFBF, 0xEFBF, 0xEFBF, 0xE7BF, 0xE7BF, 0xE7BF, 0xEFDF, 0xEFBF, 0xCEDC,
    0xB65B, 0xDF1D, 0xEFBF, 0xAE3B, 0x7497, 0xD73D, 0xDF1D, 0xEF3C, 0xFFDB, 0xFFD4, 0xFF92, 0xFF52,
    0xFF72, 0xFF52, 0xFF52, 0xFF75, 0xFFB8, 0xFFDB, 0xFFDD, 0xFFDC, 0xFFDC, 0xFFDC, 0xFFDC, 0xFFDC,
    0x39E7, 0x39C7, 0x39E7, 0x39E7, 0x39E7, 0x4208, 0x4A49, 0x41E7, 0x2903, 0x2966, 0x630D, 0x9CD6,
    0x52AD, 0x9CB5, 0xA4F6, 0x5AEF, 0x52AD, 0x83F2, 0x426C, 0x4A8D, 0x4A8D, 0x4A6C, 0x424B, 0x4A8D,
    0x39EA, 0x10E6, 0x7B91, 0x5ACF, 0x4A8D, 0x4A6D, 0x424B, 0x29A9, 0x9CB3, 0xEEB9, 0xFE18, 0xBCF4,
    0x2148, 0x4A8D, 0x52AD, 0x528C, 0x528C, 0x4A2A, 0x8BEF, 0xFEFA, 0xF6B9, 0xE5F8, 0xCD36, 0xCD97,
    0xFF3B, 0xF6DA, 0xF6B9, 0xF6B9, 0xF6B9, 0xF6B9, 0xF6D9, 0xF6B9, 0xF6B9, 0xFEDA, 0xEE99, 0x39AB,
    0x39AB, 0x296A, 0x08C8, 0x9C52, 0x3944, 0x39A8, 0x39C9, 0x2968, 0x424D, 0x42CD, 0x4B4E, 0xCFFF,
    0xBEFC, 0xD75D, 0xD77E, 0xD7BF, 0xDFBF, 0xD79F, 0xD79E, 0xD79E, 0xD79E, 0xCF7E, 0xCF7E, 0xCF7E,
    0xCF7E, 0xCF7E, 0xC77E, 0xA71D, 0x9EFD, 0x9EFD, 0x9EFD, 0x9EFD, 0x96FD, 0x9EFD, 0xD79F, 0xF7DF,
    0xF7DF, 0xF7DF, 0xEFDF, 0xEFDF, 0xF7BF, 0xE7BF, 0xDFBF, 0xD79E, 0xBF5E, 0xA71D, 0xA71D, 0x9F1D,
    0xA71D, 0x9F1D, 0xA71D, 0x9F1D, 0xC77E, 0xCF7E, 0xA73E, 0xA71E, 0xA73D, 0xA71D, 0xA71D, 0xA73D,
    0xA73D, 0xA73D, 0xA73D, 0xA73D, 0xA73D, 0xA73D, 0xA73E, 0xAF3E, 0xA73E, 0xA75E, 0xAF5E, 0xAF5E,
    0xAF5E, 0xAF5E, 0xAF5E, 0xA75E, 0xAF5E, 0xAF5E, 0xAF5E, 0xAF5E, 0xAF5E, 0xAF5E, 0xAF5E, 0xAF5E,
    0xAF5E, 0xAF5E, 0xAF7E, 0xAF7E, 0xAF7E, 0xAF7E, 0xB77E, 0xB77E, 0xB77E, 0xB77E, 0xAF7E, 0xD7BF,
    0xFFFF, 0xFFFF, 0xFFFF, 0xFFFF, 0xFFFF, 0xFFFF, 0xF7FF, 0xE79F, 0xC73E, 0xC75E, 0x755A, 0x1AF0,
    0x3B72, 0x43D4, 0x43F4, 0x4350, 0x4AED, 0x73F1, 0x9C50, 0x52CC, 0x32AD, 0x432F, 0x2A8C, 0x4BF3,
    0x4C34, 0x4BF3, 0x4392, 0x4BF3, 0x330F, 0x228E, 0x19EA, 0x32EF, 0x3330, 0x09A9, 0x84F4, 0xFFFF,
    0xF7DF, 0xFFFF, 0xFFFF, 0xEFDF, 0xE7BF, 0xE7BF, 0xEFBF, 0xEFDF, 0xEFBF, 0xE7BF, 0xE7BF, 0xEFBF,
    0xEFBF, 0xEFBF, 0xEFBF, 0xE7BF, 0xE7BF, 0xE7BF, 0xEFBF, 0xE7BF, 0xEFFF, 0xC69C, 0x9558, 0xC6FC,
    0xE7BF, 0xEFFF, 0xDF7E, 0xAE1A, 0xADDA, 0xF79E, 0xFFDE, 0xECD1, 0xE4AF, 0xED90, 0xF692, 0xFFD5,
    0xFFB5, 0xFF77, 0xFFBB, 0xFFDC, 0xFFDC, 0xFFDC, 0xFFDC, 0xFFDC, 0xFFDC, 0xFFDC, 0xFFDC, 0xFFDC,
    0x39E7, 0x39E7, 0x39C7, 0x39E7, 0x4208, 0x41C7, 0x2924, 0x29C7, 0x5CB3, 0x65D9, 0x6B4F, 0xA4D5,
    0x52AD, 0xA4D5, 0xAD16, 0x5AEE, 0x5B0E, 0x9474, 0x426C, 0x4A8D, 0x4A8D, 0x4A6C, 0x422B, 0x4A8D,
    0x31C9, 0x1927, 0x39EA, 0x7BD2, 0x3A0B, 0x52AD, 0x422B, 0x39EB, 0x420B, 0xD617, 0xE5F7, 0xC514,
    0x2168, 0x4A8D, 0x52AD, 0x4A6C, 0x4A6C, 0x420A, 0x9410, 0xFEFA, 0xF658, 0xFEB9, 0xFED9, 0xFEB9,
    0xF678, 0xF699, 0xF6B9, 0xF6B9, 0xF6B9, 0xF6B9, 0xF6B9, 0xF6DA, 0xF71B, 0xFEFA, 0xDE18, 0x8330,
    0x6A4D, 0x7B70, 0xBDD8, 0x9431, 0x4124, 0x4A0A, 0x39C9, 0x3A0B, 0x29A9, 0x4A49, 0x9D55, 0xA659,
    0xAE7A, 0x84F5, 0x63B1, 0x7C93, 0xBEBB, 0xCF5D, 0xDFBF, 0xCF5E, 0xBF5E, 0xBF3D, 0xBF5D, 0xC75E,
    0xCF7E, 0xC75E, 0xAF1D, 0x96DD, 0x96FD, 0x96FD, 0x96FD, 0x9EFD, 0x9EFD, 0xA71D, 0xC75F, 0xEFBF,
    0xF7BF, 0xF7DF, 0xF7DF, 0xEFBF, 0xEFBF, 0xE7BF, 0xD79F, 0xBF5E, 0xAF3D, 0xA71D, 0x9F1D, 0xAF3E,
    0xAF3E, 0x9F1D, 0xAF3E, 0xB73E, 0xCF7E, 0xD79F, 0xC75E, 0xAF3E, 0xA73D, 0xA73D, 0xA73D, 0xA73D,
    0xA73E, 0xA73D, 0xA73D, 0xA73E, 0xA73E, 0xAF3D, 0xAF5E, 0xAF5E, 0xAF5E, 0xAF5E, 0xAF5E, 0xA73E,
    0xA75E, 0xAF5E, 0xAF5E, 0xAF5E, 0xAF5E, 0xAF5E, 0xAF5E, 0xAF5E, 0xAF5E, 0xAF5E, 0xAF7E, 0xAF7E,
    0xAF7E, 0xAF7E, 0xB77E, 0xB77E, 0xB77E, 0xB77E, 0xB77E, 0xB77E, 0xB77E, 0xB77E, 0xAF7E, 0xC79F,
    0xFFFF, 0xFFFF, 0xFFFF, 0xFFFF, 0xFFFF, 0xFFFF, 0xFFFF, 0xE77E, 0xBF1D, 0xC77E, 0x4BF4, 0x4415,
    0x2B31, 0x3B51, 0x4391, 0x32EE, 0x4B70, 0x7BAE, 0x2104, 0x5229, 0x4A6A, 0x32CE, 0x3AAD, 0x4371,
    0x5435, 0x43B2, 0x3B30, 0x5435, 0x32EE, 0x2AEF, 0x2A8D, 0x32EE, 0x3330, 0x2A8C, 0x8C92, 0xFFFF,
    0xFFFF, 0xFFFF, 0xFFFF, 0xEFFF, 0xF7FF, 0xE7BF, 0xE7DF, 0xE7BF, 0xEFBF, 0xE7BF, 0xE7BF, 0xEFBF,
    0xE7BF, 0xEFBF, 0xEFBF, 0xE7BF, 0xE7BF, 0xEFBF, 0xEFBF, 0xE7BF, 0xEFDF, 0xDF5E, 0xC6FD, 0xDF9F,
    0xEFDF, 0xCF3D, 0xC6BC, 0xE75D, 0xFFFE, 0xFFFD, 0xFF97, 0xE4AF, 0xDC0F, 0xDC0F, 0xE492, 0xFFB5,
    0xFFFB, 0xFFDD, 0xFFDC, 0xFFDC, 0xFFDC, 0xFFDC, 0xFFDC, 0xFFDC, 0xFFDC, 0xFFDC, 0xFFDC, 0xFFDC,
    0x39E7, 0x39E7, 0x41E8, 0x41E7, 0x3125, 0x29C7, 0x5473, 0x7E9C, 0x86FD, 0x765B, 0x52EE, 0x9454,
    0x5AEE, 0xA4F6, 0xAD17, 0x5AEE, 0x7BB0, 0x9CD5, 0x4A8D, 0x4A8D, 0x4A8D, 0x4A6D, 0x424C, 0x4AAD,
    0x29A9, 0x2168, 0x1927, 0x5AEE, 0x52AE, 0x426C, 0x424C, 0x3A0B, 0x2989, 0x39E9, 0xD5F6, 0xB4B2,
    0x2147, 0x4A8D, 0x528D, 0x4A4C, 0x526C, 0x39EA, 0xA492, 0xFEFA, 0xF678, 0xF699, 0xF699, 0xF678,
    0xF699, 0xF699, 0xF6B9, 0xF6B9, 0xF6B9, 0xF6B9, 0xF6B9, 0xFFDE, 0xFFFF, 0xFF1A, 0xDE18, 0xB434,
    0xB414, 0x9391, 0xCE5A, 0x8BEF, 0x7B4D, 0x4A4C, 0x39E9, 0x2147, 0x1907, 0x834D, 0xED54, 0x8B6D,
    0x426C, 0x4AAE, 0x4AAE, 0x4AAD, 0x3A4C, 0x3A6B, 0xB67A, 0xDFFF, 0xB73D, 0x9EFD, 0xA6FD, 0xB73D,
    0xB73D, 0xB73D, 0x9F1D, 0x96FD, 0x9EFD, 0x9EFD, 0x9EFD, 0x9EFD, 0x9EFD, 0x9EFD, 0xBF5E, 0xEFBF,
    0xF7BF, 0xF7DF, 0xF7BF, 0xE7BF, 0xE79F, 0xDF9E, 0xCF7E, 0xBF5E, 0xAF3E, 0x9F1D, 0xB75E, 0xC77E,
    0xC77E, 0xD77F, 0xE7BF, 0xE7BF, 0xE7BF, 0xE7BF, 0xD79F, 0xB75E, 0xA73D, 0xBF5E, 0xC77E, 0xAF3E,
    0xA73E, 0xA73E, 0xA73E, 0xAF3E, 0xAF5E, 0xAF5E, 0xB75E, 0xAF5E, 0xAF5E, 0xAF5E, 0xAF5E, 0xAF5E,
    0xAF5E, 0xAF5E, 0xAF5E, 0xAF5E, 0xAF5E, 0xAF5E, 0xAF5E, 0xAF5E, 0xAF7E, 0xAF7E, 0xB77E, 0xB77E,
    0xB77E, 0xAF7E, 0xB77E, 0xB77E, 0xB77E, 0xAF7E, 0xB77E, 0xB77E, 0xB77E, 0xB77E, 0xB77F, 0xAF7E,
    0xC79F, 0xEFFF, 0xFFFF, 0xFFFF, 0xFFFF, 0xF7DF, 0xEFDF, 0xEF9E, 0xB69D, 0xD7BF, 0x3BD3, 0x5B70,
    0x5C75, 0x22F0, 0x430F, 0x5B90, 0x9C92, 0x41C6, 0x0969, 0x3A4E, 0xD638, 0x638F, 0x2A6D, 0x4351,
    0x5455, 0x3B71, 0x3B30, 0x5475, 0x32EE, 0x2ACE, 0x2ACF, 0x3310, 0x124D, 0x6432, 0xEF7D, 0xEFBF,
    0xFFFF, 0xFFFF, 0xF7FF, 0xD73D, 0xB65A, 0xEFDF, 0xEFBF, 0xEFDF, 0xEFDF, 0xE7DF, 0xE7BF, 0xE7BF,
    0xE7BF, 0xEFBF, 0xEFDF, 0xEFDF, 0xE7DF, 0xEFBF, 0xEFBF, 0xE7BF, 0xEFBF, 0xEFDF, 0xDFBF, 0xDF7E,
    0xE75E, 0xDF1D, 0xFF7C, 0xFFFD, 0xFFBB, 0xFF76, 0xFF92, 0xED30, 0xE42F, 0xE44F, 0xEDB4, 0xFFF6,
    0xFFB7, 0xFFDC, 0xFFDC, 0xFFDC, 0xFFDC, 0xFFDC, 0xFFDC, 0xFFDC, 0xFFDC, 0xFFDC, 0xFFFC, 0xE77C,
    0x39C7, 0x4208, 0x3986, 0x31A6, 0x5432, 0x769C, 0x86FD, 0x7E5B, 0x763B, 0x7EBC, 0x534F, 0x7BB1,
    0x630E, 0xA4F5, 0xAD17, 0x5AEE, 0x9C74, 0xA4D6, 0x4A8D, 0x4AAD, 0x4AAD, 0x4A6D, 0x426C, 0x4A8D,
    0x29A8, 0x2168, 0x2989, 0x2148, 0x5AEE, 0x3A0B, 0x4A8D, 0x3A0B, 0x39EA, 0x1928, 0x4209, 0xC575,
    0x31A8, 0x4A8D, 0x528D, 0x422B, 0x4A6C, 0x39C9, 0xB4F3, 0xFEFA, 0xF678, 0xF699, 0xF699, 0xF699,
    0xF699, 0xF699, 0xF6B9, 0xF6B9, 0xF6B9, 0xF6B9, 0xF6D9, 0xFF5C, 0xFFBE, 0xEE99, 0xF6D9, 0xCD36,
    0xBCD5, 0xC5B7, 0xE699, 0xDE37, 0x4A0A, 0x420A, 0x422B, 0x31CA, 0x2147, 0x29AA, 0x422B, 0x426D,
    0x3A2C, 0x3A0B, 0x420A, 0x1927, 0x8BEF, 0xB555, 0x94B3, 0xB638, 0xC6FC, 0xB75E, 0xAF5E, 0xB73E,
    0xBF3E, 0xBF5E, 0xB73E, 0xA71D, 0x9F1D, 0x9F1D, 0x9EFD, 0x9F1D, 0xA71D, 0xAF3E, 0xD77F, 0xF7BF,
    0xF7BF, 0xF7DF, 0xE7BF, 0xDF9E, 0xDF9E, 0xDF7F, 0xCF7E, 0xBF5E, 0xAF3E, 0xC75E, 0xD77E, 0xC77E,
    0xCF7E, 0xEFBF, 0xEFBF, 0xEFBF, 0xEFBF, 0xE79F, 0xD77E, 0xC77E, 0xB75D, 0xC77E, 0xCF7E, 0xAF5E,
    0xAF3E, 0xAF5E, 0xAF5E, 0xAF5E, 0xAF5E, 0xB75E, 0xB75E, 0xB75E, 0xAF5E, 0xAF5E, 0xAF5E, 0xAF5E,
    0xAF5E, 0xAF5E, 0xAF5E, 0xAF5E, 0xAF5E, 0xAF5E, 0xAF7E, 0xB77E, 0xB77E, 0xB77E, 0xB77E, 0xB77E,
    0xB77E, 0xB77E, 0xB77E, 0xB77E, 0xB77E, 0xB77F, 0xB77F, 0xB77E, 0xB77E, 0xB77E, 0xB77E, 0xB77F,
    0xAF7F, 0xC79E, 0xEFDF, 0xFFFF, 0xFFFF, 0xEFDF, 0xEFDF, 0xEFBF, 0xBEBD, 0xC71E, 0x757A, 0x2B10,
    0x9D14, 0xA5B7, 0x5370, 0xAD13, 0xE616, 0x62EC, 0x42D0, 0x32CE, 0xDEB9, 0xF6B8, 0x326B, 0x3B71,
    0x5475, 0x3B30, 0x3B30, 0x4C35, 0x3B50, 0x228D, 0x2AAE, 0x2ACE, 0x328D, 0x5B90, 0xFFFF, 0xE7BF,
    0xFFFF, 0xFFFF, 0xFFFF, 0x8D17, 0x5393, 0xBEBC, 0xEFFF, 0xEFBF, 0xEFDF, 0xE7DF, 0xE7BF, 0xEFDF,
    0xEFDF, 0xEFDF, 0xEFDF, 0xEFDF, 0xEFBF, 0xEFBF, 0xE7BF, 0xEFBF, 0xEFFF, 0xCF1D, 0xC6DC, 0xE77E,
    0xFF3B, 0xED12, 0xE46F, 0xE490, 0xF6F4, 0xFF72, 0xFFB3, 0xED71, 0xDC2F, 0xDC0F, 0xF673, 0xFFD5,
    0xFF53, 0xFFDB, 0xFFDC, 0xFFDC, 0xFFDC, 0xFFDC, 0xFFDC, 0xFFDC, 0xFFDC, 0xFFDC, 0xFFFC, 0xAE5A,
    0x4208, 0x3965, 0x3AAB, 0x763A, 0x86FE, 0x7E5B, 0x763B, 0x7E7B, 0x765B, 0x7EDD, 0x5412, 0x62EE,
    0x6B4F, 0xACF6, 0xA4F6, 0x6B2F, 0xAD16, 0x9CB5, 0x4A8D, 0x4AAD, 0x52AE, 0x426D, 0x426C, 0x428D,
    0x29A9, 0x2989, 0x2989, 0x2169, 0x2988, 0x422B, 0x3A2C, 0x424C, 0x31EA, 0x31CA, 0x10E7, 0x2967,
    0x39C9, 0x4A8D, 0x4A8D, 0x422B, 0x4A6C, 0x31A9, 0xC555, 0xFEFA, 0xF699, 0xF699, 0xF699, 0xF699,
    0xF699, 0xF6B9, 0xF6B9, 0xF6B9, 0xF6B9, 0xF6D9, 0xF6B9, 0xF6B9, 0xF6B9, 0xE617, 0xF6B9, 0xF6D9,
    0xF699, 0xFED9, 0xFF1B, 0xAC91, 0x3168, 0x422B, 0x3A0B, 0x4A6D, 0x1906, 0x4A09, 0x29A9, 0x3A2B,
    0x5A8C, 0xAC30, 0x528B, 0x5AAC, 0xFDB5, 0xFE58, 0xFF1A, 0xE658, 0xC5D6, 0xB5D7, 0xB6BA, 0xD79E,
    0xDF9F, 0xBF3E, 0xBF3E, 0xA71D, 0x9EFD, 0x9EFD, 0x9F1D, 0x9F1D, 0xA71D, 0xB73E, 0xDF9F, 0xF7BF,
    0xF7BF, 0xF7BF, 0xE7BF, 0xDF9F, 0xDF9E, 0xD77E, 0xD77E, 0xBF5E, 0xCF7E, 0xE7BE, 0xDF9E, 0xD79E,
    0xEFBF, 0xE7BF, 0xE7BF, 0xE7BF, 0xDF9F, 0xDF7E, 0xD77E, 0xCF7E, 0xCF7E, 0xBF5E, 0xB75E, 0xB75E,
    0xAF5E, 0xAF5E, 0xB75E, 0xBF5E, 0xB75E, 0xB75E, 0xB75E, 0xB77E, 0xAF5E, 0xAF5E, 0xAF5E, 0xAF5E,
    0xAF5E, 0xAF5E, 0xAF7E, 0xAF7E, 0xAF7E, 0xB77E, 0xB77E, 0xB77E, 0xB77E, 0xB77E, 0xB77E, 0xB77E,
    0xB77E, 0xB79E, 0xAF9F, 0xB79F, 0xB79F, 0xB77E, 0xB77E, 0xB77F, 0xB77E, 0xB79E, 0xB79E, 0xB79E,
    0xB79E, 0xC7BF, 0xE7DF, 0xFFFF, 0xFFFF, 0xF7DF, 0xF7DF, 0xFFFF, 0xCEFD, 0xCF3E, 0x95FA, 0x3373,
    0x3331, 0xAD95, 0xEF5B, 0xF75B, 0xF73A, 0xFF7C, 0xD6FC, 0xAD96, 0xFE77, 0xFF1A, 0x5B4E, 0x3331,
    0x5C76, 0x32EE, 0x3B91, 0x4414, 0x3B50, 0x228D, 0x226D, 0x11CA, 0xA5B7, 0x94D3, 0xDF1C, 0xFFFF,
    0xF7DF, 0xCE9B, 0xADD9, 0x9537, 0x63F3, 0xA5D9, 0xFFFF, 0xE7BF, 0xEFBF, 0xE7DF, 0xE7DF, 0xEFDF,
    0xEFDF, 0xEFDF, 0xEFDF, 0xEFDF, 0xEFBF, 0xE7BF, 0xEFDF, 0xEFDF, 0xD73D, 0xC69B, 0xF79E, 0xFE78,
    0xE42E, 0xDC2F, 0xDC2F, 0xE4CF, 0xFF93, 0xFF53, 0xFFB3, 0xEDD1, 0xDC0F, 0xE44F, 0xFEF2, 0xFF93,
    0xFF52, 0xFFBA, 0xFFFD, 0xFFDC, 0xFFDC, 0xFFDC, 0xFFDC, 0xFFDC, 0xFFDC, 0xFFDC, 0xFFDC, 0x8D99,
    0x3145, 0x4B4E, 0x7EFE, 0x7E9C, 0x765B, 0x7E7B, 0x7E7B, 0x7E7B, 0x7E7B, 0x86FD, 0x64D4, 0x4A4C,
    0x7370, 0xAD37, 0x9CB5, 0x7BB1, 0xB557, 0xA4B5, 0x52AD, 0x4AAD, 0x52AE, 0x426D, 0x426D, 0x426C,
    0x29A9, 0x31CA, 0x2189, 0x2989, 0x2168, 0x2147, 0x31CA, 0x3A0B, 0x31EA, 0x31EA, 0x31CA, 0x10E6,
    0x2167, 0x52AE, 0x426C, 0x3A2B, 0x4A4C, 0x31C9, 0xCDF6, 0xFEDA, 0xF699, 0xF699, 0xF699, 0xF6B9,
    0xF6B9, 0xF6B9, 0xF6B9, 0xF6B9, 0xF6B9, 0xF6B9, 0xF6B9, 0xF6DA, 0xF6B9, 0xF6DA, 0xF6B9, 0xF699,
    0xF699, 0xF699, 0xF6B9, 0xBC70, 0x41E9, 0x31CA, 0x424C, 0x52AE, 0x1947, 0xA3EF, 0xDD33, 0xC491,
    0xF575, 0xCCB2, 0x29AA, 0xCCB2, 0xF595, 0xE4F3, 0xE575, 0xF678, 0xFE78, 0xEE37, 0xCDB5, 0xAD75,
    0xC71D, 0xB75E, 0xAF1D, 0xA71D, 0x9F1D, 0x9F1D, 0x9F1D, 0x9F1D, 0xA71D, 0xBF5E, 0xDF9F, 0xF7BF,
    0xF7BF, 0xF7BF, 0xEFBF, 0xDF9E, 0xD79E, 0xD79E, 0xD79E, 0xDF9F, 0xE7BF, 0xDF9F, 0xDF9F, 0xE79F,
    0xE7BF, 0xD77F, 0xD77E, 0xD79E, 0xD79E, 0xD79E, 0xD79E, 0xD77E, 0xC77E, 0xBF5E, 0xB75E, 0xB75E,
    0xBF7E, 0xC77E, 0xC77E, 0xC77E, 0xBF7E, 0xBF7E, 0xB75E, 0xB75E, 0xAF5E, 0xAF5E, 0xAF7E, 0xAF7E,
    0xAF7E, 0xB77E, 0xB77E, 0xB77E, 0xB77E, 0xB77E, 0xB77E, 0xAF7E, 0xB77E, 0xB77E, 0xB79F, 0xB77E,
    0xB77F, 0xAF9E, 0xBEBB, 0xAF3D, 0xAF1D, 0xB79F, 0xB79F, 0xB79E, 0xB79E, 0xB79E, 0xB79E, 0xBF9E,
    0xBF9E, 0xB79E, 0xEFDF, 0xFFFF, 0xFFFF, 0xFFFF, 0xFFFF, 0xFFFF, 0xDF5D, 0xDF1D, 0xCF5E, 0x3B30,
    0x1A4C, 0x5B90, 0xFFDD, 0xFFBD, 0xFF5B, 0xFF7C, 0xFF7C, 0xFF3A, 0xFEB8, 0xFF5B, 0x632D, 0x3B71,
    0x5455, 0x2A8D, 0x43F3, 0x3B92, 0x330F, 0x226D, 0x222B, 0x0107, 0xA5B7, 0xFFFF, 0xE73D, 0xC65A,
    0xADB9, 0xBE5A, 0xE77E, 0xF7FF, 0x8CF7, 0x7475, 0xF7DF, 0xFFFF, 0xEFDF, 0xE7BF, 0xEFDF, 0xEFDF,
    0xEFDF, 0xEFDF, 0xE7BF, 0xF7DF, 0xF7FF, 0xF7FF, 0xEF9E, 0xD71C, 0xEF9E, 0xFEDA, 0xFD93, 0xE48F,
    0xDC2F, 0xE490, 0xDC0F, 0xF672, 0xFFB3, 0xFF53, 0xFFB3, 0xF652, 0xDBEF, 0xE4F0, 0xFF73, 0xFF73,
    0xFF52, 0xFF75, 0xFFB9, 0xFFBA, 0xFFDB, 0xFFDC, 0xFFFD, 0xFFDC, 0xFFDC, 0xFFFC, 0xD71B, 0x9599,
    0x42EC, 0x7EDD, 0x7E5B, 0x7E7B, 0x7E7B, 0x7E7B, 0x7E7B, 0x7E7B, 0x7E7B, 0x86DD, 0x6D77, 0x4A4C,
    0x7390, 0xB557, 0x9C94, 0x9453, 0xB537, 0xA4D5, 0x52AD, 0x4AAD, 0x52CE, 0x426C, 0x426D, 0x424C,
    0x29A8, 0x3A0B, 0x2969, 0x2969, 0x2189, 0x2168, 0x1947, 0x31A9, 0x31CA, 0x29A9, 0x3A0B, 0x2988,
    0x2988, 0x4ACE, 0x3A0B, 0x424C, 0x3A0B, 0x420A, 0xE678, 0xFEDA, 0xF6B9, 0xF6B9, 0xF6B9, 0xF6B9,
    0xF6B9, 0xF6B9, 0xF6B9, 0xF6DA, 0xF6B9, 0xF6B9, 0xF6B9, 0xF6B9, 0xF6B9, 0xF6B9, 0xF6B9, 0xF699,
    0xF699, 0xFED9, 0xE617, 0xD4D2, 0x5A6B, 0x29A9, 0x4A8C, 0x52AD, 0x29EB, 0x6A8B, 0xFDB5, 0xE534,
    0xFD75, 0x6AED, 0x4A4B, 0xE4F2, 0xDCD3, 0xE534, 0xE534, 0xE513, 0xE534, 0xE534, 0xED75, 0xED34,
    0xAC71, 0x96BB, 0xA73D, 0x9EFD, 0x9F1D, 0x9F1D, 0xA71D, 0xBF5E, 0xC77E, 0xDF9F, 0xE79F, 0xEFBF,
    0xF7BF, 0xF7BF, 0xEFBF, 0xD79E, 0xD79E, 0xD79E, 0xD77E, 0xE79F, 0xDF9F, 0xCF7E, 0xC77E, 0xD79F,
    0xCF7F, 0xCF7E, 0xD77E, 0xCF7E, 0xD79E, 0xCF7E, 0xCF7E, 0xC77E, 0xBF7E, 0xB75E, 0xB75E, 0xCF7E,
    0xD77E, 0xD79E, 0xCF9E, 0xCF7E, 0xBF7E, 0xBF5E, 0xBF7E, 0xB77E, 0xAF5E, 0xB75E, 0xB77E, 0xB77E,
    0xB77E, 0xB77E, 0xB77E, 0xB77E, 0xB77E, 0xB77E, 0xB77E, 0xB77E, 0xB77E, 0xB77E, 0xAF5E, 0xB79F,
    0xAF9F, 0xC6FB, 0xBE5A, 0xBE59, 0xAE59, 0xB7DF, 0xB79E, 0xB79E, 0xB79E, 0xB79E, 0xBF9E, 0xBF9F,
    0xB79F, 0xC7BF, 0xFFFF, 0xFFFF, 0xFFFF, 0xFFFF, 0xFFFF, 0xFFFF, 0xFFDF, 0xCEBB, 0xFFDF, 0x9DDA,
    0x220B, 0x9C70, 0x6ACA, 0xC5D6, 0xFFBC, 0xFF3B, 0xFF5B, 0xFF1A, 0xFF1A, 0xF71A, 0x9470, 0x4C14,
    0x4392, 0x2AAD, 0x4C55, 0x3B50, 0x2ACE, 0x09CA, 0x5BD1, 0x638F, 0x5B6E, 0xADDA, 0x8CF7, 0xD6DC,
    0xEFDF, 0xF7FF, 0xEFDF, 0xF7FF, 0x9D98, 0x63D3, 0xC6DC, 0xF7FF, 0xE7BF, 0xEFBF, 0xEFBF, 0xEFDF,
    0xEFDF, 0xEFDF, 0xEFBF, 0xFFFF, 0xFFFF, 0xE73D, 0xE75E, 0xFF7D, 0xF5D4, 0xDC0E, 0xF532, 0xE450,
    0xE470, 0xDC2F, 0xE4B0, 0xFF73, 0xFF73, 0xFF53, 0xFF93, 0xF6B2, 0xDBCF, 0xEDB1, 0xFFB3, 0xFF53,
    0xFF73, 0xFF72, 0xFF52, 0xFF52, 0xFF74, 0xFF75, 0xFF97, 0xFFFC, 0xFFDC, 0xFFFC, 0xA619, 0xBE7B,
    0x7E9C, 0x7E9C, 0x7E7B, 0x7E7B, 0x7E7B, 0x7E7B, 0x7E7B, 0x7E7B, 0x7E7B, 0x86BD, 0x75D9, 0x4A6C,
    0x7BB1, 0xB558, 0x9473, 0xA4D5, 0xAD37, 0xA4D5, 0x52CD, 0x4A8D, 0x52CE, 0x426C, 0x428D, 0x424C,
    0x2988, 0x3A0B, 0x2989, 0x2168, 0x2168, 0x2168, 0x2168, 0x1927, 0x2188, 0x2128, 0x2989, 0x2988,
    0x31EA, 0x4AAE, 0x31CA, 0x4A8D, 0x31A9, 0x52AC, 0xF6D9, 0xF6B9, 0xF6B9, 0xF6B9, 0xF6B9, 0xF6B9,
    0xF6B9, 0xF6B9, 0xF6B9, 0xEE99, 0xF6DA, 0xF6DA, 0xF6DA, 0xF6DA, 0xF6B9, 0xF6D9, 0xF6B9, 0xF6B9,
    0xF699, 0xFEFA, 0xD5B5, 0xF5B5, 0x834E, 0x2169, 0x4A8D, 0x4A8D, 0x3A6C, 0x39E9, 0xED34, 0xED14,
    0xD491, 0x31EA, 0x8B4D, 0xDC91, 0xDC71, 0xE492, 0xE4F3, 0xED54, 0xE554, 0xED54, 0xE554, 0xED75,
    0xED13, 0x9535, 0x9F5E, 0x9EFD, 0x9F1D, 0x9F1D, 0xBF5E, 0xE7BF, 0xEFBF, 0xF7BF, 0xF7DF, 0xEFBF,
    0xF7BF, 0xF7DF, 0xE79F, 0xDF9E, 0xDFBF, 0xDFBF, 0xD77F, 0xC77E, 0xB75E, 0xB75E, 0xC77E, 0xCF7F,
    0xD79F, 0xCF7E, 0xCF7E, 0xCF7E, 0xCF7E, 0xBF7E, 0xB75E, 0xB75E, 0xBF7E, 0xBF7E, 0xBF7E, 0xD79E,
    0xD79E, 0xD77E, 0xBF7E, 0xB77E, 0xAF5E, 0xAF5E, 0xB77E, 0xB77E, 0xB77E, 0xB77E, 0xB77E, 0xB77E,
    0xB77E, 0xB77E, 0xB77E, 0xB77E, 0xBF9E, 0xC79E, 0xC79E, 0xC79E, 0xBF9F, 0xB77E, 0xC679, 0xAF3D,
    0xB73D, 0xC5D7, 0xB5D7, 0xB679, 0xB639, 0xAE9A, 0xBFDF, 0xBF9E, 0xB79F, 0xBF9F, 0xBF9F, 0xBF9F,
    0xB79F, 0xCFBF, 0xFFFF, 0xFFFF, 0xFFFF, 0xFFFF, 0xFFFF, 0xFFFF, 0xFFFF, 0xEF7E, 0xDEDB, 0xEF5E,
    0x3B30, 0x31E9, 0x5AAB, 0x6BD1, 0xF77B, 0xFF5B, 0xFF5B, 0xFF5B, 0xFF3A, 0xFF9C, 0xB596, 0x3BB3,
    0x228D, 0x43B2, 0x4C14, 0x3310, 0x2A6C, 0x11A9, 0x220A, 0xD6BB, 0xB5F8, 0xB63A, 0xBE7B, 0xF7FF,
    0xE7DF, 0xE7BF, 0xEFDF, 0xADF9, 0xBE7B, 0x7475, 0x8D58, 0xF7FF, 0xE7BF, 0xEFBF, 0xEFDF, 0xEFDF,
    0xEFBF, 0xE7BF, 0xFFFF, 0xF79E, 0xDF1D, 0xEF9E, 0xFEB9, 0xE490, 0xDBCD, 0xECF2, 0xED12, 0xDC2F,
    0xE470, 0xDC0F, 0xED91, 0xFFB3, 0xFF53, 0xFF53, 0xFF93, 0xF6F2, 0xDBEF, 0xF692, 0xFFB3, 0xFF53,
    0xFF73, 0xFF53, 0xFF73, 0xFF73, 0xFF52, 0xFF52, 0xFFB8, 0xFFFD, 0xFFFC, 0xF7BC, 0x95B9, 0xF7BF,
    0x7EBC, 0x7E7B, 0x7E7B, 0x7E7B, 0x7E9B, 0x7E9C, 0x7E9C, 0x7E9C, 0x7E7C, 0x86BC, 0x7E3A, 0x4A6C,
    0x83F2, 0xB557, 0x9C94, 0xACF6, 0xAD16, 0xA4F5, 0x5ACE, 0x4A8D, 0x52CE, 0x426C, 0x4A8D, 0x422C,
    0x2989, 0x3A2B, 0x31CA, 0x2168, 0x2169, 0x2168, 0x2168, 0x2107, 0x4BAF, 0x53B0, 0x2148, 0x1927,
    0x424B, 0x424C, 0x31EA, 0x4A8D, 0x2169, 0x738F, 0xFF7C, 0xF6DA, 0xF6B9, 0xF6D9, 0xF6B9, 0xF6B9,
    0xF6B9, 0xF6B9, 0xF6DA, 0xE658, 0xEE37, 0xF6B9, 0xF6B9, 0xF6B9, 0xF6DA, 0xF6B9, 0xF6B9, 0xF6B9,
    0xF699, 0xFEFA, 0xB4F2, 0xD554, 0xB451, 0x2148, 0x424C, 0x4A6D, 0x52AD, 0x2188, 0xBC10, 0xDD13,
    0x72EC, 0x39EB, 0xE4F2, 0xED34, 0xE513, 0xE513, 0xE513, 0xE534, 0xE534, 0xE554, 0xE554, 0xE554,
    0xF554, 0x9CD3, 0x9F5E, 0xA71D, 0x9F1D, 0xA73E, 0xE7BF, 0xF7DF, 0xF7BF, 0xF7DF, 0xEFBF, 0xE79F,
    0xEFBF, 0xF7DF, 0xEFBF, 0xDF9F, 0xE79F, 0xD79F, 0xBF5E, 0xB75E, 0xAF5E, 0xAF3E, 0xAF3E, 0xBF5E,
    0xC77E, 0xC75E, 0xC77E, 0xCF7E, 0xBF7E, 0xB75E, 0xBF7E, 0xBF7E, 0xB77E, 0xB77E, 0xCF9E, 0xCF7E,
    0xCF7E, 0xC77E, 0xB77E, 0xAF7E, 0xB77E, 0xB77E, 0xAF7E, 0xB77E, 0xB77E, 0xB77E, 0xB77E, 0xB77E,
    0xB77E, 0xB79E, 0xB77E, 0xB79E, 0xC77F, 0xCF9E, 0xCF9E, 0xC79E, 0xBF7E, 0xB7BF, 0xBEBA, 0xBDF7,
    0xDF1B, 0xFFBE, 0xC618, 0xB5F7, 0xBEDB, 0xBFBF, 0xBF9E, 0xB79F, 0xBF9F, 0xBF9F, 0xBF9F, 0xBFBF,
    0xBFBF, 0xBF9E, 0xEFDF, 0xFFFF, 0xFFFF, 0xFFFF, 0xFFFF, 0xFFFF, 0xFFFF, 0xFFFF, 0xF77E, 0xFFDE,
    0xA597, 0x2AAE, 0x4ACC, 0xD638, 0xFFBD, 0xFF5B, 0xFF7C, 0xFF5B, 0xFF5B, 0xFFBC, 0x53D1, 0x3B30,
    0x538F, 0x4C35, 0x43B2, 0x1A8E, 0x8410, 0x836D, 0x530E, 0xC679, 0xFFFF, 0xF7FF, 0xF7FF, 0xEFDF,
    0xEFDF, 0xEFBE, 0xBE5B, 0xC6BC, 0xBE7B, 0x7CB6, 0x6C34, 0xDF7E, 0xEFDF, 0xEFBF, 0xEFDF, 0xEFBF,
    0xEFDF, 0xEFDF, 0xE73D, 0xDF3D, 0xF75C, 0xF553, 0xE40E, 0xDC4F, 0xE44F, 0xF573, 0xE470, 0xE44F,
    0xE470, 0xDC4F, 0xE4B0, 0xFF73, 0xFF73, 0xFF53, 0xFF93, 0xFF12, 0xE44F, 0xFF53, 0xFF73, 0xFF53,
    0xFF73, 0xFF73, 0xFF52, 0xFF53, 0xFF97, 0xFFDC, 0xFFFD, 0xFFFC, 0xFFFC, 0xC6DA, 0x9DD9, 0xFFFF,
    0x7E7B, 0x7E9C, 0x7E9C, 0x7E9C, 0x7E9C, 0x7E9C, 0x7E9C, 0x7E7C, 0x7E7C, 0x86BC, 0x7E3A, 0x4A6C,
    0x9453, 0xAD16, 0xA4B5, 0xAD16, 0xAD16, 0xA4D5, 0x5AED, 0x4AAD, 0x52CE, 0x426C, 0x4AAD, 0x3A2B,
    0x29A9, 0x3A2B, 0x3A0B, 0x2989, 0x2169, 0x2168, 0x2169, 0x18E6, 0x4BB0, 0x9F5D, 0x5411, 0x2147,
    0x4A8D, 0x31C9, 0x426C, 0x3A2B, 0x2168, 0x8BCF, 0xFFFF, 0xFF9E, 0xF6B9, 0xF6D9, 0xF6B9, 0xF6B9,
    0xF6B9, 0xF6B9, 0xF6B9, 0xF6DA, 0xF6B9, 0xF699, 0xE617, 0xEE78, 0xF6DA, 0xF6B9, 0xF6BA, 0xF6B9,
    0xFEFA, 0xEE37, 0x8DF8, 0xAEDC, 0xBDB6, 0x39EA, 0x31CA, 0x4A6C, 0x52AE, 0x29CA, 0x422A, 0xCD95,
    0x31EB, 0x72CC, 0xF534, 0xDCD3, 0xE4F3, 0xE513, 0xE514, 0xE514, 0xE534, 0xE554, 0xE534, 0xED95,
    0xDCD2, 0x8D76, 0xA77F, 0xAF3D, 0xC77E, 0xAF3E, 0xE79F, 0xEFBF, 0xE7BF, 0xCF7F, 0xB75E, 0xCF7F,
    0xEFBF, 0xEFBF, 0xD79F, 0xCF7E, 0xC77E, 0xB75E, 0xAF5E, 0xAF5E, 0xAF5E, 0xA73E, 0xA73E, 0xC77E,
    0xC77E, 0xC77E, 0xC77E, 0xBF7E, 0xB75E, 0xB75E, 0xB77E, 0xAF5E, 0xAF5E, 0xB75E, 0xCF7E, 0xBF7E,
    0xC77E, 0xBF7E, 0xC77E, 0xC77F, 0xBF7E, 0xB75E, 0xB77E, 0xB77E, 0xB77E, 0xB77E, 0xB77E, 0xB77E,
    0xBF7E, 0xBF7E, 0xBF7E, 0xBF7E, 0xC79F, 0xCFBF, 0xC77E, 0xBF9E, 0xBFBF, 0xB71B, 0xC573, 0xFFBD,
    0xFF1B, 0xF679, 0xFFBD, 0xBDF7, 0xB67A, 0xAEBB, 0xBFBF, 0xBF9F, 0xBFBF, 0xBFBF, 0xBFBF, 0xBFBF,
    0xBF9F, 0xBFBF, 0xBF9E, 0xE7DF, 0xFFFF, 0xFFFF, 0xFFFF, 0xFFFF, 0xFFFF, 0xFFFF, 0xFFFF, 0xFFFF,
    0xFFFF, 0xB67B, 0x3B30, 0x7BF0, 0xF75B, 0xFF7C, 0xF6FA, 0xEE98, 0xFFDD, 0xB575, 0x63F1, 0xE678,
    0x8452, 0x3BB3, 0x4391, 0x126D, 0xBCF3, 0xFE57, 0x6B0C, 0xADB8, 0xE79E, 0xEFDF, 0xF7FF, 0xEFFF,
    0xDF7E, 0xA5DA, 0xA5B9, 0x9D78, 0xBE5B, 0xBEBC, 0x5BB3, 0xAE3A, 0xF7FF, 0xE7BF, 0xEFBF, 0xEFDF,
    0xE7BF, 0xD6FC, 0xE75E, 0xFFDE, 0xECB0, 0xDC0E, 0xE470, 0xDC4F, 0xE4B0, 0xF532, 0xDC2F, 0xE46F,
    0xE44F, 0xE470, 0xDC0F, 0xF692, 0xFFB3, 0xFF53, 0xFF73, 0xFF53, 0xF692, 0xFF73, 0xFF73, 0xFF73,
    0xFF52, 0xFF53, 0xFF96, 0xFFBB, 0xFFDD, 0xFFDC, 0xFFDC, 0xFFDC, 0xFFFC, 0x95D9, 0xA5D9, 0xFFFF,
    0x7E9C, 0x7E9C, 0x7E7C, 0x7E7C, 0x7E7C, 0x7E9C, 0x869C, 0x869C, 0x869C, 0x86BC, 0x7E5A, 0x4A6C,
    0x9CB4, 0xACF5, 0xA4D5, 0xA4F6, 0xB537, 0x9454, 0x52AD, 0x52CE, 0x52CE, 0x426C, 0x4AAD, 0x3A0A,
    0x31A9, 0x3A2B, 0x3A0B, 0x31AA, 0x2169, 0x2168, 0x2168, 0x2148, 0x21C8, 0x5411, 0x320A, 0x2988,
    0x426C, 0x31A9, 0x4AAE, 0x420A, 0x31EA, 0xABAF, 0xD5B6, 0xFFFF, 0xFF5C, 0xF699, 0xF6D9, 0xF6B9,
    0xF6B9, 0xF6B9, 0xF6B9, 0xF6B9, 0xF6BA, 0xF6B9, 0xF6D9, 0xF6DA, 0xF6B9, 0xF6B9, 0xF6B9, 0xF6FA,
    0xFE99, 0xA575, 0xA71E, 0xC77F, 0xFFFF, 0x8452, 0x2969, 0x3A0A, 0x52EF, 0x5B2F, 0x39C9, 0x1107,
    0x1927, 0xCC50, 0xED13, 0xE4F3, 0xE4F3, 0xE4F3, 0xE513, 0xE514, 0xE534, 0xE534, 0xE574, 0xF513,
    0x94B3, 0xA77E, 0xAF3E, 0xB73E, 0xBF5E, 0xA71D, 0xA73E, 0xBF5E, 0xCF7E, 0xB75E, 0xAF3E, 0xBF5E,
    0xC77F, 0xBF5E, 0xB75E, 0xB75E, 0xAF5E, 0xB75E, 0xAF5E, 0xA75E, 0xA75E, 0xA75E, 0xAF3E, 0xBF7E,
    0xCF9F, 0xCF9F, 0xC77F, 0xAF5E, 0xAF5E, 0xAF5E, 0xAF5E, 0xAF7E, 0xAF5E, 0xB77E, 0xBF7E, 0xBF7F,
    0xC77E, 0xCF7E, 0xC79E, 0xC77E, 0xBF7E, 0xB77E, 0xB77E, 0xBF7E, 0xBF7E, 0xBF7E, 0xC77E, 0xC77E,
    0xC77E, 0xC79F, 0xCFBF, 0xC77E, 0xB639, 0xB69B, 0xBFDF, 0xBF9E, 0xBFBF, 0xC71B, 0xE613, 0xEF5C,
    0xF77C, 0xFF9D, 0xE71B, 0xB69A, 0xB69A, 0xB71C, 0xBFBF, 0xBF9F, 0xBFBF, 0xBFBF, 0xBFBF, 0xBFBF,
    0xBFBF, 0xBFBF, 0xBFBF, 0xBFBE, 0xCFBF, 0xD7DF, 0xC7BF, 0xDFDF, 0xF7FF, 0xEFDF, 0xFFFF, 0xFFFF,
    0xFFFF, 0xF79E, 0xDF9E, 0x5B91, 0xBDD7, 0xF75C, 0xF6FA, 0xFF5B, 0xFF7C, 0xE6FA, 0xFF9C, 0xBD12,
    0x73D0, 0x3371, 0x3350, 0x3AAD, 0xB491, 0x7B8E, 0xA450, 0xA430, 0xCD75, 0xCDD6, 0xCDD6, 0xCDF6,
    0x8431, 0x9515, 0xE77E, 0xF7FF, 0xFFFF, 0xE7BF, 0x7475, 0x84D6, 0xEFFF, 0xE7BF, 0xEFDF, 0xDF7E,
    0xD6FC, 0xF79E, 0xFFFE, 0xF6B7, 0xDC0E, 0xE470, 0xE46F, 0xDC2F, 0xF553, 0xE490, 0xDC4F, 0xE44F,
    0xE44F, 0xE46F, 0xDC2F, 0xED71, 0xFFB3, 0xFF53, 0xFF73, 0xFF73, 0xFF93, 0xFF73, 0xFF73, 0xFF53,
    0xFF75, 0xFFBA, 0xFFDD, 0xFFDC, 0xFFDB, 0xFFDB, 0xFFDC, 0xFFFC, 0xE77B, 0x9599, 0xC69C, 0xD73D,
    0x7E9B, 0x869C, 0x869C, 0x869C, 0x869C, 0x869C, 0x869C, 0x869C, 0x869C, 0x86DC, 0x7E3A, 0x4A8C,
    0xACF6, 0xA4D5, 0xACF6, 0xA4F6, 0xB557, 0x7390, 0x52CD, 0x52CE, 0x52CE, 0x426C, 0x4AAD, 0x39EA,
    0x31C9, 0x3A2B, 0x3A0B, 0x31EA, 0x2169, 0x2168, 0x2168, 0x2127, 0x326B, 0x7556, 0x2947, 0x424C,
    0x31C9, 0x3A0B, 0x4ACE, 0x5A6B, 0x3A0A, 0xE514, 0xE4D3, 0xDDB6, 0xFFFF, 0xFF5C, 0xF699, 0xF6D9,
    0xF6B9, 0xF6B9, 0xF6B9, 0xF6B9, 0xF6B9, 0xF6B9, 0xF6B9, 0xF6B9, 0xF6B9, 0xF6B9, 0xFF1A, 0xEE78,
    0xA555, 0xA71D, 0xD79F, 0xE79F, 0xEFBF, 0xC6BB, 0x3A2B, 0x31A9, 0x4A8D, 0x5B92, 0xB430, 0xABAF,
    0xC450, 0xED13, 0xE4F3, 0xE4F3, 0xE4F3, 0xE513, 0xE514, 0xED14, 0xE534, 0xE554, 0xF533, 0xA471,
    0x9F1D, 0xB75E, 0xAF3E, 0xA73D, 0xA73D, 0xA73D, 0xA73D, 0xAF3E, 0xAF5E, 0xAF3E, 0xAF3E, 0xB75E,
    0xAF5E, 0xB75E, 0xAF5E, 0xB75E, 0xAF5E, 0xAF5E, 0xAF5E, 0xAF5E, 0xAF5E, 0xAF5E, 0xAF5E, 0xAF5E,
    0xB75E, 0xC77F, 0xC77F, 0xAF5E, 0xAF5E, 0xAF7E, 0xAF7E, 0xAF7E, 0xB77E, 0xAF7E, 0xB77F, 0xBF7E,
    0xC77E, 0xC79E, 0xBF7E, 0xB79E, 0xB79E, 0xB79E, 0xBF7F, 0xBF7E, 0xC79E, 0xC79E, 0xCF9E, 0xD77E,
    0xC79E, 0xCF7E, 0xCF3D, 0xCF7E, 0xC7DF, 0xB5F9, 0xB5F9, 0xBFDF, 0xB79E, 0xD77D, 0xE676, 0xD5D5,
    0xEF1B, 0xD636, 0xAD94, 0xB7FF, 0xBFDF, 0xBFDF, 0xBFBF, 0xBFBF, 0xBF9F, 0xBFBF, 0xBFBF, 0xBFBF,
    0xBFBF, 0xBFBF, 0xBFBF, 0xBFBF, 0xB7BF, 0xC7BF, 0xDFDF, 0xF7FF, 0xF7FF, 0xEFFF, 0xFFFF, 0xFFFF,
    0xFFFF, 0xFFDF, 0xE77E, 0xBE9B, 0x7411, 0xF79E, 0xE71B, 0xEEFA, 0xFF3B, 0xFF7B, 0xBDB5, 0xEF5C,
    0x7494, 0x2AEF, 0x1ACF, 0x426B, 0xA491, 0xE5F6, 0xFE98, 0xFEB8, 0xF657, 0xF657, 0xF657, 0xF636,
    0xF677, 0xDDB4, 0xD637, 0xA5FA, 0xADFA, 0xFFFF, 0xA5D9, 0x63D3, 0xD73D, 0xF7FF, 0xD73D, 0xDF1C,
    0xFFFF, 0xFFDC, 0xFFFC, 0xED94, 0xDC0F, 0xE46F, 0xE44F, 0xE470, 0xF573, 0xDC2F, 0xE46F, 0xE44F,
    0xE44F, 0xE42F, 0xDC0F, 0xDC0F, 0xFF12, 0xFF93, 0xFF73, 0xFF73, 0xFF53, 0xFF73, 0xFF52, 0xFF98,
    0xFFFD, 0xFFDC, 0xFFDB, 0xFFDB, 0xFFFC, 0xFFFD, 0xFFDC, 0xFFFC, 0xB65A, 0xAE3A, 0xDF7E, 0xB63B,
    0x7E9C, 0x869C, 0x869C, 0x869C, 0x869C, 0x869C, 0x869C, 0x869C, 0x869C, 0x8EDC, 0x7E19, 0x5AAD,
    0xAD16, 0xA4D5, 0xA516, 0xA4F6, 0xAD16, 0x52CD, 0x52EE, 0x52CE, 0x52CE, 0x426C, 0x4AAD, 0x31EA,
    0x31C9, 0x3A2B, 0x3A0B, 0x31EB, 0x2989, 0x2168, 0x2148, 0x2168, 0x29C9, 0x3A4B, 0x5C11, 0x320A,
    0x31A9, 0x4ACE, 0x6B4F, 0x528C, 0x5AAC, 0xF555, 0xED35, 0xECD3, 0xEDD7, 0xF7BE, 0xFF5C, 0xF699,
    0xF6B9, 0xF6D9, 0xF6B9, 0xF6B9, 0xF6B9, 0xF6B9, 0xF6B9, 0xF6B9, 0xF6DA, 0xFEFA, 0xD5D6, 0x95B6,
    0xA73E, 0xCF7F, 0xE79F, 0xE79F, 0xDFBF, 0xD77E, 0x632E, 0x31EA, 0x31C9, 0x5310, 0x7B6F, 0xFD33,
    0xED13, 0xE4F3, 0xE4F3, 0xE4F3, 0xE513, 0xE514, 0xE514, 0xE513, 0xE534, 0xF534, 0xA471, 0x96FC,
    0xA75E, 0xA71D, 0xA73D, 0xA73E, 0xA75E, 0xA73E, 0xA73E, 0xA73E, 0xA73E, 0xA73E, 0xAF3E, 0xA75E,
    0xAF5E, 0xAF5E, 0xAF5E, 0xAF5E, 0xAF5E, 0xAF5E, 0xAF5E, 0xAF5E, 0xAF5E, 0xAF5E, 0xAF5E, 0xAF5E,
    0xAF5E, 0xAF5E, 0xB75E, 0xAF5E, 0xAF5E, 0xB77E, 0xB77E, 0xB77E, 0xB77E, 0xAF7E, 0xB77E, 0xC77E,
    0xBF9E, 0xB77E, 0xB77E, 0xB79F, 0xBF7E, 0xBF7E, 0xBF7E, 0xCF9E, 0xCF9E, 0xCFBE, 0xD7BF, 0xC7BF,
    0xCF7E, 0xF6FC, 0xF69A, 0xE557, 0xBDD8, 0xB7FF, 0xBE19, 0xBEDC, 0xB7BF, 0xEF5B, 0xFFFC, 0xF79A,
    0xEE75, 0xCD70, 0xB71B, 0xBFDF, 0xBF9F, 0xBFBF, 0xBFBF, 0xBFBF, 0xBFBF, 0xBFBF, 0xBFBF, 0xBFBF,
    0xBFBF, 0xBFBF, 0xBFBF, 0xBFBF, 0xCFDF, 0xF7FF, 0xFFFF, 0xFFFF, 0xFFFF, 0xFFFF, 0xFFFF, 0xFFFF,
    0xFFFF, 0xFFFF, 0xFFBF, 0xDF5E, 0xBE7A, 0xDEDB, 0xFFFF, 0xEF7D, 0xD699, 0xC5F7, 0xE79E, 0xFFFF,
    0x5BD1, 0x120C, 0x7C72, 0xE6DA, 0xFFBD, 0xFED9, 0xF657, 0xF657, 0xF657, 0xF677, 0xF677, 0xF677,
    0xF657, 0xFEB8, 0xE5B4, 0x8432, 0xC67B, 0xE75D, 0xC6BB, 0x5B92, 0xA5F9, 0xE75D, 0xE73D, 0xFFFE,
    0xFF7A, 0xFFFC, 0xFFBB, 0xE490, 0xE44F, 0xE470, 0xDC2F, 0xED12, 0xECD1, 0xDC2F, 0xE46F, 0xE44F,
    0xE48F, 0xF671, 0xEE11, 0xED50, 0xFED2, 0xFF93, 0xFF53, 0xFF73, 0xFF73, 0xFF73, 0xFF73, 0xFF53,
    0xFFBA, 0xFFFC, 0xFFFC, 0xFFFD, 0xFF1A, 0xF677, 0xFFDC, 0xFFDC, 0x8D79, 0xC6DC, 0xE7BF, 0xB63B,
    0x869C, 0x869C, 0x869C, 0x869C, 0x869C, 0x869C, 0x86BC, 0x869C, 0x869C, 0x8EFD, 0x75B8, 0x6B0E,
    0xAD16, 0xA4D5, 0xA4F6, 0xAD16, 0x9474, 0x3A2A, 0x52EE, 0x52EF, 0x52CE, 0x426C, 0x4AAD, 0x31CA,
    0x31CA, 0x3A2B, 0x39EB, 0x39EB, 0x2989, 0x2168, 0x1947, 0x2189, 0x10C5, 0x5C31, 0x5C32, 0x2127,
    0x52EE, 0x5350, 0x628A, 0x3A0B, 0x938F, 0xFD75, 0xE514, 0xED34, 0xECF3, 0xDCF3, 0xDE79, 0xF73C,
    0xFEDA, 0xF6B9, 0xF6B9, 0xF6B9, 0xF6DA, 0xF6B9, 0xF6B9, 0xFF1A, 0xF678, 0xB575, 0x8E39, 0xA75F,
    0xB73E, 0xB73D, 0xC75E, 0xEFFF, 0xBE9A, 0xBD95, 0xD5D6, 0x424C, 0x31CA, 0x39EB, 0x4AEF, 0xBC30,
    0xED13, 0xE4F3, 0xE4F3, 0xE513, 0xE513, 0xE514, 0xE514, 0xE534, 0xF554, 0xA471, 0x96FC, 0xAF7E,
    0xA73D, 0xA73E, 0xA73E, 0xA73D, 0xA73E, 0xA73E, 0xA73E, 0xA73E, 0xAF3E, 0xA73E, 0xAF3E, 0xA75E,
    0xA75E, 0xA75E, 0xAF5E, 0xAF5E, 0xAF5E, 0xAF5E, 0xAF5E, 0xAF5E, 0xAF5E, 0xAF5E, 0xAF7E, 0xAF7E,
    0xAF5E, 0xAF5E, 0xAF7E, 0xB77E, 0xB77E, 0xB77E, 0xB77E, 0xB77E, 0xB77E, 0xB77E, 0xBF7F, 0xBF7E,
    0xBF9E, 0xBF7E, 0xBF7E, 0xBF7E, 0xB79E, 0xBF7E, 0xCF9E, 0xCF9F, 0xCFBF, 0xC79E, 0xC6FB, 0xC6B9,
    0xD638, 0xFE5A, 0xEDD9, 0xF63A, 0xFDFA, 0xCDB8, 0xB71C, 0xBE3A, 0xCFBE, 0xFFBC, 0xFFBB, 0xFFBB,
    0xF693, 0xBE98, 0xBFFF, 0xBF9F, 0xBFBF, 0xBFBF, 0xBFBF, 0xBFBF, 0xBFBF, 0xBFBF, 0xBFBF, 0xBFBF,
    0xBFBF, 0xBFBF, 0xC7BF, 0xE7DF, 0xFFFF, 0xFFFF, 0xFFFF, 0xFFFF, 0xFFFF, 0xFFFF, 0xFFFF, 0xFFFF,
    0xFFFF, 0xFFFF, 0xFFFF, 0xF7BF, 0xCEDC, 0xEF7E, 0xF7FF, 0xEFDF, 0xEFDF, 0xEFDF, 0xEFFF, 0xE77D,
    0x8CD4, 0xA535, 0xFFFF, 0xFFBD, 0xFF7C, 0xFF7B, 0xF678, 0xF657, 0xF657, 0xF677, 0xEE36, 0xEE37,
    0xF677, 0xF657, 0xFE57, 0xDD73, 0xBDF7, 0xF79E, 0xC69B, 0x9537, 0x6C54, 0xDF3D, 0xFFFF, 0xFEB7,
    0xDBEE, 0xF697, 0xF6F9, 0xE40E, 0xE46F, 0xE44F, 0xE44F, 0xF594, 0xE44F, 0xE44F, 0xE46F, 0xDC2F,
    0xE510, 0xFFD4, 0xFF93, 0xFFB3, 0xFF73, 0xFF53, 0xFF73, 0xFF73, 0xFF53, 0xFF53, 0xFF73, 0xFF93,
    0xFFB3, 0xFF79, 0xF678, 0xED12, 0xDC2F, 0xF6D9, 0xFFFC, 0xCEFB, 0x8559, 0xDF9E, 0xDF9E, 0xC6BC,
    0x869C, 0x869C, 0x86BC, 0x86BC, 0x86BC, 0x86BC, 0x86BC, 0x86BC, 0x86BC, 0x8F1E, 0x6D56, 0x7B8F,
    0xAD16, 0xA4F6, 0xA4D6, 0xAD16, 0x73B1, 0x29A8, 0x5AEE, 0x5AEF, 0x52CE, 0x426C, 0x4A8D, 0x31A9,
    0x31EA, 0x3A2B, 0x39EB, 0x31EB, 0x31AA, 0x2168, 0x1927, 0x2189, 0x1106, 0x6493, 0x29A9, 0x3A0B,
    0x5B30, 0x5B70, 0x5BD0, 0x31CA, 0xD534, 0xED55, 0xED14, 0xED14, 0xED34, 0xED14, 0xDCB2, 0xD554,
    0xDE78, 0xFEFA, 0xFEFA, 0xF6DA, 0xF6DA, 0xFEFA, 0xFED9, 0xCDD5, 0x95B6, 0x96FD, 0xAF5F, 0xAF1D,
    0xAF1D, 0x9F3E, 0xB75E, 0xB5D7, 0xC595, 0xF6FA, 0xFF9C, 0x83F0, 0x31EB, 0x31A8, 0x3A4D, 0x736F,
    0xED13, 0xE4F3, 0xE513, 0xE513, 0xE513, 0xE513, 0xE534, 0xF595, 0x72AB, 0x53F1, 0xB7DF, 0xA71D,
    0xA73E, 0xA73E, 0xA73E, 0xA73E, 0xA73E, 0xA73E, 0xAF5E, 0xAF5E, 0xAF5E, 0xAF5E, 0xAF5E, 0xAF5E,
    0xAF5E, 0xAF5E, 0xAF5E, 0xAF5E, 0xAF5E, 0xAF5E, 0xAF5E, 0xAF7E, 0xAF5E, 0xAF5E, 0xAF7E, 0xAF7E,
    0xB77E, 0xB77E, 0xB77E, 0xB77E, 0xB77E, 0xB77E, 0xB77F, 0xB77E, 0xB77E, 0xB77E, 0xB77E, 0xBF7F,
    0xBF7F, 0xB77E, 0xBF7E, 0xB77F, 0xB79E, 0xB79E, 0xC79E, 0xCF9E, 0xBF1C, 0xD71B, 0xCD30, 0xCCEE,
    0xD4F1, 0xE5B9, 0xF5FA, 0xEDD9, 0xEE19, 0xF598, 0xBE1A, 0xC67A, 0xF79D, 0xFFDC, 0xFF99, 0xF6D6,
    0xEE12, 0xBE98, 0xBFFF, 0xBFBE, 0xBFBF, 0xBFBF, 0xBFBF, 0xBFBF, 0xBFBF, 0xBFBF, 0xC7DF, 0xC7BF,
    0xC7BF, 0xDFDF, 0xF7FF, 0xFFFF, 0xFFFF, 0xFFFF, 0xFFFF, 0xFFFF, 0xFFFF, 0xFFFF, 0xFFFF, 0xFFFF,
    0xFFFF, 0xFFFF, 0xFFFF, 0xFFFF, 0xFFBF, 0xEF7E, 0xEFDF, 0xEFBF, 0xEFDF, 0xE7BF, 0xE7BF, 0xEFDF,
    0xDF1C, 0xFFDF, 0xFFFF, 0xFF5C, 0xFF7C, 0xFF9C, 0xF6D9, 0xF657, 0xF677, 0xF657, 0xF677, 0xE5D5,
    0xF657, 0xF678, 0xEE16, 0xF616, 0xBCD2, 0xDEFB, 0xD71D, 0x8558, 0x9DFB, 0x9E7D, 0xAD56, 0xC3CE,
    0xE44F, 0xEC6F, 0xECF1, 0xDC2F, 0xE470, 0xDC2F, 0xECF1, 0xED33, 0xDC2F, 0xE46F, 0xE46F, 0xDC0F,
    0xEDB1, 0xFFB3, 0xFF53, 0xFF53, 0xFF53, 0xFF73, 0xFF53, 0xFF53, 0xFF93, 0xFFB3, 0xFF73, 0xF692,
    0xED50, 0xE46F, 0xDC0E, 0xDBEE, 0xF719, 0xFFFD, 0xFFFC, 0x9DFA, 0xA63B, 0xE7DF, 0xD77E, 0xD77E,
    0x86BC, 0x86BC, 0x86BC, 0x86BC, 0x86BC, 0x86BC, 0x86BC, 0x8EBC, 0x86BC, 0x8F1E, 0x6D56, 0x8C12,
    0xACF6, 0xA4F6, 0xA4D6, 0xA4B5, 0x52CE, 0x2988, 0x5B0F, 0x5B0F, 0x52CE, 0x4A6C, 0x4A8D, 0x29A9,
    0x31EA, 0x3A2B, 0x31EB, 0x31EB, 0x31CA, 0x2989, 0x1926, 0x2168, 0x2168, 0x2187, 0x31C9, 0x4AAD,
    0x422B, 0x6CF4, 0x53B0, 0x628C, 0xFE38, 0xED75, 0xED14, 0xED34, 0xED14, 0xED14, 0xED35, 0xECF4,
    0xE4D3, 0xB4F3, 0xCE17, 0xEE78, 0xFEDA, 0xE637, 0xA595, 0x8E7A, 0x9F5F, 0xAF3D, 0xBF1D, 0xA73E,
    0x9F5E, 0x8E7A, 0xA555, 0xE658, 0xFF3B, 0xF699, 0xED95, 0xE4D3, 0x4A4B, 0x3A2C, 0x2988, 0x42AE,
    0xBC71, 0xED34, 0xE513, 0xE513, 0xE513, 0xED55, 0xE534, 0x62AC, 0x320C, 0x426C, 0xA71C, 0xAF5E,
    0xA73E, 0xA73E, 0xA73E, 0xA75E, 0xAF5E, 0xAF5E, 0xAF5E, 0xAF5E, 0xAF5E, 0xAF5E, 0xAF5E, 0xAF5E,
    0xAF5E, 0xAF5E, 0xAF5E, 0xAF5E, 0xAF5E, 0xAF5E, 0xAF7E, 0xAF5E, 0xAF5E, 0xAF7E, 0xB77E, 0xB77E,
    0xB77E, 0xB77E, 0xB77E, 0xB77E, 0xB77E, 0xB77E, 0xB77F, 0xB77E, 0xB77E, 0xB77E, 0xB77E, 0xB79F,
    0xB79E, 0xB79E, 0xB79E, 0xB79E, 0xAF9F, 0xBF5E, 0xE77E, 0xF6BA, 0xF5D8, 0xE596, 0xC4EE, 0xD4EE,
    0xCD0E, 0xD616, 0xCC73, 0xDC74, 0xDC75, 0xDC74, 0xC598, 0xC659, 0xFFBD, 0xFFDB, 0xFFDB, 0xFF16,
    0xE632, 0xBF3C, 0xBFDF, 0xBFBF, 0xBFBF, 0xBFBF, 0xC7BF, 0xBFBF, 0xBFBF, 0xC7BF, 0xC7BF, 0xCFDF,
    0xD7DF, 0xE7DF, 0xE7FF, 0xEFFF, 0xFFFF, 0xFFFF, 0xFFFF, 0xFFFF, 0xFFFF, 0xFFFF, 0xFFFF, 0xFFFF,
    0xFFFF, 0xFFFF, 0xFFFF, 0xFFFF, 0xFFFF, 0xFFFF, 0xEFDF, 0xEFDF, 0xEFDF, 0xEFBF, 0xE7DF, 0xEF9E,
    0xD679, 0xFFFF, 0xFFBD, 0xFF7C, 0xFF7C, 0xFF7C, 0xFF1A, 0xF657, 0xF677, 0xF677, 0xF677, 0xEE37,
    0xDDB5, 0xFE98, 0xE5F5, 0xD553, 0xF5F5, 0x9CD3, 0xB619, 0x8579, 0xA63C, 0x9453, 0x82CD, 0x834F,
    0x9B8F, 0xC3EF, 0xDC2F, 0xEC6F, 0xE46F, 0xDC2F, 0xF573, 0xE490, 0xDC4F, 0xE44F, 0xE46F, 0xDC0F,
    0xF672, 0xFFB3, 0xFF73, 0xFF73, 0xFF53, 0xFF73, 0xFFB3, 0xFF93, 0xFED2, 0xEDB1, 0xE4AF, 0xE40F,
    0xDC2F, 0xDC4F, 0xDC2F, 0xF6D5, 0xFFFD, 0xFFDB, 0xE77B, 0x7D38, 0xD73D, 0xDF9E, 0xDF7E, 0xDF9E,
    0x86BC, 0x86BC, 0x86BC, 0x8EBC, 0x8EBC, 0x8EBC, 0x8EBC, 0x8EBC, 0x8EBC, 0x8F1D, 0x7D36, 0x9C54,
    0xA4F6, 0xA4F6, 0xACF6, 0x8413, 0x422B, 0x2168, 0x632F, 0x5B0F, 0x52AE, 0x4A8D, 0x4A8D, 0x2988,
    0x39EB, 0x3A2B, 0x31EA, 0x31EA, 0x31EA, 0x29A9, 0x1926, 0x2188, 0x1947, 0x2968, 0x4A8D, 0x4A6D,
    0x4A8D, 0x8E59, 0x31EA, 0xB472, 0xFE38, 0xEDD7, 0xE555, 0xE514, 0xE534, 0xED14, 0xED14, 0xED55,
    0xF4D3, 0x94F4, 0x7EFD, 0x8DD7, 0x9D96, 0x965A, 0x971D, 0xA75E, 0xB71D, 0xBF5E, 0xB77F, 0x96DC,
    0x8DB7, 0xC5D6, 0xFEFA, 0xF6B9, 0xED95, 0xE4D2, 0xDC92, 0xF514, 0xBC10, 0x3A2B, 0x3A0B, 0x29AA,
    0x6B4E, 0xED34, 0xE513, 0xE514, 0xF555, 0xD492, 0x4A2A, 0x2189, 0x52AE, 0x39CA, 0x8576, 0xB7BF,
    0xA73D, 0xA73E, 0xAF5E, 0xAF5E, 0xAF5E, 0xAF5E, 0xAF5E, 0xAF5E, 0xAF5E, 0xAF5E, 0xAF5E, 0xAF5E,
    0xAF5E, 0xAF5E, 0xAF5E, 0xAF5E, 0xAF5E, 0xAF7E, 0xAF7E, 0xB77E, 0xB77E, 0xB77E, 0xB77E, 0xB77E,
    0xB77E, 0xB77E, 0xB77F, 0xB77F, 0xB77F, 0xB77F, 0xB77F, 0xB77E, 0xB77E, 0xB79E, 0xB79E, 0xB79E,
    0xB79F, 0xB79E, 0xB7BF, 0xB79E, 0xD75D, 0xFFBE, 0xFF7D, 0xFE9B, 0xFEDC, 0xEDF9, 0xD573, 0xBC6C,
    0xBCF0, 0xD5F3, 0xC4CC, 0xC430, 0xDC55, 0xED17, 0xCD77, 0xCDD7, 0xFFFC, 0xFFBA, 0xFF16, 0xFEF5,
    0xC6B7, 0xBFDF, 0xBFBF, 0xBFBF, 0xBFBF, 0xBFBF, 0xC7BF, 0xD7DF, 0xCFBF, 0xCFDF, 0xCFDF, 0xCFDF,
    0xCFDF, 0xCFDF, 0xC7DF, 0xF7FF, 0xFFFF, 0xFFFF, 0xFFFF, 0xFFFF, 0xFFFF, 0xFFFF, 0xFFFF, 0xFFFF,
    0xFFFF, 0xFFFF, 0xFFFF, 0xFFFF, 0xFFFF, 0xFFFF, 0xEFDF, 0xEFDF, 0xEFDF, 0xE7BF, 0xE7BF, 0xEFBE,
    0xE6DA, 0xFFFF, 0xFF7C, 0xFF7C, 0xFF7C, 0xFF7C, 0xFEFA, 0xF657, 0xF677, 0xEE36, 0xF657, 0xFE98,
    0xDD94, 0xF637, 0xEE16, 0xCCF1, 0xAD35, 0x74D7, 0xBDF8, 0x9578, 0x9598, 0x8BB1, 0x93D1, 0x93B0,
    0x8B6F, 0x8B6F, 0x9BAF, 0xBBEF, 0xDC2F, 0xE4B0, 0xF573, 0xDC2F, 0xE450, 0xE44F, 0xE44F, 0xE470,
    0xFF33, 0xFF73, 0xFF53, 0xFF73, 0xFF73, 0xFF13, 0xEDB1, 0xE4AF, 0xDC0F, 0xDBEF, 0xDC2F, 0xE470,
    0xE46F, 0xDC0F, 0xF671, 0xFFB3, 0xFFBB, 0xFFFC, 0xAE5B, 0x95B9, 0xEFBE, 0xDF7E, 0xDF9F, 0xE79F,
    0x8EBC, 0x8EBC, 0x86BC, 0x8EBC, 0x8EBC, 0x8EBC, 0x8EBC, 0x8EDC, 0x8EBC, 0x8EFD, 0x8CF5, 0xA4B4,
    0xA4F6, 0xA4D5, 0xA4F6, 0x6350, 0x31EA, 0x2168, 0x632F, 0x5B0F, 0x4AAD, 0x4A8D, 0x426C, 0x2988,
    0x320B, 0x3A2B, 0x31EA, 0x31EA, 0x31EA, 0x29A9, 0x1927, 0x1906, 0x2167, 0x4A8D, 0x4AAD, 0x39CA,
    0x7515, 0x6D35, 0x49EA, 0xF618, 0xF5D7, 0xF5D7, 0xF5D7, 0xED55, 0xED14, 0xF535, 0xED14, 0xDCD3,
    0xD554, 0xD69A, 0xE77D, 0xCE38, 0x9DD7, 0x96BC, 0x9F5E, 0xA71D, 0xD7BF, 0xA73E, 0x8E19, 0xADB5,
    0xEE58, 0xFE58, 0xE554, 0xE4B2, 0xE4B2, 0xE4D3, 0xE4F3, 0xDCD3, 0xF554, 0x8B4D, 0x322C, 0x39E9,
    0x21AA, 0xAC10, 0xF575, 0xED14, 0xBC50, 0x95F7, 0x5390, 0x3168, 0x426C, 0x422C, 0x5B90, 0xB7BF,
    0xA73E, 0xAF5E, 0xAF5E, 0xAF5E, 0xAF5E, 0xAF5E, 0xAF5E, 0xAF5E, 0xAF5E, 0xAF5E, 0xAF5E, 0xAF7E,
    0xAF5E, 0xAF5E, 0xAF7E, 0xAF7E, 0xB77E, 0xB77E, 0xB77E, 0xB77E, 0xB77E, 0xB77E, 0xB77E, 0xB77F,
    0xB77E, 0xB77E, 0xB77E, 0xB77E, 0xB77E, 0xB77E, 0xB79E, 0xB79E, 0xB79E, 0xB79E, 0xB79E, 0xB79E,
    0xB79E, 0xBFBF, 0xB77E, 0xE75D, 0xFFFF, 0xFF7E, 0xFEDB, 0xFEDC, 0xF619, 0xFEFC, 0xF63B, 0x8470,
    0xD6B7, 0xC4CE, 0xC4EF, 0xBC6C, 0xD4F0, 0xD474, 0xCC74, 0xCEDB, 0xFFFC, 0xFF16, 0xFF37, 0xD613,
    0xB6DA, 0xC7FF, 0xBFBF, 0xBFBF, 0xC7BF, 0xBFDF, 0xC7BF, 0xCFDF, 0xCFBF, 0xC7BF, 0xC7BF, 0xC7BF,
    0xBFBF, 0xC7DF, 0xC7DF, 0xDFDF, 0xFFFF, 0xF7FF, 0xFFFF, 0xFFFF, 0xFFFF, 0xFFFF, 0xFFFF, 0xFFFF,
    0xFFFF, 0xFFFF, 0xFFFF, 0xFFFF, 0xFFFF, 0xFFFF, 0xE7BF, 0xEFDF, 0xEFDF, 0xF7FF, 0xFFFF, 0xCEBB,
    0xC659, 0xFFFF, 0xFF7C, 0xFF7C, 0xFF7C, 0xFF7B, 0xF657, 0xF637, 0xFE98, 0xE5F6, 0xE5F5, 0xFE98,
    0xEE16, 0xDDD5, 0xFEB8, 0xA471, 0x7D39, 0x8518, 0xA5B8, 0xADD8, 0x8DBA, 0x9E5D, 0x9E1C, 0x9DFB,
    0xA63A, 0xADB9, 0x9B8F, 0x9B8F, 0x9B6E, 0xD4D2, 0xDC90, 0xE44F, 0xE46F, 0xE44F, 0xDC4F, 0xE48F,
    0xFF73, 0xFF93, 0xFF53, 0xFF53, 0xFF93, 0xFED2, 0xED70, 0xED30, 0xECF0, 0xE4B0, 0xE44F, 0xDC2F,
    0xDC0E, 0xF651, 0xFFD6, 0xFFBB, 0xFFFC, 0xF7BC, 0x7D59, 0xC6DC, 0xE7DF, 0xE77E, 0xEF5E, 0xF73D,
    0x8EDC, 0x8EDC, 0x8EDC, 0x8EBC, 0x8EDC, 0x8EBC, 0x8EBC, 0x8EBC, 0x8EDD, 0x8EBC, 0x94B4, 0xA4D5,
    0xA4F6, 0xA4F6, 0x9474, 0x4AAD, 0x29A9, 0x2989, 0x632F, 0x5B2F, 0x4A8D, 0x4A8D, 0x424C, 0x2988,
    0x3A2B, 0x320B, 0x31EA, 0x31EB, 0x31EA, 0x29CA, 0x08C6, 0x39C8, 0x52EE, 0x4A8D, 0x424C, 0x42AC,
    0xA77D, 0x322B, 0x93AF, 0xFE59, 0xF5D7, 0xFDF7, 0xEDB7, 0xDD96, 0xD535, 0xC493, 0xD555, 0xE6FB,
    0xFFFF, 0xFFFF, 0xFF7D, 0xFF1B, 0xFF1B, 0xCDD6, 0x95F8, 0x9F5E, 0x9639, 0xAD75, 0xDD75, 0xF5B5,
    0xE4F3, 0xDC92, 0xE4B2, 0xE4D2, 0xE4F3, 0xE4D3, 0xE4D3, 0xE4F3, 0xE4F3, 0xF534, 0x6AAC, 0x3A4C,
    0x29A9, 0x422A, 0xE4F3, 0xAC51, 0x8E5A, 0xB7DF, 0x9E9A, 0x2988, 0x3A2B, 0x4A6D, 0x426C, 0xA71C,
    0xAF7E, 0xAF5E, 0xAF5E, 0xAF5E, 0xAF5E, 0xAF5E, 0xAF5E, 0xAF7E, 0xAF7E, 0xAF5E, 0xAF5E, 0xAF5E,
    0xB77E, 0xB77E, 0xB77E, 0xB77E, 0xB77E, 0xB77E, 0xB77E, 0xB77F, 0xB77F, 0xB77E, 0xB77E, 0xB77E,
    0xB77E, 0xB77E, 0xB77E, 0xB79E, 0xB79E, 0xB79E, 0xB79E, 0xB79E, 0xB79E, 0xB79E, 0xBF9E, 0xB79E,
    0xBF9F, 0xB79E, 0xDF5D, 0xFFFF, 0xFF7D, 0xFEBB, 0xFEBC, 0xFEDC, 0xF65A, 0xED37, 0xFF7E, 0xDE39,
    0xBC92, 0xD5D3, 0xE570, 0xC4AE, 0xCCEE, 0xABD0, 0xC5D9, 0xC71C, 0xFF79, 0xFFDA, 0xEED6, 0xC52E,
    0xBF9E, 0xC7DF, 0xC7BF, 0xC7BF, 0xC7BF, 0xC7BF, 0xC7BF, 0xC7BF, 0xC7BF, 0xBFBF, 0xBFBF, 0xC7FF,
    0xD7FF, 0xDF9E, 0xDFBF, 0xCFDF, 0xD7FF, 0xDFFF, 0xFFFF, 0xFFFF, 0xFFFF, 0xFFFF, 0xF7FF, 0xF7DF,
    0xFFFF, 0xFFFF, 0xFFFF, 0xFFFF, 0xFFFF, 0xFFFF, 0xF7DF, 0xEFDF, 0xDF5D, 0x9D76, 0x9536, 0x3310,
    0xB618, 0xFFFF, 0xFF7C, 0xFF7C, 0xFF7C, 0xFF9C, 0xE5D5, 0xE5D5, 0xFE98, 0xEE57, 0xDDB4, 0xFE98,
    0xEE57, 0xDD94, 0xFEB8, 0xC513, 0x8539, 0x84F7, 0x9559, 0xD6DB, 0x8D99, 0x9DF9, 0x9DDA, 0x9E1C,
    0xA63B, 0x9BF1, 0x9B6E, 0xA38F, 0xABCF, 0xD4D3, 0xA38F, 0xBBEF, 0xD42F, 0xDC4F, 0xE46F, 0xDC2F,
    0xE4D0, 0xFF53, 0xFF93, 0xFF53, 0xFF53, 0xFF93, 0xFFD3, 0xFFB3, 0xFF93, 0xFF53, 0xFF32, 0xF6B1,
    0xF6D2, 0xFFF9, 0xFFDC, 0xFFDC, 0xFFFC, 0xBEBB, 0x8579, 0xEF9E, 0xEF5E, 0xEF1D, 0xDF1E, 0xCF3E,
    0x8EFC, 0x8EDC, 0x8EDC, 0x8EBC, 0x8EBC, 0x8EDC, 0x8EDC, 0x8EDC, 0x8EFD, 0x8E3A, 0x9C73, 0xA4F6,
    0xA4F6, 0xAD16, 0x73B1, 0x424C, 0x2168, 0x29A9, 0x6350, 0x5B30, 0x4A6D, 0x4AAD, 0x3A2B, 0x2989,
    0x3A2B, 0x320A, 0x31EA, 0x31EA, 0x320B, 0x1947, 0x422B, 0x6B70, 0x426D, 0x4A6D, 0x31A9, 0x96BB,
    0x7D56, 0x2A0A, 0xD596, 0xF5D7, 0xC536, 0xA4F6, 0x9CF6, 0xA517, 0xA516, 0xC639, 0xF7DF, 0xFFFF,
    0xFFDE, 0xFFBE, 0xF73B, 0xF71B, 0xF71B, 0xFF5C, 0xD638, 0x9430, 0xDCD2, 0xED34, 0xE4D3, 0xDC92,
    0xE4D2, 0xE4F3, 0xE4D3, 0xE4D2, 0xE4D3, 0xE4F3, 0xE4F3, 0xE4F3, 0xE4F3, 0xED13, 0xE4F2, 0x4A4B,
    0x426D, 0x2148, 0x632D, 0xA77E, 0xAF7F, 0xA71D, 0xB7DF, 0x538F, 0x3169, 0x4A8D, 0x424C, 0x9EBB,
    0xAF9F, 0xAF5E, 0xAF5E, 0xAF5E, 0xAF5E, 0xAF5E, 0xAF5E, 0xAF5E, 0xAF5E, 0xB77E, 0xB77E, 0xB77E,
    0xB77E, 0xB77E, 0xB77E, 0xB77E, 0xB77F, 0xB77E, 0xB77F, 0xB77F, 0xB77E, 0xB77E, 0xB77E, 0xB79F,
    0xB79E, 0xB79E, 0xB79E, 0xB79E, 0xB79E, 0xB79E, 0xBF9E, 0xBF9E, 0xBF9E, 0xB79E, 0xB79E, 0xBF9E,
    0xB7BF, 0xC75D, 0xFFBE, 0xFFFF, 0xFE9A, 0xFE9B, 0xFE7B, 0xFE9B, 0xFE9B, 0xE515, 0xE597, 0xFEFC,
    0xF578, 0xD515, 0x84AE, 0xB552, 0x744E, 0xB67A, 0xC63A, 0xD5F7, 0xFFBA, 0xF737, 0xDD6E, 0xD5D1,
    0xBFBF, 0xC7DF, 0xC7BF, 0xC7DF, 0xC7DF, 0xC7BF, 0xC7DF, 0xC7FF, 0xC7FF, 0xD7FF, 0xDFFF, 0xD75E,
    0xBE5B, 0xA558, 0xE73D, 0xF7FF, 0xF7FF, 0xFFFF, 0xFFFF, 0xFFFF, 0xF7DF, 0xEFFF, 0xF7FF, 0xE77E,
    0x8D17, 0xDF1D, 0xFFFF, 0xF7DF, 0xFFFF, 0xFFFF, 0xFFFF, 0xFFFF, 0xF7DF, 0xC69A, 0x9D98, 0x9577,
    0xA535, 0xFFFF, 0xFF7C, 0xFF7C, 0xFF5B, 0xFFBC, 0xCD73, 0xEDF5, 0xFE98, 0xF657, 0xDD94, 0xF698,
    0xF678, 0xDD94, 0xFEB8, 0xDD94, 0x84D7, 0x8518, 0x8539, 0xDF3D, 0x9D96, 0x8D50, 0x9DF8, 0x9DFC,
    0x8BD1, 0x934E, 0x9BB0, 0x9B6E, 0xC472, 0xC451, 0xA38F, 0xABCF, 0xABAF, 0xBBEF, 0xCC0F, 0xDC8F,
    0xE42F, 0xE490, 0xFF13, 0xFF93, 0xFF53, 0xFF73, 0xFF53, 0xFF53, 0xFF73, 0xFF72, 0xFF72, 0xFFB7,
    0xFFFD, 0xFFDD, 0xFFDB, 0xFFDC, 0xFFDC, 0x8D99, 0xADFA, 0xF75E, 0xC69C, 0xB67C, 0xAE7C, 0xB6BC,
    0x8EDC, 0x96FD, 0x8EDD, 0x8EDC, 0x8EDC, 0x8EDC, 0x8EDC, 0x8EDC, 0x971D, 0x8D77, 0xA494, 0xA516,
    0xA4F6, 0x9CD5, 0x5B0F, 0x3A0A, 0x2168, 0x29A9, 0x6B91, 0x5B30, 0x426C, 0x4AAD, 0x31EB, 0x2989,
    0x3A2B, 0x31EA, 0x31EB, 0x31EB, 0x2168, 0x5AED, 0x73D1, 0x426C, 0x426D, 0x31AA, 0x6CF4, 0xA77E,
    0x31A9, 0x7D55, 0xAD15, 0x94B6, 0x94D5, 0xB536, 0xDD96, 0xDD96, 0xE6BA, 0xFFFF, 0xFFFF, 0xFFDF,
    0xFFDF, 0xFF9D, 0xF73B, 0xF71B, 0xF71B, 0xF6FB, 0xFF5C, 0xD595, 0xD471, 0xECF2, 0xECF3, 0xE4F3,
    0xE4D3, 0xE4D2, 0xE4D2, 0xE4F3, 0xE4D3, 0xE4F3, 0xE4F3, 0xE4F3, 0xE4F3, 0xDCD3, 0xF554, 0xD492,
    0x31CA, 0x3A2C, 0x29C9, 0xA71D, 0xAF5E, 0xA73D, 0xB7BF, 0x8DD7, 0x2106, 0x4A8D, 0x426C, 0x967A,
    0xB79F, 0xAF5E, 0xB75E, 0xAF5E, 0xAF5E, 0xAF5E, 0xAF5E, 0xB77E, 0xB77E, 0xB77E, 0xB77E, 0xB77E,
    0xB77E, 0xB77E, 0xB77E, 0xB77E, 0xB77E, 0xB77E, 0xB77F, 0xB77E, 0xB79F, 0xB79F, 0xB79E, 0xB79E,
    0xB79E, 0xB79E, 0xB79E, 0xB79E, 0xB79E, 0xB79E, 0xBF9E, 0xBF9E, 0xBF9E, 0xBF9E, 0xBF9E, 0xBF9E,
    0xB79E, 0xE77E, 0xFFFF, 0xFF1C, 0xF619, 0xF63A, 0xFF1C, 0xFF3C, 0xF63A, 0xEDF7, 0xF698, 0xEDD8,
    0xF5F8, 0xDC54, 0x95D6, 0xAC32, 0x8CF2, 0xB514, 0xD67A, 0xC6D9, 0xF737, 0xE612, 0xF652, 0xCDF3,
    0xBFBF, 0xC7DF, 0xC7DF, 0xC7DF, 0xC7BF, 0xC7DF, 0xBF5D, 0x95B9, 0xBF1D, 0xC6BC, 0xBE3A, 0xC65A,
    0xDF1D, 0xFFFF, 0xFFFF, 0xFFFF, 0xFFFF, 0xFFFF, 0xFFFF, 0xFFFF, 0xF7FF, 0xDF3D, 0x9557, 0x8D17,
    0x7475, 0xE75D, 0xF7FF, 0xE7BF, 0xEFDF, 0xFFFF, 0xFFFF, 0xFFFF, 0xF7FF, 0xEFFF, 0xFFFF, 0x9577,
    0x9CF4, 0xFFFF, 0xFF7C, 0xFF7C, 0xFF5B, 0xFF9C, 0xD5B4, 0xEE16, 0xFE78, 0xEE36, 0xDDB5, 0xF678,
    0xF678, 0xDD94, 0xF698, 0xE5D5, 0x84B5, 0x8518, 0x8539, 0xD6FD, 0xCE7A, 0x8D32, 0x8D97, 0x9E1C,
    0x9412, 0x8B2E, 0x9B8F, 0x9B8F, 0xCCD4, 0xA3AF, 0xA38E, 0xABCF, 0xB3CF, 0xB3CF, 0xB3CF, 0xCD51,
    0xCC2F, 0xDC2F, 0xDC2F, 0xFEF2, 0xFF93, 0xFF53, 0xFF73, 0xFF53, 0xFF52, 0xFF75, 0xFFBB, 0xFFBC,
    0xFF97, 0xFFBA, 0xFFDC, 0xFFFC, 0xCEFB, 0x7D18, 0xCEFD, 0xAE7C, 0x95FB, 0xAE5C, 0xB69C, 0xBEFD,
    0x8EDC, 0x96FD, 0x8EDD, 0x8EDC, 0x8EDC, 0x8EDC, 0x96DC, 0x96FD, 0x96FD, 0x94D4, 0xA4B5, 0xA4F6,
    0xAD16, 0x8412, 0x4AAD, 0x29C9, 0x2168, 0x31C9, 0x6B91, 0x5B0F, 0x426C, 0x4AAD, 0x31EA, 0x29A9,
    0x3A2B, 0x3A0B, 0x29A9, 0x2989, 0x73B1, 0x7BF2, 0x424C, 0x424C, 0x3A0B, 0x29E9, 0xA79E, 0x3209,
    0x5BF1, 0x963A, 0x9474, 0xD597, 0xF5D7, 0xF5D7, 0xDD75, 0xE6DA, 0xFFFF, 0xFFDF, 0xFFFF, 0xFFFF,
    0xFFDF, 0xF75C, 0xF73B, 0xF71B, 0xF71B, 0xF71B, 0xF6FB, 0xF71B, 0x9C93, 0xA4B5, 0xC4B3, 0xDCD2,
    0xECD2, 0xE4D3, 0xE4F3, 0xE4F3, 0xE4F3, 0xE4F3, 0xE4F3, 0xE4F3, 0xE4F3, 0xED34, 0xE492, 0xBCB2,
    0xA575, 0x424C, 0x2948, 0x5BAF, 0xBFFF, 0xAF3D, 0xB77F, 0xA71D, 0x29A8, 0x424C, 0x4A8D, 0x9E9B,
    0xAF9F, 0xA75E, 0xAF5E, 0xB75E, 0xB75E, 0xB77E, 0xB77E, 0xB77E, 0xB77E, 0xB77E, 0xB77F, 0xB77F,
    0xB77F, 0xB77E, 0xB77E, 0xB77E, 0xB77E, 0xB79F, 0xB79E, 0xB79E, 0xB79E, 0xB79E, 0xB79E, 0xB79E,
    0xB79E, 0xB79E, 0xBF9E, 0xBF9E, 0xBF9E, 0xBF9E, 0xBF9E, 0xBF9E, 0xBFBF, 0xBFBF, 0xBFBF, 0xBFBF,
    0xBF7E, 0xFFBE, 0xFFBE, 0xFF1C, 0xEDF9, 0xF5F9, 0xF69A, 0xFEBB, 0xF5F9, 0xE5B6, 0xE679, 0xD576,
    0xDD96, 0xCC72, 0xEDB8, 0xF61A, 0xF598, 0xE4F5, 0xEDF7, 0xEED7, 0xE632, 0xEE52, 0xF673, 0xCE34,
    0xBFDF, 0xC7DF, 0xC7DF, 0xC7DF, 0xC7BF, 0xCFFF, 0xA65B, 0x63F3, 0x8D57, 0xCE9B, 0xF79E, 0xFFFF,
    0xFFFF, 0xFFFF, 0xFFFF, 0xFFFF, 0xFFFF, 0xFFFF, 0xFFDF, 0xCEBC, 0xA598, 0xA598, 0xA5B9, 0xB61A,
    0xFFFF, 0xFFFF, 0xE7BF, 0xEFBF, 0xE7BF, 0xEFDF, 0xFFFF, 0xFFFF, 0xEFDF, 0xE7DF, 0xE75D, 0x4BB2,
    0xCE38, 0xFFDE, 0xFF7C, 0xFF7C, 0xFF5B, 0xFFBC, 0xD5D5, 0xEE16, 0xFE98, 0xEDD5, 0xE5F6, 0xF677,
    0xF678, 0xDD94, 0xF677, 0xEDD4, 0x84B5, 0x7D18, 0x8539, 0xCEFD, 0xDF1C, 0xBE5B, 0xBE5A, 0x8D79,
    0x9E3C, 0x94B5, 0x8B0D, 0xAC11, 0xC493, 0x9B8F, 0xB536, 0xA38E, 0xABCF, 0xB3D0, 0xB3CF, 0xCE12,
    0xBC2F, 0xC3AF, 0xD4F0, 0xF733, 0xFF73, 0xFF73, 0xFF52, 0xFF73, 0xFFB9, 0xFFBB, 0xFF97, 0xFF52,
    0xFF52, 0xFFBB, 0xFFDC, 0xFFFC, 0x95DA, 0x8D99, 0xBEDD, 0xAE3C, 0x9E1A, 0xB6DD, 0xAE7C, 0xAEBC,
    0x8EDC, 0x96FD, 0x96FC, 0x8EDC, 0x8EDD, 0x96DD, 0x96DD, 0x971D, 0x8E7B, 0x9C73, 0xACF6, 0xA4F6,
    0xACF6, 0x6350, 0x426C, 0x2188, 0x2189, 0x31EA, 0x73B1, 0x52EE, 0x4A6D, 0x4A8D, 0x29CA, 0x31EA,
    0x320B, 0x2189, 0x4A6C, 0x9494, 0x7BF2, 0x424C, 0x3A2C, 0x3A2C, 0x2147, 0x2A0A, 0x3A6B, 0x3A4B,
    0xA7BF, 0x8493, 0xF5B6, 0xFE18, 0xF5F8, 0xF639, 0xFF7D, 0xFFFF, 0xFFDF, 0xFFFF, 0xFFFF, 0xFFFF,
    0xFFBE, 0xF73C, 0xF71B, 0xF71B, 0xF71B, 0xF71B, 0xF6FA, 0xFF3B, 0xD5B6, 0xB4F5, 0x9D17, 0x94B5,
    0xA4B4, 0xCCF3, 0xDCD2, 0xE4D2, 0xECF2, 0xED13, 0xE513, 0xE4F3, 0xF534, 0xD451, 0xACD3, 0xE75D,
    0xFFFF, 0xB5B7, 0x31EB, 0x2947, 0xAE59, 0xB7BF, 0xA73E, 0xC79E, 0x3A2A, 0x422C, 0x52EE, 0xAEFC,
    0xBF9F, 0xCF9E, 0xBF7E, 0xAF7E, 0xB77E, 0xAF7F, 0xB77E, 0xB77E, 0xB77E, 0xB77E, 0xB77E, 0xB77E,
    0xB77E, 0xB77E, 0xB77E, 0xB79E, 0xB79E, 0xB79E, 0xB79E, 0xB79E, 0xB79E, 0xB79F, 0xBF9E, 0xBF9E,
    0xBF9E, 0xBF9E, 0xB79E, 0xB79E, 0xBF9E, 0xBF9E, 0xBFBE, 0xBFBE, 0xBFBF, 0xBFBF, 0xBF9F, 0xB7DF,
    0xCEFC, 0xFFFF, 0xF6BB, 0xFE9A, 0xEDF9, 0xE5B8, 0xF65A, 0xFEBB, 0xED98, 0xDD96, 0xEEFA, 0xFFDE,
    0xFF9C, 0xEE18, 0xDDB7, 0xE597, 0xED98, 0xDCB3, 0xE678, 0xEF58, 0xE5F1, 0xE632, 0xF672, 0xC635,
    0xBFDF, 0xC7DF, 0xC7DF, 0xC7DF, 0xC7DF, 0xC7FF, 0xB75D, 0x7495, 0x8D37, 0xCEDC, 0xADF9, 0xEF9E,
    0xFFFF, 0xFFFF, 0xFFFF, 0xFFFF, 0xEF7E, 0xB61A, 0x9D78, 0xADF9, 0xDF3D, 0xEFDF, 0xB63A, 0xE79F,
    0xF7DF, 0xE7BF, 0xE7DF, 0xE7BF, 0xE7BF, 0xE7BF, 0xEFDF, 0xEFDF, 0xE7BF, 0xF7FF, 0xAE7C, 0x5476,
    0xD658, 0xF75C, 0xFF9C, 0xFF7B, 0xFF5B, 0xFFBD, 0xD616, 0xE5F5, 0xFE78, 0xE5D5, 0xEE36, 0xF677,
    0xF677, 0xDD94, 0xF657, 0xEDB4, 0x8CD6, 0x7D18, 0x8539, 0xCEFD, 0xF79E, 0xADFA, 0xDF5E, 0xE73C,
    0x9DB8, 0x9E7D, 0x94F6, 0xBC93, 0xA3D0, 0x9B6E, 0xB636, 0xB5B7, 0xA38E, 0xABCF, 0xB3EF, 0xCE93,
    0xC4D0, 0xCCF0, 0xE713, 0xE6F2, 0xEF13, 0xF753, 0xFF77, 0xFFBB, 0xFF97, 0xFF53, 0xFF52, 0xFF52,
    0xFF97, 0xFFDD, 0xFFFB, 0xD73C, 0x7D39, 0xBEBC, 0xBEBD, 0xAE5C, 0x961B, 0xAEBD, 0xBEDE, 0xC6FD,
    0x8EDC, 0x96DC, 0x96DC, 0x96DD, 0x96FD, 0x96FD, 0x96DC, 0x973E, 0x95B7, 0xA474, 0xA516, 0xACF6,
    0x9474, 0x4ACE, 0x3A0B, 0x2188, 0x2189, 0x3A0A, 0x6BB1, 0x52CE, 0x4A8D, 0x4A8D, 0x29A9, 0x2189,
    0x3A2B, 0x7BF2, 0xA537, 0x7391, 0x424C, 0x3A4B, 0x320B, 0x2168, 0x1967, 0x1927, 0x31C9, 0x9F1D,
    0x9F5E, 0xB535, 0xFDF8, 0xEDD8, 0xF618, 0xFF7D, 0xFFFF, 0xFFDF, 0xFFFF, 0xFFFF, 0xFFFF, 0xFFDF,
    0xFF7D, 0xF71B, 0xF71B, 0xF71B, 0xF6FB, 0xF6FB, 0xF6FA, 0xF6FB, 0xEE99, 0xDD34, 0xFDF8, 0xDD96,
    0xC577, 0xC5B7, 0xBD97, 0xC556, 0xCD34, 0xD4B2, 0xDCB2, 0xED13, 0xC471, 0x9D96, 0xF7FF, 0xF7FF,
    0xE79F, 0xFFFF, 0xA555, 0x2969, 0x4A4A, 0xD79E, 0xD7BF, 0xF7BE, 0x422A, 0x422D, 0x6BD1, 0xEFBE,
    0xEFDF, 0xEFBE, 0xE7BF, 0xBF9F, 0xB77E, 0xBF7E, 0xBF9F, 0xBF9F, 0xB79E, 0xB77E, 0xB77E, 0xB79F,
    0xB79F, 0xB79E, 0xB79E, 0xB79E, 0xB79E, 0xB79E, 0xB79E, 0xBF9E, 0xBF9E, 0xBF9E, 0xB79E, 0xBF9E,
    0xBF9E, 0xBF9E, 0xBF9E, 0xBFBE, 0xBFBF, 0xBFBF, 0xBFBF, 0xBFBF, 0xBFBF, 0xBFBF, 0xBFBF, 0xBFBF,
    0xE6DC, 0xFFFF, 0xEE18, 0xF5F9, 0xEDB8, 0xE557, 0xDD56, 0xE5B7, 0xD473, 0xEE99, 0xFFFD, 0xE678,
    0x9470, 0x9CB1, 0xDDF7, 0xDC73, 0xDC74, 0xEE18, 0xF75A, 0xE674, 0xEE52, 0xEE73, 0xEDF1, 0xBE98,
    0xC7FF, 0xC7DF, 0xC7DF, 0xC7DF, 0xC7DF, 0xCFDF, 0xE7FF, 0xA5F9, 0x6414, 0xDF3D, 0xF7BE, 0xFFFF,
    0xFFFF, 0xFFFF, 0xD6DC, 0xA598, 0x9D98, 0xC69B, 0xF7BF, 0xFFFF, 0xF7FF, 0xE7BF, 0xEFFF, 0xEFDF,
    0xE7BF, 0xE7BF, 0xE7BF, 0xEFBF, 0xE7BF, 0xE7BF, 0xEFBF, 0xE7BF, 0xEFDF, 0xEF7E, 0x7DFD, 0x8E3C,
    0xE6B9, 0xE71B, 0xFF9C, 0xFF7B, 0xFF5B, 0xFFBC, 0xDE57, 0xE5D5, 0xFE98, 0xEE36, 0xF637, 0xF657,
    0xF657, 0xDD94, 0xEE16, 0xE594, 0x8CF6, 0x8517, 0x7D18, 0xD6DC, 0xFFFF, 0xB619, 0xBE5B, 0xEF5E,
    0xDEFB, 0x8517, 0xA6BE, 0xCE9B, 0x8B8F, 0x9B4F, 0xAD50, 0xBEDA, 0xADB8, 0xA38F, 0xABCF, 0xCE72,
    0xCE93, 0xD6D3, 0xDED4, 0xE715, 0xDEB5, 0xD490, 0xE738, 0xF733, 0xFF52, 0xFF73, 0xFF73, 0xFF53,
    0xFFBB, 0xFFDC, 0xFFFC, 0xA61B, 0x95DA, 0xD77F, 0xAE5C, 0xAE7C, 0xA63C, 0xC6FE, 0xE6FC, 0xDEDB,
    0x96FD, 0x96DD, 0x96FD, 0x96FD, 0x96FD, 0x96FD, 0x96FD, 0x971D, 0x94D4, 0xA4D5, 0xA4F6, 0xAD16,
    0x7391, 0x4AAD, 0x29C9, 0x21A9, 0x2168, 0x3A2B, 0x6B91, 0x4AAD, 0x4AAD, 0x3A4C, 0x2988, 0x6B6F,
    0xAD37, 0xA516, 0x5B2F, 0x426C, 0x3A2B, 0x320B, 0x1906, 0x1906, 0x29A9, 0x2147, 0x8619, 0xAFBF,
    0x967A, 0xD534, 0xFE18, 0xEE18, 0xFF3C, 0xFFDE, 0xFFDF, 0xFFFF, 0xFFFF, 0xFFFF, 0xFFFF, 0xFFDF,
    0xFF3C, 0xF6FB, 0xF6FB, 0xF6FB, 0xF6FB, 0xF6FA, 0xF6FA, 0xF6DA, 0xF6FA, 0xCD34, 0xF659, 0xFEFA,
    0xFEB9, 0xF659, 0xE618, 0xCDD8, 0xBDD8, 0xCE59, 0xCDD7, 0xB4B2, 0x9DB7, 0xF7FF, 0xFFFF, 0xEFDF,
    0xEFBF, 0xE7BE, 0xFFFF, 0x9CF4, 0x10C6, 0x632D, 0xFFFF, 0xEF5D, 0x422A, 0x426D, 0x94F5, 0xFFFF,
    0xF7DF, 0xE7BE, 0xF7DF, 0xEFDF, 0xC79E, 0xC79E, 0xC79E, 0xBF9F, 0xB77E, 0xB79E, 0xB79E, 0xB79E,
    0xB79E, 0xB79E, 0xB79E, 0xB79E, 0xBF9E, 0xB79E, 0xBF9E, 0xBF9E, 0xB79E, 0xBF9E, 0xBF9E, 0xBF9F,
    0xBFBF, 0xBFBF, 0xBFBF, 0xBFBF, 0xBFBF, 0xBFBF, 0xBF9F, 0xBFBF, 0xBFBF, 0xBFBF, 0xBFDF, 0xC75E,
    0xE69B, 0xFF9E, 0xF619, 0xE557, 0xEDB7, 0xD4B3, 0xD432, 0xF596, 0xC492, 0xFF7B, 0xFFBD, 0xA513,
    0xA4F3, 0xD657, 0xF698, 0xC3F1, 0xCC33, 0xEE96, 0xFF99, 0xDDF1, 0xEE32, 0xF673, 0xCDB2, 0xBFBF,
    0xC7DF, 0xC7DF, 0xC7DF, 0xC7DF, 0xCFDF, 0xD7DF, 0xF7FF, 0xDF5D, 0x6414, 0xBE7B, 0xFFFF, 0xEF7E,
    0xBE3A, 0x9D78, 0xADD9, 0xDF3D, 0xFFFF, 0xFFFF, 0xFFFF, 0xFFFF, 0xFFFF, 0xEFDF, 0xE7BF, 0xE7BF,
    0xEFBF, 0xEFBF, 0xEFBF, 0xEFBF, 0xE7BF, 0xE7BF, 0xEFBF, 0xE7BF, 0xF7DF, 0xB6DD, 0x76BE, 0x969D,
    0xEF3B, 0xDE99, 0xFF9C, 0xFF5B, 0xFF5B, 0xFF9C, 0xE698, 0xDDB4, 0xF678, 0xF677, 0xFEB8, 0xFEB8,
    0xFED9, 0xF5D5, 0xFE56, 0xEDD5, 0x84F6, 0x8558, 0x84F6, 0xEF9E, 0xFFDF, 0xCE7A, 0xBE3A, 0xC67B,
    0xEF7D, 0x730E, 0xAD16, 0xBED9, 0x9D72, 0x93B0, 0xA4F1, 0xAE57, 0xB6DD, 0xB5B8, 0xACD3, 0xC6DA,
    0xCEDA, 0xCEDB, 0xD73C, 0xDF3C, 0xC451, 0xCBEF, 0xE6D2, 0xE713, 0xE6F3, 0xEF13, 0xF732, 0xFF76,
    0xFFFC, 0xFFFC, 0xE77C, 0x8538, 0x95FA, 0xC73F, 0xC6BD, 0xC67C, 0xB67C, 0xC6DD, 0xB67B, 0xA69C,
    0x96FD, 0x96FD, 0x96FD, 0x96FD, 0x96FD, 0x96FC, 0x973D, 0x967A, 0x9C73, 0xAD16, 0xA4F6, 0x9CB5,
    0x52CE, 0x4A8C, 0x2188, 0x29CA, 0x1968, 0x424B, 0x6B91, 0x4AAD, 0x3A4B, 0x52EE, 0x9494, 0xB557,
    0x9474, 0x52EE, 0x426C, 0x3A2C, 0x31EA, 0x1926, 0x2168, 0x31EA, 0x2168, 0x1947, 0x8E5A, 0xAFBF,
    0x9DB6, 0xED76, 0xF5F8, 0xF6BA, 0xFFBE, 0xFFDE, 0xFFDF, 0xFFFF, 0xFFFF, 0xFFFF, 0xFFFF, 0xFFBE,
    0xF71B, 0xF6FA, 0xF6FA, 0xF6FA, 0xF6FA, 0xF6FA, 0xF6DA, 0xF6DA, 0xFF1B, 0xD575, 0xEE38, 0xF6FA,
    0xF6DA, 0xF6FA, 0xFF1B, 0xFEFB, 0xE679, 0xCE18, 0xEF5D, 0xE71C, 0xDEBB, 0xCE59, 0xE71C, 0xEFBE,
    0xEFFF, 0xEFDF, 0xE7BF, 0xFFFF, 0x8C72, 0x0865, 0x8C93, 0xCE99, 0x31AA, 0x530F, 0xCE7A, 0xFFFF,
    0xFFFF, 0xF7FF, 0xEFBF, 0xE7BF, 0xD7BE, 0xCF9E, 0xC79E, 0xBF9E, 0xB79E, 0xB79E, 0xB79E, 0xB79E,
    0xB79E, 0xB79E, 0xB79E, 0xBF9E, 0xBF9E, 0xBF9E, 0xBF9E, 0xBF9E, 0xBF9F, 0xBFBF, 0xBFBF, 0xBFBF,
    0xBFBF, 0xBFBF, 0xBFBF, 0xBFBF, 0xBFBF, 0xBFBF, 0xBFBF, 0xBFBF, 0xBFBF, 0xBFBF, 0xBFDF, 0xC67A,
    0xC6FC, 0xFEDB, 0xFE7B, 0xDC94, 0xE4F5, 0xF6B9, 0xE5D7, 0xCCD3, 0xDE78, 0xFFBD, 0xFF3B, 0xFFBD,
    0xFFBD, 0xFF3A, 0xDDD6, 0x9B6E, 0xBBB1, 0xE635, 0xFFFA, 0xDDD1, 0xEE11, 0xE5B0, 0xBEFA, 0xC7FF,
    0xC7DF, 0xC7DF, 0xC7DF, 0xC7DF, 0xCFDF, 0xD7DF, 0xDFFF, 0xFFFF, 0x84F6, 0x7CD6, 0xB63A, 0xA598,
    0xC67B, 0xF7BE, 0xFFFF, 0xFFFF, 0xFFFF, 0xFFFF, 0xFFFF, 0xFFFF, 0xFFFF, 0xEFDF, 0xE7DF, 0xE7BF,
    0xEFBF, 0xEFBF, 0xEFBF, 0xEFBF, 0xEFBF, 0xEFBF, 0xE7BF, 0xEFDF, 0xE77F, 0x869D, 0x7F9F, 0x8EBD,
    0xF77C, 0xDE99, 0xFF9C, 0xFF5B, 0xFF5B, 0xFF9C, 0xEED9, 0xDD94, 0xFF19, 0xEE57, 0xBD55, 0x8CB3,
    0x530E, 0x3A8C, 0x3A8D, 0x3A4C, 0x8517, 0x7CF7, 0xC659, 0xFFFF, 0xF7DF, 0xD6BB, 0xBE5A, 0xBE1A,
    0xD6DC, 0x8C74, 0xC679, 0x9DB2, 0x9DD3, 0xA5F3, 0xA5F2, 0xAE57, 0xAE5C, 0xB69C, 0xBEBC, 0xBEBC,
    0xC6BC, 0xCEFC, 0xD71B, 0xBC71, 0xBBAF, 0xCC70, 0xE6F3, 0xE6F3, 0xE6D3, 0xDED3, 0xDEB2, 0xD6FA,
    0xDF5C, 0xF7BB, 0xB67B, 0x9599, 0xC6BC, 0xDEDC, 0xEEFC, 0xB67B, 0x9DFA, 0xAE1B, 0xBEBD, 0xDF3E,
    0x96FD, 0x96FD, 0x96FD, 0x96FD, 0x96FD, 0x96FC, 0x9F3E, 0x9556, 0xA495, 0xA4F6, 0xAD16, 0x7BD2,
    0x4AAE, 0x3A2B, 0x2189, 0x29CA, 0x2168, 0x4A8D, 0x6B71, 0x3A2B, 0x7BD1, 0x9CB5, 0x9CD5, 0x9474,
    0x52CE, 0x426D, 0x3A2B, 0x31EA, 0x29A9, 0x320B, 0x320B, 0x2168, 0x2989, 0x1948, 0x8E19, 0xB7BF,
    0xBD75, 0xFDD7, 0xEE18, 0xF6FB, 0xFFBE, 0xFFDF, 0xFFFF, 0xFFFF, 0xFFDF, 0xFFFF, 0xFFFF, 0xFF9D,
    0xF6FA, 0xF6FA, 0xF6DA, 0xF6DA, 0xF6DA, 0xF6DA, 0xF6DA, 0xF6D9, 0xFF1B, 0xD5D6, 0xE617, 0xFF1B,
    0xF6DA, 0xF6DA, 0xF6DA, 0xF6DA, 0xFF3B, 0xDE58, 0xDEBB, 0xEF1C, 0xEF1C, 0xEF1C, 0xDEBB, 0xCE39,
    0xC659, 0xDF3D, 0xEFDF, 0xEFDF, 0xF7FF, 0x634E, 0x18E7, 0x52AB, 0x426D, 0x7412, 0xF7DF, 0xF7DF,
    0xFFFF, 0xEFDF, 0xE7BF, 0xE7BF, 0xD7BF, 0xC79F, 0xBF9F, 0xB79E, 0xB79E, 0xB79F, 0xBF9F, 0xBF9E,
    0xBF9E, 0xBF9E, 0xBF9E, 0xBF9E, 0xBF9F, 0xBFBF, 0xBF9F, 0xBFBF, 0xBF9F, 0xBFBF, 0xBFBF, 0xBFBF,
    0xBFBF, 0xBF9E, 0xBFBF, 0xBFBF, 0xBFBF, 0xBFBF, 0xBFBF, 0xBFBF, 0xBFBF, 0xBFBF, 0xC7DF, 0xB5F8,
    0xB73D, 0xE5B8, 0xFE9B, 0xED77, 0xC36F, 0xEE18, 0xDED9, 0x632B, 0xC5D6, 0xFFBD, 0xF79C, 0xF71A,
    0xEEDA, 0xFF7C, 0xE6D9, 0xBBF2, 0xC413, 0xCD33, 0xFFFA, 0xCD90, 0xEDCF, 0xCDD1, 0xBFDF, 0xC7DF,
    0xC7DF, 0xC7DF, 0xC7DF, 0xC7DF, 0xCFFF, 0xC7DF, 0xCFDF, 0xFFFF, 0xBE7B, 0x5BD3, 0xC6BC, 0xFFFF,
    0xFFFF, 0xFFFF, 0xFFFF, 0xFFFF, 0xFFFF, 0xFFFF, 0xFFFF, 0xFFFF, 0xFFFF, 0xEFDF, 0xE7BF, 0xE7BF,
    0xEFBF, 0xEFBF, 0xEFBF, 0xEFBF, 0xEFBF, 0xEFBF, 0xE7BF, 0xEFFF, 0xCF1E, 0x7EDE, 0x8FBF, 0x8EDD,
    0xEF7D, 0xD699, 0xFF7C, 0xFF7B, 0xFF5B, 0xFF7C, 0xEF1A, 0xBCF2, 0x73D1, 0x3B0F, 0x4370, 0x63F1,
    0x83AF, 0x9410, 0x9C71, 0x8BCF, 0x6BF2, 0xADF9, 0xFFFF, 0xF7BF, 0xFFFF, 0xDEFC, 0xADD8, 0xBE5A,
    0xC69C, 0xB639, 0xBE96, 0x8D72, 0x9DB3, 0x9D73, 0x9491, 0x9D15, 0xA67C, 0xAE3B, 0xAE5B, 0xB67B,
    0xBEBB, 0xC6DC, 0xB472, 0xB3AF, 0xBBF0, 0xC490, 0xDEF3, 0xDED3, 0xDED3, 0xDED2, 0xD6D5, 0xCEFC,
    0xBE9B, 0xBEBC, 0x95B9, 0xC67B, 0xE71C, 0xBEBB, 0xAEBC, 0xBEFD, 0xAE3C, 0xC6DD, 0xB65C, 0x95B9,
    0x96FD, 0x96FD, 0x96FD, 0x96FD, 0x9EFD, 0x9F1D, 0x96FC, 0x9494, 0xA4F6, 0xA4F6, 0xA4F5, 0x52EE,
    0x52CE, 0x29C9, 0x29AA, 0x31EA, 0x2147, 0x52EE, 0x52EE, 0x8412, 0x8432, 0x8C53, 0xA516, 0x5B0F,
    0x426C, 0x3A2B, 0x31C9, 0x31EA, 0x3A0B, 0x29A9, 0x1926, 0x2188, 0x29CA, 0x1927, 0x8DF8, 0xAF5E,
    0xCD34, 0xFE18, 0xEE38, 0xEEDA, 0xFFBE, 0xFFDF, 0xFFDF, 0xFFDE, 0xFFBE, 0xFFFF, 0xFFFF, 0xFF7C,
    0xF6DA, 0xF6DA, 0xF6DA, 0xF6DA, 0xF6DA, 0xF6DA, 0xF6DA, 0xF6DA, 0xFF1B, 0xE637, 0xDDF6, 0xFF1B,
    0xF6DA, 0xF6FA, 0xF6FB, 0xF6FA, 0xF71B, 0xE679, 0xDEDB, 0xEF3D, 0xEF1C, 0xEF3C, 0xEF3D, 0xEF1D,
    0xDEBB, 0xC5F8, 0xC639, 0xDF5D, 0xEFFF, 0xEFBE, 0x4AAC, 0x2148, 0x4AAC, 0xD6DB, 0xEFFF, 0xE7BF,
    0xEFBF, 0xE7BF, 0xE7BF, 0xEFDF, 0xDFBF, 0xBF9E, 0xC79F, 0xBF9F, 0xB79E, 0xBF9E, 0xBF9E, 0xBF9F,
    0xB79E, 0xBF9E, 0xBF9E, 0xBF9F, 0xBF9F, 0xBFBF, 0xBFBF, 0xBFBF, 0xBFBF, 0xBF9F, 0xBF9F, 0xBFBF,
    0xBF9E, 0xC69A, 0xBFBF, 0xBFDF, 0xBFBF, 0xBFBF, 0xBFBF, 0xBFBF, 0xBFBF, 0xBFBF, 0xC7FF, 0xBEFC,
    0xB69B, 0xC6DC, 0xE536, 0xF5D8, 0xD493, 0xCD54, 0xA4D2, 0xD5D6, 0xFF5B, 0xFF5B, 0xDDF7, 0xD4B3,
    0xD534, 0xFFFE, 0xCD96, 0xBB91, 0xC433, 0xDE16, 0xF778, 0xD5F2, 0xD52D, 0xDDAF, 0xBF5D, 0xC7FF,
    0xC7DF, 0xC7DF, 0xC7DF, 0xC7DF, 0xC7FF, 0xC7DF, 0xDFFF, 0xFFFF, 0xEF9E, 0x6C14, 0xAE1A, 0xFFFF,
    0xFFDF, 0xFFFF, 0xFFFF, 0xFFFF, 0xFFFF, 0xFFFF, 0xFFFF, 0xFFFF, 0xFFFF, 0xF7FF, 0xE7BF, 0xE7BF,
    0xEFBF, 0xEFBF, 0xEFBF, 0xE7BF, 0xE7BF, 0xEFBF, 0xE7BF, 0xF7DF, 0xB71D, 0x771E, 0x6E1C, 0x3C97,
    0xCE9A, 0xE6BA, 0xF75C, 0xFF7B, 0xFF5B, 0xFF7C, 0xFF5B, 0x29EA, 0x424B, 0xACB2, 0xE5F5, 0xF636,
    0xF616, 0xEDF6, 0xEDF6, 0xEE37, 0xCE38, 0xFFFF, 0xFFDF, 0xFFDF, 0xEFBF, 0xE77F, 0xB619, 0xB618,
    0xC67B, 0xCEBA, 0x9DB3, 0x95B3, 0x9593, 0x8370, 0x834F, 0x8B70, 0x9DFA, 0xA65C, 0xA65C, 0xAE5B,
    0xB6BD, 0xAD15, 0xA36E, 0xB410, 0xB3AF, 0xBCB0, 0xD6F3, 0xD6B3, 0xD6B3, 0xD6B2, 0xCEDA, 0xC6BC,
    0xBE9B, 0xB67B, 0x6C75, 0xA65B, 0xB6FD, 0xC6FE, 0xD73E, 0xC6DD, 0xAE3B, 0x95D9, 0x85B9, 0x7DB9,
    0x96FD, 0x96FD, 0x96FD, 0x9EFD, 0x9EFD, 0x9F5E, 0x95F9, 0x9C74, 0xA516, 0xAD16, 0x8412, 0x4AAE,
    0x4AAD, 0x2188, 0x31EB, 0x31EA, 0x2168, 0x52EE, 0x8C53, 0x632F, 0x632E, 0xB578, 0x6B91, 0x426C,
    0x3A2B, 0x31C9, 0x31CA, 0x29C9, 0x2147, 0x1947, 0x1947, 0x29A9, 0x29CA, 0x1927, 0x8DF9, 0xAEDB,
    0xDD35, 0xFE59, 0xE637, 0xEEDA, 0xFFDE, 0xFFDE, 0xFFDE, 0xFFBE, 0xFFBE, 0xFFFF, 0xFFFF, 0xFF5C,
    0xF6DA, 0xF6DA, 0xF6DA, 0xF6DA, 0xF6DA, 0xF6DA, 0xF6DA, 0xF6D9, 0xF6FA, 0xEE78, 0xD595, 0xFF1B,
    0xF6DA, 0xF6FA, 0xF6FB, 0xF6FB, 0xFF1B, 0xDE79, 0xE6FC, 0xE6FC, 0xEF3D, 0xEF3D, 0xEF3D, 0xE71C,
    0xEF5D, 0xEF3D, 0xCE5A, 0xC619, 0xD6FC, 0xFFFF, 0x6B8F, 0x08A5, 0x39EA, 0xCE9A, 0xF7FF, 0xE79F,
    0xE7DF, 0xEFBF, 0xEFBF, 0xEFBF, 0xE7BF, 0xE7BF, 0xF7DF, 0xEFFF, 0xB79E, 0xBF9F, 0xB79E, 0xB79E,
    0xB79E, 0xBF9F, 0xBF9F, 0xBFBF, 0xBFBF, 0xBFBF, 0xBFBF, 0xBF9F, 0xBFBF, 0xBFDF, 0xBFDF, 0xBFBF,
    0xB7DF, 0xC6DA, 0xC699, 0xB79E, 0xBFBF, 0xBFDF, 0xBFBF, 0xBFDF, 0xC7BF, 0xC7DF, 0xC7BF, 0xC7DF,
    0xBF9E, 0xBF1C, 0xE577, 0xDC94, 0xCC32, 0xB3B0, 0xBCF2, 0xFF3B, 0xFF3A, 0xF73B, 0xCCD2, 0xF637,
    0xF698, 0xF75B, 0xBC32, 0xABD2, 0xBC32, 0xFF9C, 0xE6D8, 0xEED5, 0xDD6E, 0xD5D1, 0xC7BE, 0xC7FF,
    0xC7DF, 0xC7DF, 0xC7DF, 0xC7FF, 0xC7DF, 0xC7DF, 0xDFFF, 0xFFFF, 0xFFFF, 0x9557, 0x7475, 0xFFFF,
    0xFFFF, 0xFFFF, 0xFFFF, 0xFFFF, 0xF7FF, 0xEFDE, 0xEFDF, 0xF7DF, 0xFFFF, 0xFFFF, 0xEFDF, 0xEFDF,
    0xEFBF, 0xEFBF, 0xEFBF, 0xE7BF, 0xE7BF, 0xEFBF, 0xE7BF, 0xF7FF, 0xBF1E, 0x3C58, 0x12D1, 0x0210,
    0x63B2, 0xF678, 0xEF3B, 0xFF7B, 0xFF7C, 0xF75B, 0xD679, 0xCE7A, 0xEF3C, 0xE6DA, 0xCE18, 0xA577,
    0xADD8, 0xC67A, 0xD6FC, 0xE77E, 0xF7DF, 0xEF9E, 0xE77E, 0xDF3E, 0xD71D, 0xC6BC, 0xA5B8, 0xBE7A,
    0xEF9E, 0xDF1C, 0x7D11, 0x9DF3, 0x9553, 0x8370, 0x836F, 0x8C32, 0x9E3C, 0x9DF7, 0xA618, 0xA63C,
    0xAE9C, 0xA4D4, 0xA38F, 0xABF0, 0xAB8F, 0xC5B2, 0xCEB3, 0xCE93, 0xCE92, 0xCE96, 0xC6DC, 0xBEBC,
    0xB69B, 0xA5F9, 0x8518, 0x8D9A, 0xD71E, 0xBEBC, 0x9DDA, 0x7D78, 0x7599, 0x75DA, 0x75DB, 0x759A,
    0x9EFD, 0x9EFD, 0x9F1D, 0x9F1D, 0xA71D, 0x9F3D, 0x94F5, 0xA4D5, 0xA516, 0xA4F6, 0x5B0F, 0x52CE,
    0x3A2B, 0x2189, 0x320B, 0x320A, 0x2167, 0x73B1, 0x5B0E, 0x4A8C, 0xAD57, 0x8433, 0x428D, 0x320A,
    0x2988, 0x2988, 0x29A9, 0x29CA, 0x2148, 0x2168, 0x1947, 0x29A9, 0x29CA, 0x1927, 0x8DD8, 0xBE7A,
    0xED75, 0xFE99, 0xD5F6, 0xEEBA, 0xFFDE, 0xFFDE, 0xFFDE, 0xFFDE, 0xF75C, 0xFFFF, 0xFFDF, 0xF71B,
    0xF6DA, 0xF6DA, 0xF6BA, 0xF6BA, 0xF6BA, 0xF6BA, 0xF6BA, 0xF6DA, 0xF6DA, 0xF6B9, 0xD575, 0xFF1B,
    0xF6FA, 0xF6FA, 0xF71B, 0xF6FB, 0xFF1B, 0xD659, 0xEF3D, 0xDEDC, 0xEF5D, 0xEF5D, 0xEF5D, 0xE71C,
    0xEF1C, 0xEF3C, 0xEF1C, 0xCE5A, 0xDEBC, 0x8431, 0x424B, 0x8C93, 0x2147, 0x422B, 0xDF1B, 0xEFFF,
    0xE7BF, 0xEFBF, 0xEFBF, 0xEFBF, 0xEFBF, 0xE7DF, 0xFFFF, 0xE7DF, 0xB79F, 0xBF9E, 0xC7BE, 0xDFDF,
    0xE7DF, 0xD7BF, 0xBF9E, 0xBFBF, 0xBFBF, 0xBFBF, 0xBFBF, 0xC7BF, 0xBF9E, 0xC6B9, 0xD71B, 0xCF5C,
    0xC77D, 0xC657, 0xF6D7, 0xEF9C, 0xCF7D, 0xCF9D, 0xD79D, 0xC79E, 0xBFDF, 0xBFBF, 0xBFDF, 0xBFDF,
    0xBFDF, 0xD67A, 0xF5B8, 0xC537, 0xDCF5, 0xC433, 0xB3F1, 0xB451, 0xE6D9, 0xFFBC, 0xFF9C, 0xF6FA,
    0xEF1B, 0xBC71, 0xAC54, 0x9452, 0xCDB5, 0xFFDD, 0xEE17, 0xE654, 0xEE11, 0xBCED, 0xBFBF, 0xCFFF,
    0xC7DF, 0xC7DF, 0xC7DF, 0xC7DF, 0xCFFF, 0xC7DF, 0xC7BE, 0xDFBF, 0xF7FF, 0xCF1D, 0x5BD3, 0xCF1D,
    0xFFFF, 0xFFFF, 0xFFFF, 0xEFDF, 0xE7BF, 0xE7BF, 0xE7BF, 0xE7BF, 0xEFDF, 0xF7DF, 0xEFDF, 0xEFDF,
    0xEFBF, 0xEFBF, 0xEFBF, 0xE7BF, 0xE7BF, 0xEFBF, 0xE7BF, 0xEFDF, 0xD73E, 0x3C36, 0x1AD0, 0x22F1,
    0x124E, 0x7B8F, 0xEF1A, 0xFF9C, 0xF75B, 0xC638, 0xCE9B, 0xC67B, 0xAE1A, 0xBE19, 0xCEBB, 0xEF7D,
    0xF79E, 0xDF1C, 0xD6DB, 0xC67A, 0xC65A, 0xBE7B, 0xC67B, 0xCEBB, 0xBE5B, 0xBE7A, 0xCEFC, 0xDF5E,
    0xF7BE, 0xDF5E, 0x9D97, 0x8D92, 0x9553, 0x8370, 0x836F, 0x9558, 0x9E3B, 0x9DD2, 0x9DD2, 0xA617,
    0xA69D, 0x9C94, 0x9B8F, 0x9B8F, 0xB597, 0xC6B4, 0xC653, 0xC673, 0xC673, 0xBE9B, 0xBEDD, 0xB6DD,
    0xA61A, 0x9DF9, 0xA67C, 0x5CD8, 0x8DBA, 0x85BA, 0x75DA, 0x75DB, 0x75DB, 0x757A, 0x7539, 0x64D8,
    0x9F1D, 0x9EFD, 0x9F1D, 0x9F1D, 0xA75E, 0x9E5A, 0x9C94, 0xA516, 0xAD17, 0x8C54, 0x4AAD, 0x52EE,
    0x29C9, 0x21A9, 0x3A4C, 0x29CA, 0x3A0A, 0x73B1, 0x3A2B, 0x8C74, 0x9CD6, 0x5B0F, 0x3A2B, 0x29C9,
    0x422B, 0x2188, 0x320B, 0x29C9, 0x1947, 0x2168, 0x2167, 0x29A9, 0x29CA, 0x1907, 0xA5D7, 0xCDF7,
    0xEDB6, 0xFEDA, 0xD5F6, 0xEEBA, 0xFFBE, 0xFFDF, 0xFFDE, 0xFFFF, 0xEEFB, 0xF79E, 0xFFFF, 0xF71B,
    0xF6DA, 0xF6DA, 0xF6BA, 0xF6BA, 0xF6B9, 0xF6BA, 0xF6BA, 0xF6BA, 0xF6DA, 0xF6FA, 0xCD75, 0xF6DA,
    0xF71B, 0xEE79, 0xF679, 0xFF1B, 0xE6BA, 0xD69A, 0xF75D, 0xDEBC, 0xF77E, 0xFFDF, 0xF75D, 0xEF1C,
    0xE6FC, 0xEF3C, 0xEF1C, 0xE6FC, 0xC63B, 0xCE18, 0xD6DC, 0xFFFF, 0xA514, 0x2127, 0x634F, 0xEFBE,
    0xE7BF, 0xE7BF, 0xE7BF, 0xE7BF, 0xD7BF, 0xD7BF, 0xE7DF, 0xC7BF, 0xB79F, 0xD7DF, 0xFFFF, 0xFFFF,
    0xFFFF, 0xEFBF, 0xDFBF, 0xB79E, 0xBF9F, 0xCFBF, 0xC7BF, 0xC7BF, 0xC7BF, 0xC73C, 0xBE98, 0xD615,
    0xFF5C, 0xEE96, 0xFFD9, 0xFF78, 0xFF79, 0xFFBA, 0xFFDC, 0xEF7B, 0xD6FA, 0xE77D, 0xDF9D, 0xE75B,
    0xE71A, 0xE65A, 0xC474, 0xB5D5, 0xEDF9, 0xDDB4, 0xC4B0, 0xC3D2, 0xAB70, 0xCCB4, 0xB473, 0xC534,
    0xDD95, 0xE595, 0xBC91, 0xB40F, 0xEE78, 0xFF9C, 0xFDD5, 0xDD53, 0xC4CC, 0xC570, 0xC7DF, 0xCFFF,
    0xC7DF, 0xC7FF, 0xCFDF, 0xCFFF, 0xC7BE, 0xD75C, 0xEF59, 0xCEB7, 0xBDF4, 0xD6F9, 0x7454, 0x8D58,
    0xFFFF, 0xFFFF, 0xEFBF, 0xE7BF, 0xE7BF, 0xE7BF, 0xEFBF, 0xE7DF, 0xE7DF, 0xEFBF, 0xEFDF, 0xEFDF,
    0xE7BF, 0xEFBF, 0xEFBF, 0xE7BF, 0xEFDF, 0xEFDF, 0xEFDF, 0xF7DF, 0xFFFF, 0x8579, 0x126F, 0x226E,
    0x22CF, 0x09AA, 0xCE58, 0xFFDD, 0xD678, 0xDF1D, 0xD6FC, 0xDEFC, 0xFFDF, 0xF79E, 0xD6BB, 0xBDF9,
    0xC639, 0xEF7D, 0xFFFF, 0xFFFF, 0xFFFF, 0xFFFF, 0xFFFF, 0xE75E, 0xD71E, 0xD71D, 0xD6FD, 0xD71E,
    0xE77E, 0xBEBD, 0xAE1A, 0x8572, 0x9553, 0x7B50, 0x8412, 0x963C, 0x95F9, 0x9DD3, 0x9DD4, 0x9DD2,
    0xA659, 0x9474, 0x934E, 0xA557, 0xB6DC, 0xB633, 0xBE53, 0xBE32, 0xBE99, 0xB69C, 0xB67B, 0xB69C,
    0x8D99, 0x8E7C, 0x863C, 0x657A, 0x75FB, 0x7E1B, 0x7DDA, 0x85BA, 0x7539, 0x64B8, 0x5477, 0x5436,
    0xA71D, 0xA71D, 0xA71D, 0xA71D, 0x9F5E, 0x9515, 0xACD5, 0xA516, 0xAD37, 0x6B91, 0x4ACE, 0x4AAD,
    0x21A9, 0x21AA, 0x428C, 0x29A9, 0x5AED, 0x5B50, 0x5AEE, 0x9CF6, 0x7C12, 0x426C, 0x29C9, 0x424C,
    0x424C, 0x2188, 0x320B, 0x2188, 0x2168, 0x2168, 0x2187, 0x29A9, 0x29CA, 0x1907, 0x9D96, 0xDDF7,
    0xF5F8, 0xFEFA, 0xD5F6, 0xEE99, 0xFF7D, 0xFFDE, 0xFFDE, 0xFFDF, 0xF73C, 0xEF1B, 0xFFFF, 0xF71B,
    0xF6DA, 0xF6B9, 0xF6B9, 0xF6B9, 0xF6B9, 0xF6B9, 0xF6B9, 0xF6BA, 0xF6BA, 0xFEFA, 0xCD55, 0xF679,
    0xF71B, 0xF71A, 0xE658, 0xEDF7, 0xCDD8, 0xEF3D, 0xEF3D, 0xE6DC, 0xF7BE, 0xFFFF, 0xF7BE, 0xEF3D,
    0xDEDB, 0xEF3D, 0xEEFC, 0xEEFC, 0xDEBB, 0xE6FC, 0xF75D, 0xBE19, 0xEF9E, 0x73B0, 0x298A, 0x8452,
    0xFFFF, 0xE7BF, 0xE7BF, 0xDFBF, 0xBF9F, 0xBF9E, 0xB7BF, 0xBF9F, 0xC7BE, 0xFFFF, 0xFFFF, 0xFFFF,
    0xFFFF, 0xEFDF, 0xDFBF, 0xCFBF, 0xD7DF, 0xE7DF, 0xD7DF, 0xCFFF, 0xBF1C, 0xCE98, 0xC657, 0xBDB4,
    0xF71A, 0xE675, 0xFFFB, 0xF757, 0xFF98, 0xFF98, 0xFF98, 0xFFBA, 0xFF9A, 0xF738, 0xFF58, 0xFF99,
    0xEF17, 0xD575, 0xC4F1, 0xCD0F, 0xDD76, 0xEE73, 0xCD0C, 0xBC6E, 0x9B4F, 0xBBF2, 0x926B, 0xBC0F,
    0xFE98, 0xF657, 0xD678, 0xD6BA, 0xBDB6, 0xC637, 0xCE37, 0xD594, 0xD4AB, 0xBE97, 0xCFFF, 0xCFDF,
    0xCFFF, 0xCFDF, 0xCFFF, 0xC79E, 0xE75C, 0xFFBB, 0xFFB9, 0xFFD9, 0xF717, 0xDDB0, 0xC571, 0x94F3,
    0xE75D, 0xFFFF, 0xEFBF, 0xE7BF, 0xE7DF, 0xE7BF, 0xE7BF, 0xEFBF, 0xE7BF, 0xE7BF, 0xEFDF, 0xFFFF,
    0xEFDF, 0xE7BF, 0xEFDF, 0xEFDF, 0xFFFF, 0xFFFF, 0xFFFF, 0xFFFF, 0xF7DF, 0xE79E, 0x74B6, 0x1A4D,
    0x11CB, 0x0949, 0xC5D6, 0xEF1A, 0xDEDB, 0xFFFF, 0xCE9A, 0xFFBE, 0xFFFF, 0xFFFF, 0xFFBE, 0xEF7D,
    0xCE9B, 0xA598, 0xADD9, 0xCEDC, 0xE75E, 0xEF7E, 0xCEDD, 0xBE9C, 0xC6BC, 0xC6BC, 0xBE7C, 0xCEDD,
    0xD71D, 0x95B9, 0x8D79, 0x963A, 0x9577, 0x834F, 0x8D38, 0x963D, 0x95F9, 0x95D3, 0x9DD4, 0x9DD3,
    0x9DF5, 0x9412, 0x9CF6, 0xAEDD, 0xAE5B, 0xB633, 0xB612, 0xB657, 0xB69C, 0xAE7B, 0xAE7B, 0x9DFA,
    0x7DBA, 0x96DD, 0x867C, 0x7DFB, 0x7559, 0x7559, 0x6D39, 0x64D8, 0x5457, 0x4C37, 0x5456, 0x5C97,
    0xAF3E, 0xA71E, 0xA71D, 0xA75E, 0x9E5A, 0xA494, 0xAD16, 0xAD16, 0xA4D5, 0x52EE, 0x52EF, 0x424B,
    0x21A9, 0x29CA, 0x428C, 0x31E9, 0x634F, 0x530F, 0x73B1, 0x94B5, 0x6350, 0x29C9, 0x31EA, 0x426D,
    0x320A, 0x2189, 0x320B, 0x1947, 0x2169, 0x2169, 0x2188, 0x2189, 0x29CA, 0x1927, 0x9555, 0xDDD7,
    0xF659, 0xFEFA, 0xDDF6, 0xEE99, 0xFF3C, 0xFF9D, 0xFFBE, 0xFFDF, 0xFF9D, 0xE6DA, 0xFFFF, 0xF71B,
    0xF6DA, 0xF6B9, 0xF6B9, 0xF6B9, 0xF6B9, 0xF6B9, 0xF6B9, 0xF6B9, 0xF6BA, 0xFEFB, 0xD575, 0xEE18,
    0xF6FB, 0xF6FB, 0xF71B, 0xBD96, 0xE6FC, 0xE6FC, 0xEF1C, 0xE6FC, 0xFFFF, 0xFFFF, 0xFFDF, 0xF79E,
    0xDEBB, 0xEF3D, 0xEF1C, 0xE6FB, 0xEF1C, 0xEF1C, 0xE6DB, 0xCE19, 0xA536, 0xB5F8, 0x39CA, 0x3A2C,
    0xAD97, 0xF7FF, 0xD79F, 0xD7DF, 0xE7BF, 0xE7DF, 0xD7BF, 0xB79E, 0xD7DF, 0xF7DF, 0xEFDF, 0xEFDF,
    0xEFDF, 0xEFDF, 0xEFBF, 0xFFFF, 0xFFFF, 0xEFFF, 0xDFDF, 0xCFDF, 0xCFDF, 0xC75D, 0xC699, 0xBE57,
    0xD699, 0xE5F3, 0xF6B4, 0xF693, 0xFF98, 0xFFDA, 0xFFDA, 0xFF77, 0xFF57, 0xFF98, 0xF757, 0xEE74,
    0xEE94, 0xCD71, 0xD590, 0xB48E, 0xE655, 0xFF56, 0xD551, 0xE698, 0xEF7C, 0xD5F6, 0xC4D2, 0xE6B9,
    0xDE99, 0xC659, 0xB596, 0xC617, 0xE698, 0xE678, 0xB575, 0x7C73, 0xC54F, 0xCE55, 0xC7FF, 0xCFDF,
    0xCFFF, 0xCFDF, 0xC7FF, 0xD75D, 0xFFBC, 0xFF57, 0xFF99, 0xFF99, 0xFFDA, 0xF779, 0xF737, 0xF737,
    0xD655, 0xF77D, 0xF7FF, 0xE7BF, 0xE7BF, 0xE7BF, 0xEFDF, 0xE7DF, 0xEFBF, 0xEFDF, 0xF7FF, 0xFFFF,
    0xFFFF, 0xEFDF, 0xF7FF, 0xFFFF, 0xFFFF, 0xFFFF, 0xFFFF, 0xEFDF, 0xEFBF, 0xEFDF, 0xF7FF, 0xC6BB,
    0xA597, 0x9D76, 0xBD74, 0xDEDB, 0xFFFF, 0xBE3A, 0xCE9B, 0xFFDF, 0xFFFF, 0xFFFF, 0xFFFF, 0xE71C,
    0xDEFB, 0xC65B, 0xC65B, 0xADD9, 0xA5B8, 0xA5B9, 0xA5D9, 0xA5FA, 0xA5FA, 0xA5FA, 0x9DD9, 0xCEDC,
    0xAE1A, 0x9DB9, 0x8DB9, 0x963D, 0x8D79, 0x83D2, 0x963C, 0x961C, 0x961A, 0x95D4, 0x95D4, 0x9DF3,
    0x9DD5, 0x9578, 0x961A, 0x961B, 0xA63B, 0x9D93, 0xAE36, 0xAE7C, 0xAE5B, 0xA65B, 0xAE5B, 0x8579,
    0x969C, 0x9EBD, 0x9E7C, 0x7DBA, 0x64F8, 0x64D8, 0x64F8, 0x5CB8, 0x5C97, 0x64B7, 0x64B7, 0x5C97,
    0xAF3D, 0xA73D, 0xA71D, 0xAF5E, 0x9D15, 0xACD5, 0xAD16, 0xAD37, 0x8C34, 0x4AAE, 0x52EF, 0x31EA,
    0x21A9, 0x29EA, 0x428C, 0x3A4A, 0x6B70, 0x52CD, 0x8412, 0x8433, 0x4ACE, 0x29A9, 0x320B, 0x428D,
    0x29C9, 0x21A9, 0x29EA, 0x1967, 0x2189, 0x2188, 0x29A8, 0x2189, 0x29A9, 0x1948, 0x84F4, 0xE5B7,
    0xF699, 0xFEFA, 0xDDF7, 0xE678, 0xFF1B, 0xFF5C, 0xFF9D, 0xFFBE, 0xFFBE, 0xE6DA, 0xFFBE, 0xFF1B,
    0xF6BA, 0xF6BA, 0xF6B9, 0xF6B9, 0xF6B9, 0xF6B9, 0xF6B9, 0xF6B9, 0xF6B9, 0xFF1A, 0xD5B5, 0xE596,
    0xFF1B, 0xEEDA, 0xCDF7, 0xE71C, 0xF75D, 0xDEBB, 0xDEBB, 0xEF3C, 0xFFFF, 0xFFDF, 0xFFFF, 0xFFFF,
    0xDEDB, 0xDEFC, 0xF75E, 0xEF1C, 0xDE9A, 0xB598, 0xB577, 0xE6FC, 0xAD56, 0xBE19, 0x52CD, 0x420B,
    0x4ACE, 0xD6FB, 0xF7FF, 0xE7BF, 0xEFBF, 0xF7DF, 0xE7BF, 0xDFBE, 0xEFDF, 0xEFDF, 0xE7BF, 0xEFBF,
    0xEFBF, 0xE7BF, 0xE7BF, 0xEFBF, 0xFFFF, 0xFFFF, 0xDFDF, 0xDFDF, 0xDFFF, 0xC6FB, 0xCEB9, 0xBF1B,
    0xBD95, 0xB6B9, 0xBEFA, 0xBEFA, 0xCE75, 0xE694, 0xE652, 0xDDD0, 0xD54E, 0xDDB0, 0xDDF1, 0xE5F1,
    0xEDF0, 0xEE31, 0xE5F2, 0xDD8F, 0xE673, 0xF779, 0xF778, 0xE5D5, 0xFF3B, 0xD5D6, 0xBD35, 0x9CD4,
    0x9D36, 0x7A8B, 0xB451, 0xFF7C, 0xFE37, 0xF5D6, 0xFE37, 0xD492, 0xACB0, 0xDE34, 0xC7FF, 0xCFDF,
    0xCFDF, 0xCFFF, 0xC77D, 0xF79D, 0xF6D6, 0xFF57, 0xFFB9, 0xFF99, 0xFF99, 0xFFB9, 0xFFBA, 0xFFBA,
    0xF737, 0xE6B6, 0xFFBF, 0xFFFF, 0xEFDF, 0xEFDF, 0xD7BD, 0xDFBE, 0xEFDF, 0xB71D, 0xB6FD, 0xDF9E,
    0xEFDF, 0xF7DF, 0xFFFF, 0xFFFF, 0xFFFF, 0xFFFF, 0xF7DF, 0xFFFF, 0xF7DF, 0xE7BF, 0xE7BF, 0xFFFF,
    0xDF3C, 0xD6B9, 0xDEFB, 0xFFFF, 0xF7BE, 0xADB8, 0xF79E, 0xF79E, 0xFFFF, 0xFFFF, 0xF7BE, 0xB5B7,
    0xC63B, 0xC69B, 0xCE9B, 0xCEBC, 0xCEBC, 0xCE9B, 0xBE3A, 0xBE3A, 0xB63A, 0xB61A, 0xBE5A, 0xDF3D,
    0xB67C, 0xCF3F, 0xAE3A, 0x8E1B, 0x8D58, 0x8D17, 0x8E3C, 0x85DB, 0x85DA, 0x8D93, 0x95D4, 0x8D94,
    0xA61A, 0xC6DC, 0x9D97, 0xB65A, 0xC69B, 0x9577, 0xA63B, 0xA65B, 0xA63B, 0xA65B, 0x95DA, 0x85FA,
    0x969C, 0x863B, 0x7E1B, 0x759A, 0x6D19, 0x64D8, 0x6D18, 0x6CF8, 0x64B8, 0x5C97, 0x5477, 0x5456,
    0xAF3D, 0xA71D, 0xB77F, 0xAE9A, 0xA4B4, 0xAD37, 0xA516, 0xAD37, 0x6B91, 0x52CE, 0x4AAD, 0x29A9,
    0x29CA, 0x320B, 0x428C, 0x52EC, 0x6350, 0x4AAD, 0x8412, 0x6B91, 0x3A6C, 0x29C9, 0x3A0B, 0x426C,
    0x2188, 0x29EA, 0x21A9, 0x1988, 0x1969, 0x21A8, 0x29C9, 0x2189, 0x29A9, 0x2168, 0x74B3, 0xE5D7,
    0xFEDA, 0xFEFA, 0xE658, 0xDDF7, 0xFF1B, 0xF71B, 0xFF5C, 0xFF9D, 0xFFBE, 0xEEFB, 0xF75D, 0xFF3C,
    0xF6BA, 0xF6BA, 0xF6B9, 0xF6B9, 0xF6B9, 0xF6B9, 0xF6B9, 0xF6B9, 0xF6B9, 0xFEFB, 0xD5D6, 0xED96,
    0xE658, 0xC5F8, 0xD67B, 0xD69B, 0xEF1C, 0xE6FC, 0xC5F9, 0xE71C, 0xFFFF, 0xFFDF, 0xFFDF, 0xFFDF,
    0xEF5D, 0xCE5A, 0xF79E, 0xB577, 0x94F7, 0xB5D9, 0xE6DC, 0xF79E, 0xFFDF, 0xCE59, 0x6BB0, 0x39EB,
    0x4A8D, 0x6BD1, 0xF7BE, 0xF7DF, 0xF7BF, 0xF7BF, 0xEFBF, 0xE7BF, 0xEFDF, 0xEFDF, 0xEFBF, 0xEFBF,
    0xEFBF, 0xE7BF, 0xEFBF, 0xE7BF, 0xF7DF, 0xFFFF, 0xF7FF, 0xE7FF, 0xDFDF, 0xD7FF, 0xCFFF, 0xB69A,
    0xB6BA, 0xC7FF, 0xBFFF, 0xC7FF, 0xBFBF, 0xBF3C, 0xBF3C, 0xBF3C, 0xBF7D, 0xBF7D, 0xBF5C, 0xBEB9,
    0xC634, 0xD5B1, 0xE5AF, 0xDD8E, 0xCD2E, 0xD56F, 0xE611, 0xE633, 0xB554, 0xBE7A, 0xB472, 0x724A,
    0x6A09, 0x7A6A, 0xA3CE, 0xFDF7, 0xDC51, 0xDC31, 0xECD3, 0xFD34, 0xED52, 0xEE94, 0xC77E, 0xCFFF,
    0xCFFF, 0xC7FF, 0xC635, 0xE633, 0xE6D6, 0xFFB9, 0xFFB9, 0xFFB9, 0xFFB9, 0xFF98, 0xFF98, 0xFFBA,
    0xFFDA, 0xEEF6, 0xCEF9, 0xC79E, 0xD79E, 0xDFBE, 0xC77D, 0xAF5C, 0xA71C, 0x7E3B, 0x75FB, 0x9E9D,
    0xEFBF, 0xFFFF, 0xFFFF, 0xFFFF, 0xFFFF, 0xFFFF, 0xFFFF, 0xFFFF, 0xF7FF, 0xE7BF, 0xEFDF, 0xD75E,
    0xC658, 0xEF7D, 0xFFFF, 0xFFFF, 0xD6DC, 0xC65A, 0xFFDF, 0xF79E, 0xFFDF, 0xFFFF, 0xD6DB, 0xB61A,
    0xCE9C, 0xC67B, 0xCE9B, 0xCE9C, 0xCEBC, 0xCEBC, 0xCEBC, 0xCEBC, 0xCEBC, 0xCEBC, 0xE75E, 0xD6FD,
    0xBE5B, 0xC6BC, 0xA5F9, 0x85B9, 0x95B9, 0x95FA, 0xAE3A, 0xB67B, 0xC6DC, 0xCEDB, 0xB619, 0x9577,
    0x9DB8, 0x8537, 0x8D77, 0xAE1A, 0x8DB9, 0x95FB, 0xA63C, 0x9E3B, 0x9E3B, 0xA63B, 0x7D78, 0x8E5C,
    0x8EBE, 0x8E5C, 0x8E3B, 0x8E1A, 0x7D7A, 0x64D8, 0x5C97, 0x5C77, 0x5C97, 0x5C97, 0x5C97, 0x5C97,
    0xAF3D, 0xB75E, 0xC79E, 0xA536, 0xACF6, 0xA516, 0x9494, 0xA4F6, 0x52EE, 0x530E, 0x426C, 0x29A9,
    0x29CA, 0x320B, 0x532E, 0x6BD0, 0x5B0F, 0x426C, 0x7BF2, 0x5B2F, 0x3A4C, 0x31EA, 0x3A2B, 0x3A4B,
    0x1968, 0x320B, 0x2188, 0x2189, 0x1968, 0x29E9, 0x29C9, 0x1989, 0x29AA, 0x2168, 0x74B3, 0xE5F7,
    0xFEDA, 0xF6DA, 0xEE99, 0xD5D6, 0xFEFB, 0xF6DA, 0xF71B, 0xF75C, 0xFF9D, 0xEF1B, 0xEF3C, 0xFF5C,
    0xF6B9, 0xF6BA, 0xF6B9, 0xF6B9, 0xF6B9, 0xF6B9, 0xF6B9, 0xF6B9, 0xF6B9, 0xFEFA, 0xDDF6, 0xBCD3,
    0xB5B8, 0xBDFA, 0xBDFA, 0xB5DA, 0xC63A, 0xEF3D, 0xB598, 0xDEBB, 0xFFFF, 0xFFBF, 0xF7BE, 0xF7BE,
    0xF77D, 0xCE5A, 0xAD57, 0x94F7, 0xBDFA, 0xEEFC, 0xEF1C, 0xDEBA, 0x9D16, 0x8CB7, 0x634F, 0x3A2B,
    0x52EE, 0x4ACF, 0x9D15, 0xFFFF, 0xEFBF, 0xF7BF, 0xEFDF, 0xEFDF, 0xF7DF, 0xEFDF, 0xEFDF, 0xEFBF,
    0xEFBF, 0xE7BF, 0xEFDF, 0xE7BF, 0xEFBF, 0xEFDF, 0xE7DF, 0xE7DF, 0xD7DF, 0xC7DF, 0xC7BF, 0xC7DF,
    0xC7FF, 0xC7DF, 0xC7DF, 0xC7DF, 0xC7DF, 0xC7FF, 0xC7FF, 0xC7FF, 0xC7FF, 0xC7FF, 0xC7FF, 0xC7FF,
    0xC7FF, 0xC7BF, 0xBF3C, 0xBF1B, 0xBF7D, 0xC698, 0xC591, 0xAD11, 0xA576, 0xD679, 0xE679, 0x9AEB,
    0x8B4E, 0x9C31, 0x8ACB, 0xD451, 0xE492, 0xE492, 0xD411, 0xDC51, 0xED53, 0xFEB4, 0xCE76, 0xC7DF,
    0xC7BF, 0xBEFA, 0xDE95, 0xF778, 0xFFDA, 0xFFDA, 0xFFB9, 0xEF17, 0xE6F8, 0xE6F9, 0xE6D8, 0xDE96,
    0xFF78, 0xFF98, 0xC6B7, 0x9F1B, 0x9EDC, 0x9E9C, 0x9EDC, 0x8E9C, 0x7E1B, 0x7DFB, 0x7DFB, 0x8E1B,
    0xAE9C, 0xBEBC, 0xEFBF, 0xFFFF, 0xFFFF, 0xFFFF, 0xFFFF, 0xFFFF, 0xF7FF, 0xEFDF, 0xDF7E, 0xE75D,
    0xDED9, 0xE75D, 0xEF9E, 0xE75E, 0xBE3A, 0xD6BB, 0xFFDF, 0xF79E, 0xFFFF, 0xFFDF, 0xC65A, 0xC65B,
    0xC67B, 0xC69B, 0xCE9C, 0xCEBC, 0xD6DC, 0xD6DC, 0xD6DD, 0xD6DD, 0xC67B, 0xB61A, 0xDF1D, 0xC67A,
    0xD6DB, 0xDF1C, 0xDF1C, 0xE75D, 0xF7DF, 0xFFFF, 0xFFDF, 0xFFDF, 0xE75D, 0xB619, 0x9577, 0xB639,
    0x7D17, 0x7D59, 0x8537, 0x95B8, 0xB63A, 0x9DD9, 0x9E1B, 0x9E3B, 0xA63C, 0x8579, 0x7DFB, 0x969D,
    0x96BD, 0x8E3B, 0x8E1B, 0x85DA, 0x7559, 0x5C97, 0x6498, 0x6CF8, 0x6CF8, 0x64B7, 0x5C77, 0x5C77,
    0xAF1D, 0xBFBF, 0xAE39, 0xA4D5, 0xB578, 0x8413, 0x9494, 0x8C54, 0x4AAE, 0x530F, 0x320A, 0x29CA,
    0x29CA, 0x320B, 0x8C93, 0x73F2, 0x4ACE, 0x3A4B, 0x73D1, 0x52EE, 0x3A2B, 0x320A, 0x3A4B, 0x31EA,
    0x2188, 0x29EA, 0x2188, 0x21A9, 0x1968, 0x322A, 0x29C9, 0x2189, 0x29AA, 0x2168, 0x7514, 0xE5B6,
    0xFEDA, 0xF6DA, 0xF6FA, 0xDDD6, 0xF6B9, 0xF6DA, 0xF6FA, 0xF71B, 0xFF3C, 0xF73C, 0xE6DB, 0xFF7D,
    0xF6BA, 0xF6BA, 0xF6B9, 0xF6B9, 0xF6B9, 0xF6B9, 0xF6B9, 0xF6B9, 0xF6B9, 0xFEFA, 0xDDF6, 0x9CF6,
    0xB5DA, 0xAD79, 0xB5DA, 0xBDDA, 0xAD9A, 0xCE7C, 0xBDF9, 0xCE7A, 0xFFFF, 0xF79E, 0xF79E, 0xF79E,
    0xF75D, 0xE6FC, 0xADBA, 0x8C95, 0xCE19, 0xF75D, 0xCE18, 0x8454, 0x8CB8, 0x9519, 0x84B5, 0x420A,
    0x530F, 0x63B2, 0x5B50, 0xCE7A, 0xFFFF, 0xF7BF, 0xFFFF, 0xFFFF, 0xEFDF, 0xE7BF, 0xE7BF, 0xEFBF,
    0xEFBF, 0xE7BF, 0xE7BF, 0xEFDF, 0xE7BF, 0xE7BF, 0xDFBF, 0xCFBF, 0xC7BF, 0xC7DF, 0xC7DF, 0xC7BF,
    0xC7BF, 0xC7DF, 0xC7DF, 0xC7DF, 0xC7DF, 0xC7DF, 0xC7DF, 0xC7DF, 0xC7DF, 0xC7DF, 0xC7DF, 0xC7DF,
    0xC7DF, 0xCFFF, 0xCFFF, 0xCFFF, 0xCFFF, 0xC7FF, 0xCFFF, 0xB75D, 0xE6DB, 0xF6B9, 0xCC51, 0xBC30,
    0x732E, 0x83F1, 0x5167, 0xAB2D, 0xD451, 0xCC31, 0xC410, 0xCBF0, 0xD4F1, 0xFF57, 0xFEF6, 0xDF3A,
    0xCE77, 0xEF37, 0xFF99, 0xFF17, 0xF6D6, 0xDE33, 0xC550, 0xEF5C, 0xFFDF, 0xFFFF, 0xFFFF, 0xF79E,
    0xAD74, 0xC570, 0xDE95, 0x8E9B, 0x865B, 0x861B, 0x8E1A, 0x8DBA, 0x8D99, 0x95B9, 0x95B9, 0x8DB9,
    0x8D99, 0x7D37, 0xBEBC, 0xFFFF, 0xFFFF, 0xFFFF, 0xFFFF, 0xF7FF, 0xEFDF, 0xE7BF, 0xD6FC, 0xFFFE,
    0xF7BB, 0xCE79, 0xCEDC, 0xBE7B, 0xC659, 0xFFBE, 0xF7BE, 0xF7BE, 0xF7BE, 0xF7BE, 0xB5F9, 0xCE9C,
    0xC67B, 0xCE9B, 0xCE9C, 0xC67B, 0xBE5A, 0xBE3A, 0xB61A, 0xADD8, 0xC69A, 0xE75D, 0xFFDF, 0xFFDF,
    0xFFFF, 0xFFFF, 0xFFFF, 0xFFFF, 0xFFFF, 0xF7DF, 0xEF9E, 0xD6FC, 0x8D56, 0x95B7, 0xADF9, 0x8579,
    0x85BA, 0x8DBA, 0x7517, 0x7D37, 0xA5F9, 0x8D78, 0x963B, 0x9E3B, 0x95DB, 0x7599, 0x969D, 0x965C,
    0x965B, 0x8DFB, 0x7DBA, 0x759A, 0x7559, 0x7539, 0x6D18, 0x64F8, 0x5CB7, 0x5CD8, 0x6519, 0x6519,
    0xAF5E, 0xAF3D, 0x9CD5, 0xAD37, 0xAD37, 0x6370, 0xA516, 0x6B91, 0x52CE, 0x52EE, 0x29CA, 0x29CA,
    0x21AA, 0x4AAE, 0xA556, 0x6370, 0x428D, 0x3A4B, 0x6B90, 0x4ACE, 0x3A2B, 0x3A0B, 0x3A2B, 0x21A8,
    0x21CA, 0x29C9, 0x2189, 0x2189, 0x1968, 0x428B, 0x21A9, 0x2189, 0x21A9, 0x2188, 0x9596, 0xE5B6,
    0xFEB9, 0xF6FA, 0xFF1A, 0xE637, 0xE638, 0xFEFA, 0xF6DA, 0xF6DA, 0xF6FB, 0xF71B, 0xE6BA, 0xFF9E,
    0xF6DA, 0xF6BA, 0xF6B9, 0xF6B9, 0xF6B9, 0xF6B9, 0xF6B9, 0xF6B9, 0xF6B9, 0xFEFA, 0xDE17, 0xA537,
    0xAD99, 0xAD99, 0xB5BA, 0xADBA, 0xB5BA, 0xB5DA, 0xBDD9, 0xD69B, 0xFFDF, 0xF77E, 0xFFDF, 0xEF3D,
    0xCE39, 0xBDD8, 0xB5B8, 0xC619, 0xE6FB, 0xAD77, 0x9D17, 0x8CB6, 0xADBA, 0xA558, 0xB619, 0x426B,
    0x422C, 0x6BF3, 0x63F3, 0x7C12, 0xFFDF, 0xF7BF, 0xFFFF, 0xFFFF, 0xE7BF, 0xEFBF, 0xEFBF, 0xEFBF,
    0xE7BF, 0xEFBF, 0xF7DF, 0xF7FF, 0xF7FF, 0xDFDF, 0xCFDF, 0xC7DF, 0xC7DF, 0xC7DF, 0xC7DF, 0xC7BF,
    0xC7DF, 0xC7DF, 0xC7DF, 0xC7DF, 0xC7DF, 0xC7DF, 0xC7DF, 0xC7DF, 0xC7DF, 0xC7DF, 0xC7DF, 0xC7DF,
    0xC7DF, 0xC7DF, 0xC7DF, 0xC7DF, 0xCFDF, 0xCFDF, 0xCFDF, 0xC7FF, 0xDE59, 0xECF4, 0xE492, 0xEC92,
    0x7209, 0x62ED, 0x9452, 0x928B, 0xDD55, 0xEDF7, 0xBC10, 0xE555, 0xD4F3, 0xCD71, 0xF694, 0xEEB5,
    0xE674, 0xE674, 0xDE33, 0xD5D1, 0xD590, 0xCD2D, 0xCD91, 0xFFFF, 0xFFFF, 0xFFFF, 0xFFDF, 0xFFFF,
    0x9E3B, 0x6392, 0x9555, 0x861B, 0x9E1A, 0xA65B, 0x95FA, 0x9599, 0x8D99, 0x95B9, 0x95B9, 0x95B9,
    0x95B9, 0x9598, 0xA5D9, 0xFFFF, 0xFFFF, 0xFFFF, 0xFFFF, 0xF7DF, 0xEFDF, 0xD6FC, 0xF7BE, 0xFFFE,
    0xFFFC, 0xF79B, 0xA576, 0xD6BB, 0xEF7D, 0xEF9D, 0xFFDF, 0xF79E, 0xF7DF, 0xE73D, 0xB5D9, 0xCEBC,
    0xCE9B, 0xC67B, 0xBE5A, 0xC67B, 0xCEBC, 0xC69C, 0xB619, 0xDF1C, 0xFFFF, 0xFFFF, 0xFFDF, 0xFFBE,
    0xFFDE, 0xFFDF, 0xF7DF, 0xFFFF, 0xEF9E, 0xEF9E, 0xC69A, 0x8536, 0xA63A, 0x9DB8, 0x7538, 0x8DFB,
    0x8DFB, 0x859A, 0x7D58, 0x74F6, 0x9DF9, 0xA5F9, 0x8DDA, 0x9E3C, 0x7D79, 0x967C, 0x967C, 0x8E3C,
    0x861B, 0x85FB, 0x85BA, 0x7D7A, 0x7559, 0x6D18, 0x5CB7, 0x5CB7, 0x6D39, 0x75BA, 0x6D7A, 0x6D39,
    0xCFDF, 0xADB7, 0xA4F6, 0xB578, 0x8C54, 0x6B70, 0xA517, 0x52EF, 0x530F, 0x4AAD, 0x29A9, 0x29EA,
    0x1969, 0x7C73, 0x94D4, 0x5B10, 0x322B, 0x3A4B, 0x6350, 0x4ACE, 0x3A2B, 0x3A2B, 0x320A, 0x1988,
    0x29EA, 0x2189, 0x21A9, 0x2189, 0x1968, 0x4AEC, 0x2189, 0x2189, 0x21A9, 0x2188, 0x95D7, 0xD596,
    0xFE79, 0xF6FA, 0xF6FA, 0xF6B9, 0xDDF7, 0xFEFA, 0xF6DA, 0xF6DA, 0xF6DA, 0xFF1B, 0xE679, 0xF77D,
    0xFEFA, 0xF6BA, 0xF6BA, 0xF6B9, 0xF6B9, 0xF6B9, 0xF6B9, 0xF6B9, 0xF6B9, 0xFEDA, 0xE657, 0xA517,
    0x9D38, 0xB5BA, 0xB5BA, 0xB5BA, 0xB5BA, 0xB5DA, 0xA579, 0xD69A, 0xFFDF, 0xF79E, 0xC639, 0xA537,
    0xAD98, 0xDE9A, 0xF73C, 0xDE9A, 0xA516, 0xA579, 0xAD99, 0x8CB6, 0xB5BA, 0xA558, 0xDF1C, 0x52CD,
    0x31CA, 0x52AD, 0x7434, 0x5B70, 0xCE9A, 0xFFFF, 0xF7BF, 0xF7DF, 0xEFBF, 0xE7BF, 0xE7BF, 0xE7BF,
    0xE7BF, 0xEFDF, 0xFFFF, 0xFFFF, 0xFFFF, 0xD79E, 0xDFFF, 0xCFDF, 0xC7DF, 0xCFDF, 0xC7DF, 0xC7BF,
    0xC7BF, 0xC7DF, 0xC7DF, 0xC7DF, 0xC7DF, 0xC7DF, 0xC7DF, 0xC7DF, 0xC7DF, 0xC7DF, 0xC7DF, 0xC7DF,
    0xC7FF, 0xC7FF, 0xC7DF, 0xCFFF, 0xCFFF, 0xCFFF, 0xCFDF, 0xCFFF, 0xBDD7, 0xD3AF, 0xDC31, 0xCC10,
    0xCC51, 0xBD36, 0xC535, 0xE5B6, 0xD4B3, 0xDD13, 0xD491, 0xD4B2, 0xCC92, 0xA2AC, 0xCCED, 0xDD4E,
    0xD52D, 0xD54E, 0xDD4E, 0xDD8F, 0xE5F1, 0xD56E, 0xD614, 0xFFFF, 0xFFFF, 0xFFFF, 0xFFFF, 0xD75E,
    0x8E5B, 0x7455, 0x7D38, 0xAEBB, 0xA63A, 0x95D9, 0x9E1A, 0x95B9, 0x8D99, 0x95B9, 0x95B9, 0x95B9,
    0x95D9, 0x95D9, 0x8D98, 0xDF1D, 0xFFFF, 0xFFFF, 0xFFFF, 0xFFFF, 0xE75D, 0xE75D, 0xFFFF, 0xFFDD,
    0xFFFC, 0xF77B, 0xDEDA, 0xFFFF, 0xCEBC, 0xF79E, 0xFFDF, 0xF79E, 0xFFFF, 0xC69B, 0xADD9, 0xD6DC,
    0xCE9B, 0xC67B, 0xC67C, 0xC69C, 0xC67B, 0xCEBB, 0xF79E, 0xFFFF, 0xFFBE, 0xFFDF, 0xF7BE, 0xF7BE,
    0xF7BE, 0xF7BF, 0xF7DF, 0xE75D, 0xEF9E, 0xA5D8, 0x8D57, 0xAE5B, 0x9DD8, 0x7D78, 0x961B, 0x8DD9,
    0x8DDA, 0x85BA, 0x7D38, 0x9598, 0xA5F9, 0x8D98, 0x965C, 0x859A, 0x85FA, 0x969C, 0x8E5C, 0x8E3C,
    0x8E1C, 0x85DB, 0x7D9A, 0x757A, 0x6D19, 0x64D8, 0x64F8, 0x7559, 0x759A, 0x6D59, 0x6D39, 0x6D39,
    0xC69A, 0xA4D5, 0xAD57, 0xB558, 0x6370, 0x8432, 0x9494, 0x4ACE, 0x530F, 0x3A4B, 0x29CA, 0x29EA,
    0x21A9, 0xB618, 0x6BB1, 0x5B30, 0x21A9, 0x3A2B, 0x634F, 0x4ACE, 0x3A4B, 0x3A2B, 0x21A9, 0x2189,
    0x29EA, 0x2189, 0x21AA, 0x1969, 0x21A9, 0x4B2E, 0x1968, 0x21A9, 0x21CA, 0x2188, 0x8E59, 0xC596,
    0xFE18, 0xF6FA, 0xF6DA, 0xFEFA, 0xE637, 0xEE99, 0xF6FA, 0xF6DA, 0xF6DA, 0xFEFB, 0xE658, 0xF75D,
    0xFEFB, 0xF6BA, 0xF6BA, 0xF6B9, 0xF6B9, 0xF6B9, 0xF6B9, 0xF6B9, 0xF6B9, 0xFEDA, 0xE658, 0x9CF6,
    0x9D38, 0xADBA, 0xADBA, 0xADBA, 0xADBA, 0xB5DA, 0xA558, 0xD67A, 0xEF5D, 0x9D16, 0x9D38, 0xC61B,
    0xF73D, 0xEEFB, 0xB597, 0x9CF7, 0xAD9A, 0xB5DB, 0x94D6, 0x94F8, 0xA559, 0xBE39, 0xEFBE, 0x4A8C,
    0x31CA, 0x424C, 0x52EE, 0x5BB2, 0x9D15, 0xFFFF, 0xE7BF, 0xEFBF, 0xEFDF, 0xE7BF, 0xEFBF, 0xD75D,
    0xEFDE, 0xE7DF, 0xC77D, 0xB6FB, 0x8E7A, 0xC71C, 0xCF7E, 0xCF7E, 0xC77E, 0xBF1D, 0xBF5E, 0xCFFF,
    0xCFDF, 0xC75E, 0xC7DF, 0xC7DF, 0xC7DF, 0xC7DF, 0xC7DF, 0xC7DF, 0xC7DF, 0xC7DF, 0xC7DF, 0xCFFF,
    0xCFFF, 0xCFFF, 0xCFFF, 0xCFFF, 0xCFFF, 0xCFFF, 0xCFFF, 0xC7DF, 0xCEB6, 0xDD50, 0xC471, 0xE5B6,
    0xFE18, 0xE575, 0xCC51, 0xDDD6, 0xCCF3, 0xE616, 0xFF1A, 0xFEFA, 0xCCD3, 0xCC6E, 0xE5B0, 0xE590,
    0xE5D0, 0xE5F0, 0xE5F1, 0xE612, 0xEE32, 0xD56E, 0xE6D9, 0xFFFF, 0xFFFF, 0xFFFF, 0xFFFF, 0xDF9E,
    0x9E7C, 0x8517, 0x7434, 0x9E1A, 0x9DFA, 0x9E1A, 0xA65A, 0x9DDA, 0x95B9, 0x95B8, 0x95B9, 0x95D9,
    0x95D9, 0x9DF9, 0x8DB8, 0xB65A, 0xFFFF, 0xFFFF, 0xFFFF, 0xDF9E, 0xDF1C, 0xFFFF, 0xFFFF, 0xFFDC,
    0xFFFC, 0xDF1A, 0xF79E, 0xEF7E, 0xC67A, 0xFFFF, 0xF7BE, 0xF7BE, 0xEF7D, 0xC69B, 0xC639, 0xC65A,
    0xCE9B, 0xCE9B, 0xD6FC, 0xDEFC, 0xE73D, 0xF79D, 0xEF7D, 0xEF7D, 0xFFDE, 0xEFBE, 0xE77D, 0xEF9E,
    0xEFBF, 0xEFBF, 0xE75D, 0xE75D, 0xC69A, 0x7515, 0x7493, 0xBE59, 0x95F9, 0x8DDA, 0x8DDA, 0x8DFA,
    0x8DD9, 0x85BA, 0x7D38, 0x8D98, 0x9DFA, 0x9DD9, 0x8599, 0x7579, 0x967C, 0x8E5C, 0x965C, 0x8E1B,
    0x85FB, 0x85DB, 0x7DBA, 0x6D39, 0x6D19, 0x7559, 0x7559, 0x6D39, 0x6D39, 0x6D59, 0x6D59, 0x6D59,
    0xA4F5, 0xAD37, 0xB557, 0x9CD6, 0x4ACE, 0x9CD5, 0x73D2, 0x4ACE, 0x530F, 0x31EA, 0x29EA, 0x1948,
    0x6BD0, 0xADF8, 0x530F, 0x4AEE, 0x2188, 0x3A6C, 0x52CD, 0x4AAD, 0x3A4C, 0x320B, 0x2188, 0x21A9,
    0x29CA, 0x21A9, 0x21CA, 0x1968, 0x320A, 0x534E, 0x1948, 0x21A9, 0x21AA, 0x2188, 0xA6FB, 0xB5D7,
    0xF5B7, 0xF6DA, 0xF6DA, 0xF6DA, 0xF6D9, 0xE637, 0xF6DA, 0xF6DA, 0xF6DA, 0xFEFA, 0xE678, 0xEF5C,
    0xFF1B, 0xF6BA, 0xF6BA, 0xF6B9, 0xF6B9, 0xF6B9, 0xF6B9, 0xF6B9, 0xF6BA, 0xF6DA, 0xE678, 0x94D5,
    0xC61A, 0xBDFA, 0xAD99, 0xADBA, 0xAD9A, 0xB5BA, 0xA579, 0xC619, 0x9D36, 0x8C95, 0xBDDA, 0xEF3C,
    0xCE39, 0x9D16, 0xA559, 0xB5BA, 0xADBA, 0xAD99, 0x8476, 0x9D39, 0x9D37, 0xEFBF, 0xDF1C, 0x424B,
    0x31EA, 0x424C, 0x424B, 0x5B71, 0x8473, 0xF7FF, 0xE7BF, 0xEFBF, 0xEFBF, 0xEFDF, 0xD7BE, 0xC79C,
    0xB77C, 0xC7FC, 0x96FA, 0x969A, 0x965B, 0xD73D, 0x9E7B, 0xAE9C, 0xAEDD, 0xA67C, 0xAEDC, 0xBF9E,
    0xC79E, 0xB6DC, 0xBF9E, 0xCFFF, 0xC7FF, 0xC7FF, 0xC7FF, 0xC7DF, 0xC7FF, 0xCFFF, 0xCFFF, 0xCFFF,
    0xCFFF, 0xCFFF, 0xCFFF, 0xCFFF, 0xCFFF, 0xCFFF, 0xCFFF, 0xBF9E, 0xE737, 0xEE13, 0xCCD4, 0xBBEF,
    0xE534, 0xE5D6, 0xFF9C, 0xFFFE, 0xFFBD, 0xFFBD, 0xFF7C, 0xFFDD, 0xDEB9, 0xC4ED, 0xE58F, 0xDD8F,
    0xE5F1, 0xEE12, 0xE611, 0xEE12, 0xE5F0, 0xCD70, 0xF7BE, 0xFFFF, 0xFFFF, 0xFFFF, 0xF7DF, 0xFFFF,
    0xCF3D, 0x8DDA, 0x6BF3, 0x8D78, 0xAE7B, 0xA65A, 0xA63A, 0xA61A, 0x95D9, 0x95B9, 0x95D9, 0x95D9,
    0x9DF9, 0x9E1A, 0x9DF9, 0x9DF9, 0xCF1C, 0xBF1C, 0xBF5D, 0xAEBB, 0xFFDF, 0xFFFF, 0xFFFF, 0xFFDC,
    0xFFFC, 0xDEF9, 0xFFDF, 0xD6DB, 0xE73D, 0xFFFF, 0xF7BE, 0xFFDE, 0xADD8, 0xC6BC, 0xF7BE, 0xC63A,
    0xDF3E, 0xDF3D, 0xEF7D, 0xEF5D, 0xEF5D, 0xE75D, 0xEF7D, 0xE77D, 0xF7BE, 0xE75D, 0xEFBE, 0xF7BF,
    0xEF9E, 0xE77E, 0xDF3D, 0xDF1C, 0x8D97, 0x5472, 0xAE18, 0xA5D8, 0x7558, 0x8DFB, 0x8DFA, 0x8DFA,
    0x8DFA, 0x7D99, 0x7D58, 0x95B9, 0x9DD9, 0xAE5B, 0xB65B, 0x95FA, 0x863C, 0x965C, 0x8E3B, 0x8E1B,
    0x85FB, 0x7DBA, 0x759A, 0x7579, 0x7DBA, 0x7579, 0x6D59, 0x6D59, 0x6D59, 0x6D79, 0x6D79, 0x6D79,
    0xAD37, 0xA516, 0xB577, 0x73F2, 0x530E, 0xACF6, 0x5B30, 0x4AEE, 0x4AEE, 0x29C9, 0x29EA, 0x1968,
    0xC6BA, 0x7C32, 0x5B30, 0x3A6C, 0x21A9, 0x3A6C, 0x3A4B, 0x4AAD, 0x3A4C, 0x31EA, 0x1968, 0x21CA,
    0x21A9, 0x21A9, 0x21CA, 0x1948, 0x42CD, 0x534E, 0x1948, 0x21CA, 0x21A9, 0x21A9, 0xB73D, 0xB679,
    0xE575, 0xF699, 0xF6FA, 0xF6DA, 0xF6FA, 0xEE99, 0xEE78, 0xF6DA, 0xF6DA, 0xF6FA, 0xEE79, 0xE6FB,
    0xFF5C, 0xF6B9, 0xF6BA, 0xF6B9, 0xF6B9, 0xF6B9, 0xF6B9, 0xF6B9, 0xF6B9, 0xF6DA, 0xEE78, 0x94B5,
    0xD67A, 0xEEFC, 0xB5DA, 0xB5DA, 0xADBA, 0xAD9A, 0xAD9A, 0x8C75, 0xA538, 0x94F7, 0xC61A, 0xBDD8,
    0x8CB6, 0xB5DB, 0xADBA, 0xAD9A, 0xB5DA, 0x8CB6, 0x7C98, 0x8CB6, 0xD71C, 0xFFFF, 0xB5F8, 0x39EA,
    0x31A9, 0x426C, 0x424B, 0x426C, 0x7C54, 0xEFBE, 0xE7DF, 0xEFBF, 0xF7DF, 0xC79C, 0xB7BC, 0xA75B,
    0x96FB, 0xA73A, 0x867A, 0xC75D, 0xE77E, 0x9E5B, 0xAEBC, 0xA67B, 0x9E3A, 0x8DB9, 0x9DD9, 0xA69C,
    0x95F9, 0x9DF9, 0xB71D, 0xCFFF, 0xBF5D, 0xC7DF, 0xCFFF, 0xCFFF, 0xCFFF, 0xCFFF, 0xCFFF, 0xCFFF,
    0xCFFF, 0xCFFF, 0xCFFF, 0xCFFF, 0xCFFF, 0xCFDF, 0xCFFF, 0xC77D, 0xE6B5, 0xD532, 0xAAED, 0xD513,
    0xFED9, 0xFFBD, 0xFF9C, 0xFF7C, 0xFF5B, 0xFF7C, 0xFF7C, 0xFF7B, 0xFFBD, 0xDEDA, 0xC50F, 0xDD6E,
    0xDDB0, 0xDDD0, 0xEE12, 0xEE33, 0xD56E, 0xDE77, 0xFFFF, 0xFFFF, 0xF7FF, 0xF7FF, 0xF7FF, 0xFFFF,
    0xFFDF, 0xB6DC, 0x7455, 0x7CB6, 0xA67B, 0x9DFA, 0x9E1A, 0xA65A, 0x9DFA, 0x95D9, 0x95D9, 0x9DF9,
    0x9E19, 0x9E1A, 0x9E1A, 0x9E19, 0xA639, 0x865B, 0x861A, 0xEF7D, 0xFFFF, 0xFFFF, 0xFFFE, 0xFFDB,
    0xFFFC, 0xE71A, 0xE71C, 0xDEDB, 0xFFFF, 0xFFDF, 0xFFFF, 0xCE9A, 0x9D78, 0xEF9E, 0xDEFC, 0xBE3A,
    0xD6DC, 0xC69B, 0xCE9B, 0xD6FC, 0xDF3D, 0xDF5D, 0xDF3D, 0xE75E, 0xEFBF, 0xE79E, 0xEFBE, 0xE77E,
    0xE77E, 0xD73D, 0xEF9E, 0xADF8, 0x4C33, 0x5CB5, 0x8536, 0xE617, 0x9513, 0x7DB6, 0x8596, 0x7D98,
    0x85B9, 0x85BA, 0x8578, 0x95B8, 0x9DFA, 0x95B8, 0xBE9C, 0xE75D, 0x9E1A, 0x7DFB, 0x8E5C, 0x861B,
    0x7DDB, 0x7DBA, 0x759A, 0x759A, 0x7599, 0x6DB9, 0x6D99, 0x6D79, 0x6D79, 0x6D99, 0x6DBA, 0x75FC,
    0xA4F6, 0xAD36, 0xAD17, 0x530F, 0x6B90, 0x9CB5, 0x4ACE, 0x530F, 0x428D, 0x29EA, 0x1948, 0x7452,
    0xCEFB, 0x4AEE, 0x5B50, 0x320A, 0x29EA, 0x428D, 0x31EA, 0x426B, 0x3A6C, 0x31EA, 0x2188, 0x29CA,
    0x2189, 0x29CA, 0x21CA, 0x1127, 0x5390, 0x4AED, 0x1948, 0x21CA, 0x2189, 0x29EA, 0xBF5D, 0xB6FC,
    0xD535, 0xEDF7, 0xF6DA, 0xF6DA, 0xF6DA, 0xF6DA, 0xEE98, 0xF6B9, 0xF6DA, 0xF6DA, 0xEE79, 0xE6DA,
    0xFF7D, 0xF699, 0xF6B9, 0xF6B9, 0xF6B9, 0xF6B9, 0xF6B9, 0xF6B9, 0xF6B9, 0xFEDA, 0xEE58, 0x94B5,
    0xDEBB, 0xE6DB, 0xB5B8, 0x9D38, 0xAD99, 0xADBA, 0xB5BA, 0xAD9A, 0x8CB5, 0x9D38, 0x9D16, 0x9D17,
    0x94F7, 0xADBA, 0xB5DA, 0xAD99, 0x8455, 0x7C57, 0x8475, 0xDF3C, 0xEFFF, 0xFFFF, 0x7C31, 0x31AA,
    0x422A, 0x424C, 0x4A6C, 0x6B8F, 0x6BD1, 0xEF9E, 0xEFDF, 0xE7BF, 0xCF5D, 0xA6BB, 0x969A, 0x8E3A,
    0xA6DB, 0x8619, 0x6578, 0x8E1A, 0x961A, 0xA65B, 0xA65B, 0x9DFA, 0x8D98, 0x8D78, 0x95D9, 0x9E3A,
    0x8DB8, 0x8D78, 0xA67B, 0xD7FF, 0xB69B, 0xBF7E, 0xCFFF, 0xCFDF, 0xCFFF, 0xCFFF, 0xCFFF, 0xCFFF,
    0xCFFF, 0xCFFF, 0xCFFF, 0xCFFF, 0xCFDF, 0xCFFF, 0xCFFF, 0xB699, 0xDE33, 0xC570, 0xC3CD, 0xDD95,
    0xFFDD, 0xFF7B, 0xFF7C, 0xFF9C, 0xFF9C, 0xFF7C, 0xFF7C, 0xFF7C, 0xFF5B, 0xFFBC, 0xEF5C, 0xCD72,
    0xDD6E, 0xE5F1, 0xE5F1, 0xDDAF, 0xD5B2, 0xF7BE, 0xFFFF, 0xF7FF, 0xF7FF, 0xF7DF, 0xF7DF, 0xFFFF,
    0xFFFF, 0xDF7E, 0x8538, 0x6C13, 0x9DFA, 0xA65B, 0xAE7B, 0xAE9B, 0x9E3A, 0x9DFA, 0x9DF9, 0x9DFA,
    0x9DF9, 0x9E3A, 0x9E3A, 0x9E3A, 0x9E5B, 0x7E3A, 0xC6BB, 0xFFFF, 0xFFFF, 0xFFFF, 0xFFFD, 0xFFDB,
    0xFFFC, 0xFFBC, 0xAD76, 0xEF7D, 0xFFFF, 0xFFFF, 0xE75D, 0x9537, 0xD6FC, 0xFFFF, 0xADD8, 0xAE3B,
    0xC69B, 0xD6FC, 0xDF3D, 0xDF3D, 0xDF3D, 0xDF1C, 0xD71D, 0xF7BE, 0xE79E, 0xDF7E, 0xE77E, 0xE77E,
    0xDF5E, 0xEF9E, 0xD6FC, 0x64D5, 0x6516, 0x9E19, 0x9577, 0xEE38, 0xDDD6, 0x8594, 0x9636, 0x8DF5,
    0x85B9, 0x7559, 0x8DB9, 0x95D9, 0x95D9, 0x95B8, 0xC69B, 0xBEBC, 0xF79D, 0xB67A, 0x85B9, 0x8DB9,
    0x7DDA, 0x7DDA, 0x75BA, 0x6DBA, 0x75DA, 0x75FA, 0x6DBA, 0x6D9A, 0x6D79, 0x6DDB, 0x765E, 0x765E,
    0x94B4, 0xAD57, 0x8433, 0x4ACD, 0x8412, 0x8454, 0x42AE, 0x530F, 0x3A4C, 0x21A9, 0x29EA, 0xDF7D,
    0x6BF1, 0x530F, 0x4ACE, 0x29EA, 0x320A, 0x428D, 0x31EA, 0x320A, 0x3A2B, 0x29EA, 0x1988, 0x29EA,
    0x21A9, 0x29CA, 0x21C9, 0x1127, 0x6C72, 0x3A8C, 0x1969, 0x29CA, 0x2189, 0x322B, 0xC77E, 0xC77E,
    0xC575, 0xE576, 0xEE58, 0xF6FA, 0xF6DA, 0xF6DA, 0xF6DA, 0xF6DA, 0xF6DA, 0xF6DA, 0xF6B9, 0xDE99,
    0xFF7D, 0xF699, 0xF6B9, 0xF6B9, 0xF6B9, 0xF6B9, 0xF6B9, 0xF6B9, 0xF6B9, 0xFEDA, 0xE658, 0x9CF5,
    0xAD77, 0x94F6, 0xA579, 0x9D37, 0x94F7, 0x94F7, 0x9CF7, 0x9CF7, 0x9D17, 0xB5BA, 0xA558, 0x9D17,
    0x8C74, 0x9495, 0x9D18, 0x7C76, 0x6BF5, 0x8475, 0x8476, 0xBE3A, 0xFFFF, 0xBE18, 0x1907, 0x7C11,
    0x8C93, 0x31EA, 0x4A6C, 0xADB7, 0x6390, 0xEF9E, 0xEFDF, 0xE79F, 0xAE9B, 0xAE9B, 0xA67B, 0xA69B,
    0x9E9A, 0x7E19, 0x7DF9, 0x7578, 0x7D98, 0x8D98, 0x8D98, 0x9599, 0x95D9, 0x9E1A, 0x95D9, 0x8D78,
    0x8D99, 0x8D78, 0x95DA, 0xCFFF, 0xBF3D, 0xBF3D, 0xCFFF, 0xCFFF, 0xCFFF, 0xCFFF, 0xCFFF, 0xCFFF,
    0xCFFF, 0xCFFF, 0xC7FF, 0xCFFF, 0xC7FF, 0xC79E, 0xC6D8, 0xEF38, 0xDE55, 0xD56E, 0xDD8E, 0xC551,
    0xFF9D, 0xFF7B, 0xFF9C, 0xF6D9, 0xE658, 0xFF9C, 0xFF7B, 0xFF7C, 0xFFBC, 0xFF9C, 0xFFBD, 0xF7BE,
    0xCDF4, 0xCD4E, 0xC52E, 0xCD91, 0xF77D, 0xFFFF, 0xFFFF, 0xF7DF, 0xF7FF, 0xF7DF, 0xF7DF, 0xEFDF,
    0xFFFF, 0xE79E, 0x9E3B, 0x6BF4, 0x8D78, 0xAEBC, 0xA65B, 0xA65B, 0xA67B, 0x9E3A, 0x9E1A, 0x9E1A,
    0x9E3A, 0x9E5A, 0x9E5A, 0x9E7A, 0x9E7B, 0xA63A, 0xFFDF, 0xFFFF, 0xFFFF, 0xFFFF, 0xFFDC, 0xFFDB,
    0xFFFD, 0xF778, 0xC616, 0xFFFF, 0xFFDE, 0xFFFF, 0xBE19, 0xCEBB, 0xFFFF, 0xBE19, 0xAE1A, 0xB63B,
    0xD6DC, 0xEF9D, 0xE77D, 0xDF3D, 0xDF3D, 0xDF5D, 0xE79E, 0xF7BF, 0xD73D, 0xDF5E, 0xDF5E, 0xDF7E,
    0xDF5E, 0xE79E, 0x9619, 0x54F5, 0x8DD8, 0x85D8, 0x9535, 0xFE78, 0xF638, 0x9D74, 0x8E15, 0x9617,
    0x967D, 0x8E1B, 0x7517, 0x95FA, 0xA61A, 0xA619, 0xAE3A, 0xA65B, 0xF7BF, 0xA5D8, 0x95D9, 0xE71C,
    0x7D99, 0x7DFB, 0x75BA, 0x75BA, 0x6DBA, 0x6DBA, 0x6DBA, 0x6DBA, 0x6DBA, 0x6D9A, 0x6DDB, 0x761C,
    0x9CB5, 0xAD37, 0x6370, 0x42AD, 0x8412, 0x73D2, 0x42AE, 0x530F, 0x3A2B, 0x1107, 0x9D96, 0xA5B7,
    0x3A4C, 0x6371, 0x3A8C, 0x2A0A, 0x322B, 0x428D, 0x320B, 0x320B, 0x29EA, 0x29E9, 0x21A9, 0x21C9,
    0x21C9, 0x29EA, 0x21A9, 0x2189, 0x74F4, 0x320A, 0x2189, 0x29CA, 0x2189, 0x3A8C, 0xC79E, 0xBFDF,
    0xB5D7, 0xED96, 0xD575, 0xFF1B, 0xF6DA, 0xF6DA, 0xF6DA, 0xF6DA, 0xF6BA, 0xFEFA, 0xDE38, 0xCE38,
    0xFF9D, 0xF6B9, 0xF6B9, 0xF6B9, 0xF6B9, 0xF6B9, 0xF6B9, 0xF6B9, 0xF6B9, 0xFEDA, 0xE658, 0x94B5,
    0x8495, 0xA599, 0xB5DA, 0xB5DA, 0xB5DA, 0xB5DB, 0xADBA, 0xADBA, 0xB5DB, 0xADBA, 0xADBA, 0x9D79,
    0xB4F5, 0xB431, 0x6C16, 0x84D9, 0x84D8, 0x8497, 0x73F5, 0xCEBB, 0xB5F7, 0x632D, 0x94B4, 0xFFFF,
    0x8C93, 0x298A, 0x6B6F, 0xDF5D, 0x6BD0, 0xF7FF, 0xE7BF, 0xEFBF, 0xBEBC, 0xA65B, 0xA65B, 0x8DB9,
    0x8DD9, 0x865A, 0x7E19, 0x8598, 0x8DB8, 0x95D9, 0xA65B, 0xA65B, 0xA65B, 0xA67C, 0xA63B, 0x8D99,
    0x8599, 0x8D79, 0x8D98, 0xC7DF, 0xC75E, 0xBEDC, 0xCFFF, 0xC7DF, 0xC7FF, 0xCFFF, 0xCFFF, 0xC7FF,
    0xC7FF, 0xC7FF, 0xCFFF, 0xC7FF, 0xCF7C, 0xDED6, 0xFFDA, 0xE6D6, 0xD54E, 0xE5D0, 0xE5D0, 0xD570,
    0xF73B, 0xFF9C, 0xFF9C, 0xFEFA, 0xEE58, 0xFFDD, 0xFF9C, 0xF75B, 0xEEFA, 0xEE99, 0xE658, 0xE658,
    0xE659, 0xBD54, 0xEF5C, 0xFFDF, 0xFFFF, 0xFFFF, 0xFFFF, 0xF7DF, 0xF7DF, 0xFFFF, 0xF7DF, 0xE7DF,
    0xEFDF, 0xEFBF, 0xAEFC, 0x7CB6, 0x7475, 0xA69B, 0x9E5B, 0xA67B, 0xAEBB, 0xA67B, 0x9E3A, 0xA65B,
    0xA67B, 0x9E5B, 0x9E7B, 0xA69B, 0x963A, 0xE73D, 0xFFFF, 0xFFFF, 0xFFFF, 0xFFFE, 0xFFDB, 0xFFDC,
    0xFFFA, 0xD6B3, 0xE73D, 0xF79E, 0xFFFF, 0xFFFF, 0xFFDF, 0xEF7D, 0xC67B, 0x9D78, 0xADFA, 0xB63A,
    0xE77D, 0xEF7D, 0xDF3D, 0xDF5D, 0xE77E, 0xD73D, 0xE77E, 0xE75D, 0xCEFC, 0xCEFD, 0xCF1D, 0xBEDC,
    0xC6FD, 0xAE7A, 0x6D36, 0x6D98, 0xAE9A, 0x5CD5, 0xA576, 0xFE99, 0xEE78, 0xCDD6, 0x85F4, 0x965B,
    0x963C, 0x969D, 0x8D78, 0x8D15, 0x9E1A, 0x95D9, 0xA63A, 0xA63A, 0x8557, 0x8598, 0x95F9, 0x7D17,
    0x7DB9, 0x7DFB, 0x75BA, 0x75BA, 0x75BA, 0x6DBA, 0x6DBA, 0x6DBA, 0x6D9A, 0x6D99, 0x6D99, 0x6D99,
    0xAD37, 0x9494, 0x52EF, 0x4AAD, 0x8C53, 0x5B30, 0x4ACE, 0x530F, 0x1968, 0x532E, 0xC6BA, 0x320A,
    0x5B50, 0x530F, 0x322B, 0x322B, 0x322B, 0x4AAD, 0x29EA, 0x3A2C, 0x320B, 0x29EA, 0x21A8, 0x21C9,
    0x21CA, 0x29EA, 0x1988, 0x2A2B, 0x7515, 0x29A9, 0x21C9, 0x29CA, 0x1969, 0x42ED, 0xC7BF, 0xBFBF,
    0xAEBA, 0xE596, 0xD555, 0xE638, 0xFEFB, 0xF6DA, 0xF6DA, 0xF6DA, 0xFEDA, 0xD617, 0xDF1C, 0xD6BA,
    0xF75D, 0xF6DA, 0xF699, 0xF6B9, 0xF6B9, 0xF6B9, 0xF6B9, 0xF6B9, 0xF6B9, 0xFEDA, 0xDE17, 0xA558,
    0x94D6, 0xA579, 0xADDB, 0xA59A, 0xA579, 0x9D38, 0xA537, 0xA517, 0xA516, 0xACF6, 0xB4D4, 0xCCB3,
    0xF554, 0xDCD2, 0x7C56, 0x8CF9, 0x8498, 0x7456, 0xCE7A, 0xFFFF, 0xE77E, 0xF7FF, 0xFFFF, 0xFFFF,
    0x6B6F, 0x2168, 0xCEBB, 0xCEBB, 0x94F3, 0xF7FF, 0xE79F, 0xEFDF, 0xC6BC, 0x9E1A, 0x95D9, 0x8D78,
    0x95D9, 0x8619, 0x7598, 0x7598, 0x8598, 0x95D9, 0xAE5B, 0xA65B, 0x9E3B, 0x9DFA, 0x8DB8, 0x8D99,
    0x8D79, 0x8D78, 0x8D58, 0xB75E, 0xD7DF, 0xB69B, 0xCFDF, 0xD7FF, 0xEFFF, 0xF7FF, 0xF7FF, 0xF7FF,
    0xE7FF, 0xCFDF, 0xC7FF, 0xCF7D, 0xF77B, 0xFFFA, 0xE695, 0xC4AC, 0xCD2E, 0xCD2E, 0xCD2D, 0xBD0F,
    0xF77C, 0xFF7B, 0xFF7C, 0xFFBD, 0xFF9D, 0xE6BA, 0xE638, 0xEE17, 0xEDF7, 0xF617, 0xF618, 0xEDF7,
    0xF638, 0xEDD7, 0xDE9A, 0xFFDF, 0xF7DE, 0xF7FF, 0xFFFF, 0xFFFF, 0xFFFF, 0xF7DF, 0xEFDF, 0xEFDF,
    0xEFBF, 0xF7DF, 0xCF5D, 0x95D9, 0x63D3, 0x9E1A, 0xAEDC, 0xAEBB, 0xAEDC, 0xA69C, 0x9E7B, 0x9E5B,
    0xA67B, 0x9E7B, 0xA69B, 0x9E9B, 0xBEBB, 0xFFFF, 0xFFFF, 0xFFFF, 0xFFFF, 0xFFFD, 0xFFFC, 0xFFFD,
    0xEE92, 0xDE79, 0xF7BF, 0xC69B, 0xE75D, 0xEF9E, 0xDEFC, 0xC69A, 0xE77E, 0xF7BE, 0x9D98, 0xC6BC,
    0xF79E, 0xEF9E, 0xE75D, 0xE75E, 0xDF5D, 0xCEFC, 0xE77E, 0xC6DC, 0xC6BC, 0xBEBC, 0xB69C, 0xB6BC,
    0xA63A, 0x6D16, 0x4474, 0x8DF9, 0x9619, 0x2BF2, 0xE698, 0xF6B9, 0xEE98, 0xEE57, 0x9617, 0x967D,
    0x965C, 0x965D, 0x8DFA, 0xB4B2, 0x9556, 0x7516, 0x7D57, 0x6D16, 0x8578, 0x95F9, 0xBE5A, 0x85B9,
    0x75FB, 0x75DA, 0x75DA, 0x75DA, 0x6DBA, 0x6DBA, 0x6DBA, 0x6DBA, 0x6DBA, 0x75BA, 0x75FA, 0x75DA,
    0xAD16, 0x6BB1, 0x428D, 0x6BD0, 0x9494, 0x4ACE, 0x4AEF, 0x42AD, 0x21A9, 0xAE39, 0x4B0E, 0x428C,
    0x5B50, 0x42CE, 0x320A, 0x324C, 0x322A, 0x4ACE, 0x2A0A, 0x322C, 0x3A4C, 0x29EA, 0x1947, 0x21A9,
    0x29EA, 0x29EA, 0x1948, 0x430E, 0x74D4, 0x2168, 0x21C9, 0x29EA, 0x1968, 0x534F, 0xC7FF, 0xBF9E,
    0xBF9E, 0xC555, 0xFDF8, 0xCD14, 0xF6DA, 0xF6DA, 0xF6DA, 0xFEDA, 0xCE17, 0xE73D, 0xFFFF, 0xD6BA,
    0xF73C, 0xFEFB, 0xF699, 0xF6BA, 0xF6B9, 0xF6B9, 0xF6B9, 0xF6B9, 0xF6B9, 0xFEDA, 0xDE17, 0x94B5,
    0xA578, 0xA558, 0xA4F6, 0xBCF4, 0xD4F4, 0xDD14, 0xE534, 0xED34, 0xED14, 0xED34, 0xF554, 0xED55,
    0xED75, 0xDCB2, 0x7C56, 0x7C78, 0x8476, 0xDEDB, 0xFFFF, 0xF7DF, 0xF7DF, 0xEFBF, 0xF7DF, 0xD6DB,
    0x2147, 0xA535, 0xFFFF, 0xCEBB, 0xDF5D, 0xEFDF, 0xE7BF, 0xEFDF, 0xC71C, 0x9E3A, 0xA65B, 0xAE5B,
    0xA65B, 0xAE7B, 0xAE9B, 0x9E9A, 0x9619, 0x95D9, 0x8D98, 0x8D78, 0x8D78, 0x95F9, 0x95D9, 0x8558,
    0x8D78, 0x95B9, 0x8558, 0xB6BC, 0xCF5E, 0x8D99, 0xCEFD, 0xFFFF, 0xFFFF, 0xFFFF, 0xFFFF, 0xFFFF,
    0xFFFF, 0xDFFF, 0xC79D, 0xF79D, 0xFFFD, 0xEEF7, 0xB5F4, 0xC6F9, 0xBF3C, 0xC75C, 0xBF3C, 0xBE78,
    0xFF7C, 0xFFBD, 0xF75C, 0xE679, 0xE617, 0xEE17, 0xF638, 0xE5B6, 0xE5F7, 0xD514, 0xDD14, 0xE5D7,
    0xD534, 0xE575, 0xDD75, 0xE5F8, 0xEE39, 0xE638, 0xE639, 0xDE39, 0xEF3C, 0xF7DF, 0xEFDF, 0xEFDF,
    0xEFDF, 0xF7FF, 0xDF9E, 0xAEBC, 0x6C14, 0x8537, 0xB71D, 0xAEDC, 0xA6BC, 0xA6DC, 0xA69B, 0x9E7B,
    0x9E9B, 0x9E9B, 0x9EBC, 0x9E9B, 0xF79E, 0xFFFF, 0xFFFF, 0xFFFF, 0xFFFF, 0xFFFD, 0xFFBC, 0xF5F3,
    0xDBCD, 0xD5F6, 0xF79E, 0xE73C, 0xE73D, 0xEF7D, 0xEF9E, 0xFFDE, 0xFFFF, 0xD6BA, 0x9DB8, 0xE75E,
    0xF79E, 0xF7BE, 0xF7BF, 0xE73D, 0xE73D, 0xEF9E, 0xEF9E, 0xBE9B, 0xBE9B, 0xB67B, 0xAE7B, 0x9E1A,
    0x8577, 0x5494, 0x8597, 0xAE5A, 0x5D57, 0x6CF4, 0xFF1A, 0xF6D9, 0xF6B9, 0xFEB8, 0xB69A, 0x8E9D,
    0x967C, 0x9E7C, 0x6D9A, 0x7CD5, 0x9D77, 0x85FA, 0x8DD9, 0xA65B, 0x85B9, 0xAE19, 0x6D78, 0x7DDB,
    0x75FA, 0x75DA, 0x75DA, 0x75DA, 0x6DBA, 0x6DBA, 0x75BA, 0x75BA, 0x75BA, 0x6DBA, 0x6D9A, 0x6D7A,
    0x9494, 0x4AEE, 0x4ACE, 0x6BD0, 0x7BF2, 0x4ACE, 0x530F, 0x324B, 0x7C72, 0x6C12, 0x2A0A, 0x5B70,
    0x4B0F, 0x428C, 0x320B, 0x3A6C, 0x322B, 0x4ACE, 0x320A, 0x322C, 0x3A4C, 0x29EA, 0x21A8, 0x21A9,
    0x21EA, 0x29EA, 0x1127, 0x6431, 0x6472, 0x2169, 0x21CA, 0x29EA, 0x1968, 0x536F, 0xC7FF, 0xB77E,
    0xC7DF, 0xB618, 0xEDB6, 0xEDD7, 0xCD75, 0xFF1B, 0xFEFA, 0xCE17, 0xDF1C, 0xFFFF, 0xFFFF, 0xE6FB,
    0xEEFB, 0xFF3C, 0xF699, 0xF6B9, 0xF6B9, 0xF6B9, 0xF6B9, 0xF6B9, 0xF6B9, 0xFEFA, 0xDDF6, 0x8453,
    0x84F8, 0x9453, 0xFD75, 0xF575, 0xF575, 0xF575, 0xED55, 0xED55, 0xED55, 0xED55, 0xE535, 0xE534,
    0xED35, 0xE4F3, 0x7BF4, 0xA598, 0xF79D, 0xFFFF, 0xEFBF, 0xF7BF, 0xF7BF, 0xF7BF, 0xF7BE, 0x8C72,
    0xAD76, 0xFFFF, 0xE7BF, 0xEFDF, 0xEFDF, 0xE7BF, 0xE7BF, 0xEFDF, 0xC75D, 0x9E9B, 0x9E3A, 0xA63A,
    0x9E1A, 0x95D9, 0x95F9, 0x9E9A, 0x8DB8, 0x8D98, 0x8558, 0x95D9, 0xAE5B, 0xA65B, 0x9DDA, 0x95B9,
    0xC6DC, 0xB69B, 0x9E3A, 0xAE7C, 0xA63B, 0x8D98, 0xBE5B, 0xFFFF, 0xFFFF, 0xFFFF, 0xFFFF, 0xFFFF,
    0xFFFF, 0xFFFF, 0xE77C, 0xFFFF, 0xFF9B, 0xC6D9, 0xC7FF, 0xCFFF, 0xCFFF, 0xCFFF, 0xCFFF, 0xCF1B,
    0xF77C, 0xE699, 0xE617, 0xF5F7, 0xEDF7, 0xEE17, 0xD534, 0xD4F3, 0xEDD7, 0xF659, 0xD514, 0xF659,
    0xFE59, 0xF638, 0xEDF7, 0xE5B7, 0xDD75, 0xFE59, 0xFE79, 0xCC31, 0xD575, 0xF7FF, 0xEFDF, 0xEFDF,
    0xEFDF, 0xF7DF, 0xF7DF, 0xBF3E, 0x8537, 0x6C14, 0xA6BC, 0xA6BC, 0xA6BC, 0xAEFC, 0xA6DC, 0xA6BC,
    0x9E9C, 0xA6DC, 0x969B, 0xC6DC, 0xFFFF, 0xFFFF, 0xFFFF, 0xFFFF, 0xFFFF, 0xF6D8, 0xECD0, 0xDBAE,
    0xF591, 0xE712, 0x9D56, 0xC65A, 0xC659, 0xE73C, 0xFFFF, 0xEF5D, 0xBE18, 0x9D98, 0xBE7C, 0xEF9E,
    0xFFDF, 0xF7BE, 0xEF5D, 0xF7BE, 0xFFBE, 0xFFDF, 0xFFDE, 0xFFBE, 0xE75D, 0xBE7B, 0xA63B, 0x7D36,
    0x43F2, 0x5CD5, 0x8598, 0x8DD8, 0x1C12, 0xC5B6, 0xF698, 0xF6D9, 0xF6D9, 0xFED8, 0xD6D9, 0x8EBD,
    0xA6DD, 0x7E1B, 0x759A, 0x7DFC, 0x759A, 0x8DB8, 0x7579, 0x8DB8, 0x75BA, 0x7579, 0x7DFB, 0x7DFB,
    0x75DA, 0x75DA, 0x75DA, 0x75DA, 0x75DA, 0x75DA, 0x75BA, 0x6DBA, 0x6DBA, 0x6DB9, 0x6DBA, 0x6DBA,
    0x6BB1, 0x4AEF, 0x42AD, 0x426B, 0x7C12, 0x42AE, 0x4AEF, 0x4AED, 0x5B8F, 0x3A6C, 0x4ACD, 0x5B50,
    0x4ACE, 0x322B, 0x3A4C, 0x3A4C, 0x322B, 0x4AEE, 0x2A0A, 0x322C, 0x3A4C, 0x29EA, 0x21A8, 0x29EB,
    0x21EA, 0x29EA, 0x1127, 0x8535, 0x5B90, 0x2189, 0x21CA, 0x29EA, 0x1968, 0x42ED, 0xC7FF, 0xBF9E,
    0xBFBF, 0xB75D, 0xC534, 0xFE39, 0xDD75, 0xDDF6, 0xDE58, 0xD69B, 0xFFFF, 0xFFBF, 0xFFFF, 0xE71C,
    0xE6DA, 0xFF5C, 0xF699, 0xF6B9, 0xF6B9, 0xF6B9, 0xF6B9, 0xF6B9, 0xF6B9, 0xFEDA, 0xE638, 0x7BF2,
    0x7457, 0x8C55, 0xED55, 0xED55, 0xED55, 0xED55, 0xED55, 0xED55, 0xED35, 0xED35, 0xED35, 0xED34,
    0xED35, 0xDCD3, 0xCE38, 0xFFFF, 0xFFFF, 0xF7BF, 0xF7BF, 0xF7BF, 0xF7BF, 0xF7DF, 0xE75D, 0xE77D,
    0xF7FF, 0xE7BF, 0xE7BF, 0xE7BF, 0xE7BF, 0xE7BF, 0xE7BF, 0xEFDF, 0xC75C, 0xA6FB, 0xA65A, 0x95B9,
    0x8DB9, 0x8D58, 0x9E79, 0x9EBA, 0x85D9, 0x7D98, 0x9DFA, 0xB67B, 0xAE7B, 0xAE7B, 0xA63A, 0x9E5B,
    0x961A, 0x9DFA, 0x9E1A, 0x8D99, 0xA61A, 0x9DF9, 0xAE1A, 0xFFFF, 0xFFFF, 0xFFFF, 0xFFFF, 0xFFFF,
    0xFFFF, 0xFFFF, 0xF79D, 0xFFFF, 0xDEF9, 0xC77D, 0xD7FF, 0xCFDF, 0xCFDF, 0xC7DF, 0xCFFF, 0xBE79,
    0xE617, 0xEE17, 0xEDD7, 0xEE7A, 0xE69A, 0xFF1C, 0xEDB6, 0xEDD7, 0xF699, 0xFE59, 0xFE59, 0xE596,
    0xE5D7, 0xE5B7, 0xFE9A, 0xEE18, 0xC3F0, 0xE534, 0xC4F4, 0xCC32, 0xDE38, 0xFFFF, 0xEFDF, 0xEFDF,
    0xF7DF, 0xF7DF, 0xFFDF, 0xD79E, 0x9E5B, 0x6BD3, 0x95FA, 0xAF3D, 0xAEFC, 0xAF1C, 0xAEFC, 0xA6DC,
    0xA6BC, 0x9EFD, 0x9E7B, 0xFFBE, 0xFFFF, 0xFFFF, 0xFFFF, 0xFFDF, 0xF616, 0xDBCD, 0xDBEE, 0xE4D0,
    0xFFB3, 0xF732, 0xD6DA, 0xE73D, 0xC65A, 0xADB7, 0xB5F9, 0xAD96, 0x9D36, 0xB67C, 0xF7BE, 0xE73C,
    0xDF1C, 0xF7BE, 0xFFDE, 0xEF9D, 0xF79E, 0xFFFF, 0xFF9E, 0xFFBE, 0xF79D, 0xEF7E, 0xA5F9, 0xB5F8,
    0xADF8, 0xAE5A, 0x9DF9, 0x23F3, 0x6412, 0xFE16, 0xEED9, 0xF6FA, 0xF6D9, 0xF6F8, 0xDF19, 0x9F1D,
    0x969D, 0x75BA, 0x863C, 0x7DFB, 0x7DDB, 0x6D79, 0x759A, 0x759A, 0x7DDB, 0x7DFB, 0x7DDB, 0x75DB,
    0x75DA, 0x7DDB, 0x7DFB, 0x75FB, 0x75DA, 0x6DBA, 0x6DBA, 0x75BA, 0x75DA, 0x75DA, 0x6DDA, 0x6DBA,
    0x4AEE, 0x532F, 0x29EA, 0x428C, 0x7BF2, 0x42AD, 0x530F, 0x3A4C, 0x42CD, 0x428C, 0x532F, 0x4B0F,
    0x42AD, 0x320B, 0x3A4C, 0x322C, 0x322B, 0x4AEF, 0x322A, 0x324B, 0x3A4C, 0x29EA, 0x21A9, 0x21EA,
    0x21EA, 0x21CA, 0x1968, 0x9618, 0x42CE, 0x21AA, 0x21CA, 0x29EA, 0x1989, 0x3A6B, 0xC7DF, 0xBFBF,
    0xBF9E, 0xBFFF, 0xAE18, 0xED76, 0xFE59, 0xD534, 0xC639, 0xFFFF, 0xFFDF, 0xFFDF, 0xFFFF, 0xEF5D,
    0xDEBA, 0xFF7D, 0xF699, 0xF6B9, 0xF6B9, 0xF6B9, 0xF6B9, 0xF6B9, 0xF6B9, 0xFEDA, 0xDE37, 0xA538,
    0xA579, 0x9C94, 0xED55, 0xED55, 0xED55, 0xED55, 0xED35, 0xED35, 0xED34, 0xED34, 0xED34, 0xED34,
    0xED55, 0xDD14, 0xE6FB, 0xFFFF, 0xFFFF, 0xF7BF, 0xF7BF, 0xF7BF, 0xF7BF, 0xF7BF, 0xF7DF, 0xF7DF,
    0xE7BE, 0xE7BF, 0xE7BF, 0xE7BF, 0xE7BF, 0xE7BF, 0xE7DF, 0xEFBF, 0xE7BE, 0xAE9B, 0xA63B, 0xAE5B,
    0xA61A, 0xA61B, 0xA69A, 0x85F9, 0x6D98, 0x75B9, 0x961A, 0xA65B, 0xA63B, 0x9E1A, 0x9619, 0x8619,
    0x7D78, 0x9DD9, 0x9DF9, 0x9599, 0xAE5B, 0xBEBB, 0xFFFF, 0xFFFF, 0xFFFF, 0xFFFF, 0xFFFF, 0xFFFF,
    0xFFFF, 0xFFFF, 0xEF5B, 0xFFFF, 0xE75C, 0xF7DF, 0xFFFF, 0xFFFF, 0xCFDF, 0xC7FF, 0xC7BE, 0xDE79,
    0xEDF7, 0xEE79, 0xE65A, 0xF71C, 0xF69A, 0xFE79, 0xF638, 0xE596, 0xF6DB, 0xFEFB, 0xFE59, 0xFE9A,
    0xE596, 0xBC11, 0xEDF7, 0xCC52, 0xBBF0, 0xACB4, 0x8DDA, 0x84D5, 0xB597, 0xEF7D, 0xF7FF, 0xF7FF,
    0xF7DF, 0xF7DF, 0xF7FF, 0xEFDF, 0xB73D, 0x7475, 0x84D6, 0xB75D, 0xAF1C, 0xAF1C, 0xAF1D, 0xA6FD,
    0xA6FD, 0x96BC, 0xCEFC, 0xFFFF, 0xFFFF, 0xFFFD, 0xFF1A, 0xFDF5, 0xE490, 0xE4B0, 0xEDB1, 0xFF33,
    0xFFD4, 0xEE51, 0xCD95, 0xFFFF, 0xFFFF, 0xFFFF, 0xCE9B, 0xC65A, 0xC658, 0xE75E, 0xFFFF, 0xEF5D,
    0xEF5D, 0xDEFB, 0xEF7E, 0xF79E, 0xF7BE, 0xFFDF, 0xF7BE, 0xF79E, 0xF79E, 0xCEFC, 0xADD7, 0xCE38,
    0xAE19, 0xAE7B, 0x85B8, 0x3350, 0xE5D6, 0xF6B9, 0xF6DA, 0xF6D9, 0xF6F9, 0xF6F8, 0xEF3A, 0x9F1D,
    0x6E1B, 0x867C, 0x863C, 0x861C, 0x85FC, 0x7DDC, 0x7DBB, 0x75BB, 0x75BA, 0x75DB, 0x7DDB, 0x75DA,
    0x75DA, 0x75DA, 0x75DA, 0x75DA, 0x75DA, 0x75BA, 0x75BA, 0x6DBA, 0x6DB9, 0x6DB9, 0x6D99, 0x6D99,
    0x4AEF, 0x530F, 0x21A9, 0x52ED, 0x73D1, 0x42AD, 0x4AEF, 0x428C, 0x4ACE, 0x42AD, 0x5350, 0x4AEE,
    0x3A4B, 0x322B, 0x3A4C, 0x324C, 0x322B, 0x4AEF, 0x322B, 0x322B, 0x3A4C, 0x2A0A, 0x21C9, 0x29EA,
    0x29EA, 0x21AA, 0x2A2B, 0x9E59, 0x322C, 0x29EB, 0x21CA, 0x29EA, 0x2189, 0x2A2A, 0xB77E, 0xBFBF,
    0xBF9F, 0xBFBF, 0xB79E, 0xB534, 0xFDD7, 0xD5F8, 0xF7DF, 0xEF9E, 0xFFFF, 0xFFDF, 0xFFFF, 0xF79E,
    0xDE99, 0xFF7D, 0xF6BA, 0xF6B9, 0xF6B9, 0xF6B9, 0xF6B9, 0xF6B9, 0xF6B9, 0xFEDA, 0xE658, 0xA473,
    0xCD14, 0xED55, 0xED75, 0xED55, 0xED35, 0xED35, 0xED35, 0xED35, 0xED35, 0xED34, 0xED34, 0xED34,
    0xED55, 0xE555, 0xEEFB, 0xFFFF, 0xFFFF, 0xFFFF, 0xF7DF, 0xF7BF, 0xF7BF, 0xF7BF, 0xF7DF, 0xFFFF,
    0xFFFF, 0xF7DF, 0xFFFF, 0xF7DF, 0xEFDF, 0xE7BE, 0xE7BF, 0xE7DF, 0xE7BE, 0xB69B, 0xA65B, 0xA63A,
    0xA63A, 0xA65B, 0xAE5B, 0xAF1B, 0x8639, 0x7578, 0x7D78, 0x8D99, 0x8D78, 0x8558, 0x8DF9, 0x7DD8,
    0x6D78, 0x95FA, 0xA63A, 0xC6DC, 0xCF3D, 0xA63A, 0xD73D, 0xFFFF, 0xFFFF, 0xFFFF, 0xFFFF, 0xF7DF,
    0xF7DF, 0xFFFF, 0xEF5B, 0xFFDE, 0xF79D, 0xFFDF, 0xFFFF, 0xFFFF, 0xEFFF, 0xC7FF, 0xC7BE, 0xEEDB,
    0xD576, 0xEF1C, 0xF6DB, 0xEE58, 0xFE79, 0xFE79, 0xFE9A, 0xEDF7, 0xDD96, 0xC4B3, 0xE4D4, 0xCC52,
    0xC411, 0xD452, 0xAC93, 0xA598, 0x8DB9, 0x8DFA, 0xACF5, 0xDD15, 0xFEBA, 0xDD96, 0xC515, 0xFFDF,
    0xF7FF, 0xF7DF, 0xF7DF, 0xFFDF, 0xBF9F, 0x8DD9, 0x6BF3, 0xA6DC, 0xAF5E, 0xAF1D, 0xAF3D, 0xAF1D,
    0x9F1D, 0xA69B, 0xFFDE, 0xFFFF, 0xFFFC, 0xFF57, 0xFE57, 0xFEFA, 0xFF37, 0xFF73, 0xFFD3, 0xFF73,
    0xFF74, 0xFE71, 0xD594, 0xD69A, 0xD6BA, 0xDEDB, 0xC638, 0xEF5C, 0xE73B, 0xBDD7, 0xFFFF, 0xE71C,
    0xFFDE, 0xE71C, 0xE71C, 0xEF7D, 0xFFDF, 0xF7BE, 0xF77D, 0xEF5D, 0xF7BE, 0xAE39, 0xB5D8, 0xD658,
    0xCE79, 0xDEDB, 0x84D4, 0xD5B6, 0xF6DA, 0xEE79, 0xF6B9, 0xF6B9, 0xF6D9, 0xEED8, 0xFEF8, 0x967A,
    0x765C, 0x869C, 0x8E7C, 0x8E7D, 0x863C, 0x861C, 0x861D, 0x7DDC, 0x7DDB, 0x75DB, 0x75FB, 0x7E5D,
    0x7E7D, 0x7E1B, 0x75DA, 0x75FB, 0x75DB, 0x6DBA, 0x6DBA, 0x75FA, 0x6DF9, 0x6DB9, 0x65D9, 0x65FB,
    0x530F, 0x42AE, 0x1989, 0x5B0E, 0x6BB1, 0x42CE, 0x4ACE, 0x428C, 0x3A8C, 0x532F, 0x4B0F, 0x4ACE,
    0x2A0A, 0x3A4C, 0x3A4C, 0x324C, 0x320A, 0x4B0F, 0x324B, 0x322C, 0x3A4C, 0x2A0B, 0x21C9, 0x29EA,
    0x2A0A, 0x1969, 0x4B4F, 0x9639, 0x29AA, 0x29EB, 0x21CA, 0x29EA, 0x21A8, 0x21C8, 0xAEFC, 0xC7DF,
    0xBF9F, 0xBF9F, 0xC7FF, 0xAEBA, 0xBCB3, 0xEF9E, 0xF79E, 0xEF9E, 0xFFDF, 0xFFDF, 0xFFFF, 0xF77D,
    0xCE38, 0xFF9D, 0xF6DA, 0xF699, 0xF6B9, 0xF6B9, 0xF6B9, 0xF6B9, 0xF6B9, 0xFEDA, 0xE658, 0xD4B2,
    0xFD96, 0xED75, 0xED55, 0xED55, 0xED35, 0xED35, 0xED35, 0xED35, 0xED35, 0xED34, 0xED34, 0xED35,
    0xED55, 0xEDB7, 0xEF1C, 0xFFFF, 0xFFFF, 0xFFFF, 0xFFFF, 0xF7BF, 0xF7BF, 0xF7BF, 0xF7BF, 0xFFFF,
    0xFFFF, 0xFFFF, 0xFFFF, 0xFFFF, 0xFFFF, 0xF7DF, 0xEFBF, 0xEFBF, 0xE7BE, 0xB69B, 0xA63A, 0xAE5A,
    0xA63A, 0x9DDA, 0x9619, 0x967A, 0x75D9, 0x7578, 0x7D78, 0x8578, 0x8D78, 0x8DB9, 0x9DF9, 0x95D9,
    0x85D9, 0x8DB9, 0x9DF9, 0xCF3D, 0xE7BF, 0xAE5B, 0x8578, 0xDF3D, 0xFFFF, 0xEFDF, 0xEFDF, 0xE7BF,
    0xF7DF, 0xFFFF, 0xF79D, 0xF79B, 0xF79D, 0xFFBE, 0xFFFF, 0xFFFF, 0xFFFF, 0xDFFF, 0xD73D, 0xE659,
    0xF699, 0xF69A, 0xEE38, 0xE618, 0xE5D7, 0xF618, 0xED96, 0xD4D3, 0xE5D7, 0xD492, 0xA4B4, 0x9D98,
    0x9577, 0x9537, 0x9598, 0x8D37, 0xB576, 0xCDD7, 0xE555, 0xDCD4, 0xEE18, 0xDD15, 0xCC73, 0xF7BE,
    0xFFFF, 0xF7DF, 0xF7FF, 0xF7DF, 0x9EFD, 0x96DC, 0x7434, 0x8D99, 0xB79E, 0xAF3D, 0xAF3D, 0xAF5E,
    0x96DD, 0xD71C, 0xFFFF, 0xFFFE, 0xFFF7, 0xFFDB, 0xFFFF, 0xFFFF, 0xFFB7, 0xFF71, 0xE734, 0xA698,
    0xF752, 0xFFD6, 0xE6F9, 0xFF9D, 0xFF7C, 0xEF3C, 0xDE57, 0xFFFE, 0xF757, 0xBD52, 0xEF7D, 0xF77D,
    0xE75D, 0xEF5D, 0xE71C, 0xFFDE, 0xFFBE, 0xF7BE, 0xEF9E, 0xEF5D, 0xEF7E, 0xADF9, 0xCDF7, 0xD638,
    0xDE9A, 0xBE18, 0xBD54, 0xF6B9, 0xEE78, 0xEE98, 0xEE98, 0xEE78, 0xEE98, 0xEEB8, 0xFEB7, 0xA618,
    0x765C, 0x869C, 0x8EBD, 0x96DE, 0x96FE, 0x8EBE, 0x865D, 0x861C, 0x861C, 0x865C, 0x8EDE, 0x86BD,
    0x7E3B, 0x75FA, 0x75DA, 0x75FA, 0x7E3B, 0x7E5B, 0x763B, 0x761A, 0x6DFA, 0x661B, 0x665C, 0x661B,
    0x532F, 0x3A6C, 0x21A9, 0x5B0E, 0x6391, 0x4ACE, 0x4ACE, 0x3A6C, 0x42AD, 0x534F, 0x4AEF, 0x3A6C,
    0x322B, 0x326C, 0x3A4C, 0x320B, 0x21C9, 0x530F, 0x3A4C, 0x322B, 0x3A6C, 0x320B, 0x21C9, 0x29EA,
    0x2A0B, 0x1148, 0x6C93, 0x8576, 0x218A, 0x2A0B, 0x21EA, 0x21CA, 0x322B, 0x324B, 0x9639, 0xC7FF,
    0xBF9E, 0xBFBF, 0xBFBF, 0xBFBE, 0xBE9A, 0xFFFF, 0xE75D, 0xF7BF, 0xFFFF, 0xFFFF, 0xE77D, 0xC6BC,
    0xC638, 0xFF7D, 0xF6FA, 0xF699, 0xF6B9, 0xF6B9, 0xF6B9, 0xF6B9, 0xF6B9, 0xFEDA, 0xE658, 0xCCB3,
    0xF576, 0xED55, 0xED55, 0xED55, 0xED55, 0xED35, 0xED35, 0xED55, 0xED55, 0xED55, 0xED35, 0xED35,
    0xED75, 0xF618, 0xEF1C, 0xFFFF, 0xFFFF, 0xFFFF, 0xFFFF, 0xFFFF, 0xF7BF, 0xF7BF, 0xF7BF, 0xF7DF,
    0xF7DF, 0xEFDF, 0xEFBF, 0xEFBF, 0xF7DF, 0xFFFF, 0xF7FF, 0xE7BF, 0xEFDF, 0xBF3C, 0x9E3A, 0xA63B,
    0x95D9, 0x8D98, 0x8D79, 0x7558, 0x6D78, 0x85B9, 0x7DB9, 0x9DFA, 0xA65B, 0xA65B, 0xAE3B, 0xA61A,
    0x95D9, 0x8DB9, 0x8DD9, 0xAE7B, 0xBEDC, 0xA61A, 0x8558, 0xA61A, 0xEFDF, 0xE7BF, 0xE7BF, 0xE7BF,
    0xF7FF, 0xFFFF, 0xFFDF, 0xF77C, 0xFF9B, 0xF77C, 0xFFFF, 0xFFFF, 0xFFFF, 0xEF5D, 0xEE9A, 0xE699,
    0xF679, 0xFF3C, 0xEDD7, 0xCC51, 0xCC52, 0xCC93, 0xB493, 0xAC11, 0xD576, 0xB619, 0x95DA, 0x9D16,
    0xAD16, 0xC5F8, 0xCD97, 0xCC92, 0xFE9A, 0xFF1B, 0xDDB7, 0xABB0, 0xC452, 0xD493, 0xDE39, 0xFFFF,
    0xFFFF, 0xF7FF, 0xF7DF, 0xFFFF, 0xDF9F, 0x973D, 0x7CD6, 0x7455, 0xB75D, 0xB75E, 0xAF3D, 0xA75E,
    0xAEDC, 0xFFBE, 0xFFFF, 0xFFFA, 0xFFF8, 0xFFFD, 0xFFFF, 0xFFFD, 0xFFFB, 0xE756, 0x8E59, 0xAEB9,
    0xFFD9, 0xFFDC, 0xDE32, 0xEEB6, 0xEF35, 0xDE2E, 0xE653, 0xFFDA, 0xFF51, 0xE6D6, 0xDEBA, 0xE73C,
    0xF79E, 0xE73D, 0xDF1C, 0xF7BE, 0xFFFF, 0xFFBE, 0xFFBE, 0xF77D, 0xDF3C, 0xADF8, 0xC618, 0xCE38,
    0xCE59, 0xBDF8, 0xC575, 0xF679, 0xEE78, 0xEE78, 0xEE78, 0xEE78, 0xEE58, 0xEE78, 0xFE98, 0xC5D6,
    0x765C, 0x8EBC, 0x8EBD, 0x8EBE, 0x8EBE, 0x8EBE, 0x8EBE, 0x8E9F, 0x8E7E, 0x8E7D, 0x863C, 0x861C,
    0x7E1B, 0x75DA, 0x75DB, 0x7E3B, 0x7E5B, 0x761A, 0x6DDA, 0x6DFA, 0x6E1B, 0x663B, 0x65B9, 0x65B8,
    0x530F, 0x322B, 0x19A9, 0x52ED, 0x5B71, 0x4ACE, 0x4AEE, 0x320B, 0x530F, 0x530F, 0x4AEF, 0x322B,
    0x3A4C, 0x324C, 0x3A4C, 0x21A9, 0x21C9, 0x530F, 0x3A6C, 0x322B, 0x3A6C, 0x320B, 0x21CA, 0x2A0B,
    0x2A0B, 0x1148, 0x8DB7, 0x6C93, 0x29EB, 0x2A0B, 0x21EA, 0x1989, 0x432E, 0x4B2E, 0x7D35, 0xCFFF,
    0xBFBE, 0xBFBF, 0xC7DF, 0xB75D, 0xDF3D, 0xF7FF, 0xE75D, 0xFFFF, 0xFFDF, 0xD6FC, 0xCEFD, 0xE7BF,
    0xCE7A, 0xF73C, 0xFF1B, 0xF699, 0xF6B9, 0xF6B9, 0xF6B9, 0xF6B9, 0xF6B9, 0xFEDA, 0xE678, 0xD4D3,
    0xF576, 0xED55, 0xED55, 0xED55, 0xED55, 0xED35, 0xED35, 0xED14, 0xE514, 0xE514, 0xED34, 0xED35,
    0xED75, 0xF679, 0xEEFB, 0xFFFF, 0xFFFF, 0xF7DF, 0xEFDF, 0xE7BF, 0xF7BF, 0xF7BF, 0xF7BF, 0xEFBF,
    0xE7BF, 0xEFBF, 0xE7BF, 0xF7DF, 0xFFFF, 0xFFFF, 0xFFFF, 0xEFBF, 0xDFBE, 0xB79C, 0xAF3C, 0x9E5A,
    0x8DD9, 0x7D99, 0x9DFA, 0x9E1A, 0x8DFA, 0x9E7B, 0xA69B, 0xAE7B, 0xAE5B, 0xAE5B, 0xA65A, 0x95D9,
    0x8D98, 0x8DB9, 0x95D9, 0x9E1A, 0x95D9, 0x95B9, 0x8D98, 0x95D9, 0xEFBF, 0xEFDF, 0xEFDF, 0xEFDF,
    0xEFDF, 0xFFFF, 0xFFFF, 0xF79D, 0xF77C, 0xEF19, 0xFFDE, 0xFFFF, 0xE79E, 0xE6DB, 0xEE38, 0xFF1B,
    0xE5F7, 0xD596, 0xE618, 0xE5B7, 0xCC52, 0x9578, 0x9E5B, 0xA61A, 0x9537, 0x94F6, 0xD659, 0xD514,
    0xF5B7, 0xFEDA, 0xFEFB, 0xDDB7, 0xDDB7, 0xE639, 0xB38F, 0xCC11, 0xAB8F, 0xD618, 0xFFFF, 0xFFDF,
    0xF7DF, 0xF7FF, 0xF7FF, 0xF7FF, 0xFFDF, 0xA77E, 0x965B, 0x6BD3, 0x9E5B, 0x973E, 0xA75D, 0xA73D,
    0xD6FC, 0xFFFF, 0xFFFD, 0xFFF8, 0xFFF9, 0xFFFF, 0xFFFF, 0xFFFD, 0xD75B, 0x8E7A, 0x8E59, 0xD75B,
    0xFFFC, 0xFFFD, 0xE699, 0xE6B7, 0xE6D6, 0xCDB4, 0xCD92, 0xFFB3, 0xFF93, 0xE6D5, 0xFFBE, 0xDEB9,
    0xE71C, 0xFFFF, 0xFFFF, 0xF7BE, 0xE73C, 0xFFBE, 0xF79E, 0xF7BE, 0xCEDB, 0xB5F8, 0xCE17, 0xD69A,
    0xD6BA, 0xB5D8, 0xC575, 0xF679, 0xEE58, 0xEE58, 0xEE58, 0xEE38, 0xEE58, 0xEE58, 0xF658, 0xD5F6,
    0x75DA, 0x867C, 0x865C, 0x8E7D, 0x971F, 0x9F3F, 0x9F3F, 0x96FF, 0x96BF, 0x8EBE, 0x8E9E, 0x867E,
    0x863D, 0x7E1C, 0x7E1C, 0x75FB, 0x6DDA, 0x6DDA, 0x6DFA, 0x6DFA, 0x65D9, 0x661B, 0x65FA, 0x65B8,
    0x4ACE, 0x29C9, 0x29EA, 0x530E, 0x5B50, 0x4AEF, 0x42AE, 0x322A, 0x5350, 0x4AEF, 0x428C, 0x322B,
    0x3A4C, 0x3A6C, 0x21EA, 0x19C9, 0x21EA, 0x530F, 0x3A8C, 0x322B, 0x3A6D, 0x322B, 0x21CA, 0x2A0B,
    0x29EB, 0x21A9, 0xA6BB, 0x5BB0, 0x3A2C, 0x21EA, 0x2A0B, 0x1948, 0x6411, 0x5BF1, 0x6411, 0xCFFF,
    0xBFBF, 0xBFBF, 0xC7FF, 0xB71D, 0xDF1D, 0xEFDF, 0xE75D, 0xFFDF, 0xCEBC, 0xC6BC, 0xE79F, 0xE79F,
    0xD679, 0xF73C, 0xFF3C, 0xF699, 0xF6BA, 0xF6BA, 0xF6BA, 0xF6BA, 0xF6BA, 0xF6DA, 0xEE99, 0xCCD2,
    0xF576, 0xED55, 0xED55, 0xED55, 0xED55, 0xEE58, 0xEE79, 0xEE58, 0xEE17, 0xEDF7, 0xED96, 0xED14,
    0xED76, 0xFEDB, 0xE6DB, 0xEFFF, 0xEFBE, 0xE7BE, 0xE7BF, 0xEFDF, 0xFFDF, 0xFFDF, 0xF7BF, 0xE7DF,
    0xEFDF, 0xEFBF, 0xEFBF, 0xFFFF, 0xFFFF, 0xFFFF, 0xFFFF, 0xF7DF, 0xDF9E, 0xB79C, 0xAF5B, 0x8E5A,
    0x8619, 0x6DB8, 0x8E1A, 0x963A, 0x961A, 0xA65A, 0xA63A, 0x9DFA, 0x95D9, 0x95B9, 0x8D98, 0x8D98,
    0x8D98, 0x95D9, 0x95B9, 0xA61A, 0x9DF9, 0x8D98, 0x8D98, 0x8D78, 0xD75E, 0xD75E, 0xC73E, 0xD77E,
    0xE7DE, 0xF7DF, 0xF7FF, 0xEFDF, 0xEF9D, 0xEF3A, 0xEF5C, 0xEFFF, 0xDEDB, 0xFEDB, 0xDD75, 0xEE9A,
    0xE5B6, 0xD431, 0xCC31, 0x9D77, 0x8D36, 0x9D16, 0xBCB3, 0xBD76, 0xE659, 0xF638, 0xFEFB, 0xDD96,
    0xC493, 0xF6BA, 0xE5F8, 0xCCD4, 0xC493, 0xDDF7, 0xC492, 0xE4F5, 0xD432, 0xCDB7, 0xFFFF, 0xF7DF,
    0xF7FF, 0xF7DF, 0xF7DF, 0xF7FF, 0xF7DF, 0xA73E, 0x8F3E, 0x7475, 0x7CF6, 0x7EFD, 0x763B, 0x85B9,
    0xFFBE, 0xFFFF, 0xFFF9, 0xFFF8, 0xFFFC, 0xFFFF, 0xFFFF, 0xDF7B, 0x9679, 0xC73B, 0xEFBC, 0xFFFD,
    0xFFFE, 0xFFFE, 0x9B93, 0x6A10, 0x6A71, 0x38ED, 0xA3F1, 0xFFF4, 0xFF73, 0xEEF3, 0xF77E, 0xFFBD,
    0xDED9, 0xD6DA, 0xF7DF, 0xFFFF, 0xE73C, 0xDF1C, 0xEF5D, 0xFFDE, 0xC6BB, 0xB5F8, 0xCE17, 0xDE38,
    0xD639, 0xBDD8, 0xBD54, 0xEE38, 0xEE38, 0xEE58, 0xEE38, 0xEE38, 0xEE38, 0xEE17, 0xEE17, 0xE5F6,
    0x7DDA, 0x7E1B, 0x863C, 0x8E9E, 0x96FE, 0x96FF, 0x96FF, 0x96FF, 0x971F, 0x971F, 0x96DF, 0x96DF,
    0x8EBE, 0x867D, 0x7E3C, 0x7E1B, 0x75FA, 0x6DFA, 0x65D9, 0x65D9, 0x65D9, 0x661A, 0x65D9, 0x65B9,
    0x428C, 0x322B, 0x324C, 0x52EE, 0x5B50, 0x4AEF, 0x428C, 0x4AEE, 0x530F, 0x4B0F, 0x322B, 0x324C,
    0x3A6C, 0x2A0B, 0x19A9, 0x21EA, 0x21EA, 0x530F, 0x42AD, 0x322B, 0x3A6D, 0x322B, 0x21EA, 0x2A0B,
    0x21CA, 0x326C, 0xB71C, 0x4B0E, 0x3A4C, 0x21CA, 0x2A0B, 0x1948, 0x74B3, 0x7CF4, 0x4B0E, 0xCFFF,
    0xBFBF, 0xC7BF, 0xC7DF, 0xB6FC, 0xE77E, 0xE79F, 0xE73D, 0xC69B, 0xCF1D, 0xD71D, 0xDF9E, 0xFFFF,
    0xE6DA, 0xEF1B, 0xFF5C, 0xF679, 0xF6B9, 0xF6BA, 0xF6BA, 0xF6BA, 0xF6BA, 0xF6DA, 0xEE99, 0xCCD3,
    0xF576, 0xED55, 0xED75, 0xED55, 0xED75, 0xF6DA, 0xF6FA, 0xF6DA, 0xF6DA, 0xF6FA, 0xF6FA, 0xEDF7,
    0xE514, 0xEE38, 0xE6FB, 0xE7DF, 0xE7BF, 0xEFDF, 0xFFFF, 0xFFFF, 0xFFFF, 0xF7DF, 0xF7DF, 0xEFDF,
    0xEFDF, 0xE7BF, 0xE7BF, 0xFFFF, 0xFFFF, 0xFFFF, 0xFFFF, 0xEFBF, 0xF7FF, 0xB73C, 0x75B8, 0x96BA,
    0x8E7A, 0x7DD8, 0x85B9, 0x8DB9, 0x7D98, 0x8D98, 0x8D78, 0x8D78, 0x8D78, 0x8D78, 0x8D78, 0x8D98,
    0x8D78, 0x8DB8, 0x7DB8, 0x95F9, 0x9DF9, 0xA63B, 0x85D9, 0x85B8, 0xAE9C, 0xAEDE, 0xA69D, 0xAEBD,
    0xE7BF, 0xFFFF, 0xEFDF, 0xE7BF, 0xDF9F, 0xD73C, 0xE77D, 0xDF1C, 0xDE39, 0xFE99, 0xCC30, 0xCC10,
    0x9D56, 0xBD77, 0xA3D1, 0x8494, 0xBDF9, 0xFE79, 0xF639, 0xD4D3, 0xE618, 0xDDB7, 0xD596, 0xE5F7,
    0xCCD4, 0xD596, 0xEE38, 0xFEBA, 0xE5F8, 0xF699, 0xC493, 0xDC73, 0xDD56, 0xE71C, 0xDEFC, 0xFFFF,
    0xF7DF, 0xF7DF, 0xF7DF, 0xF7FF, 0xFFFF, 0xAF3E, 0x7EFD, 0x7D78, 0x7414, 0x7DBA, 0x5CF8, 0xBE7B,
    0xFFFF, 0xFFDC, 0xFFF9, 0xFFFD, 0xFFFF, 0xFFFF, 0xFFFE, 0xEFBC, 0xF7DC, 0xFFFC, 0xFFFD, 0xFFFE,
    0xFFFD, 0xFFFD, 0xC5B6, 0x9BB2, 0x8B31, 0x72D0, 0x9C6F, 0xFFF4, 0xFF94, 0xF733, 0xEF5C, 0xFFBD,
    0xFF9C, 0xEF3B, 0xDF1C, 0xE75D, 0xFFFF, 0xFFBE, 0xEF5D, 0xFFDF, 0xBE79, 0xBDB7, 0xD617, 0xC67A,
    0xD6BA, 0xD618, 0xCD54, 0xE5F7, 0xEE17, 0xEE17, 0xEE37, 0xEE38, 0xEE17, 0xE617, 0xE5F7, 0xEE16,
    0x95D9, 0x6D9B, 0x7DDB, 0x7E1C, 0x863D, 0x8E7E, 0x96DF, 0x96FF, 0x971F, 0x96DF, 0x96FF, 0x971F,
    0x96DF, 0x8EBE, 0x8E9D, 0x7E5C, 0x763B, 0x6E1B, 0x65FA, 0x6E1A, 0x65D9, 0x65D9, 0x65B9, 0x65B9,
    0x3A4B, 0x3A6D, 0x3A6D, 0x530E, 0x530F, 0x4AEE, 0x3A8C, 0x5330, 0x4B0F, 0x42AD, 0x2A2B, 0x3A6D,
    0x322B, 0x19A9, 0x21EA, 0x21EB, 0x21EA, 0x4AEF, 0x4ACE, 0x322B, 0x3A6C, 0x322B, 0x21CA, 0x2A2B,
    0x19A9, 0x4B6F, 0xAF1C, 0x428D, 0x324C, 0x21EA, 0x2A0B, 0x1948, 0x8DB7, 0x95F8, 0x324B, 0xC7DF,
    0xC7DF, 0xC7BF, 0xC7DF, 0xB6DC, 0xE77E, 0xDF9F, 0xC69C, 0xCF1D, 0xD71E, 0xCEFD, 0xFFFF, 0xFFFF,
    0xCE18, 0xEEFB, 0xFF7D, 0xF679, 0xF6BA, 0xF6BA, 0xF6BA, 0xF6BA, 0xF6DA, 0xF6DA, 0xEEB9, 0xCCF3,
    0xF575, 0xED75, 0xED76, 0xED55, 0xEDD6, 0xF6DA, 0xF6BA, 0xF6BA, 0xF6BA, 0xF6BA, 0xF6BA, 0xF6DA,
    0xEE38, 0xE513, 0xCDF7, 0xE7FF, 0xEFDF, 0xFFFF, 0xFFFF, 0xFFFF, 0xFFDF, 0xF7BF, 0xF7BF, 0xEFBF,
    0xEFBF, 0xEFDF, 0xE7BF, 0xF7DF, 0xFFFF, 0xF7DF, 0xE7BF, 0xE7BF, 0xD7BD, 0xAF3A, 0x96BA, 0xB7BB,
    0x969A, 0x7598, 0x7D78, 0x7D78, 0x8578, 0x8D98, 0x95B9, 0x95B9, 0x9598, 0x9598, 0x95B8, 0x95B9,
    0x9DFA, 0x9E5A, 0x7DB8, 0x8DD9, 0xAE7C, 0xAE7B, 0x9E3A, 0x95D9, 0xA63B, 0xAEDD, 0xB6FE, 0xAEBD,
    0xD75E, 0xE7BF, 0xCF5E, 0xBEFE, 0xAEBD, 0xC71E, 0xF7FF, 0xD6BB, 0xCBF0, 0xBC93, 0xCC72, 0xA493,
    0x7D78, 0x9D98, 0xAD36, 0xD576, 0xFF9D, 0xF679, 0xCCD3, 0xC452, 0xC493, 0xABD0, 0xE5D7, 0xFF5C,
    0xF77C, 0xFF9C, 0xFF9C, 0xF73B, 0xFF3C, 0xF699, 0xCD56, 0xDE18, 0xCE9B, 0xCEDC, 0x8C32, 0xFFFF,
    0xF7DF, 0xF7FF, 0xFFFF, 0xFFFF, 0xF7DF, 0xAEFC, 0x7E3B, 0x7DBA, 0x7454, 0x7518, 0x7579, 0xFFDF,
    0xFFFF, 0xFFFF, 0xFFFF, 0xFFFF, 0xFFFF, 0xFFFF, 0xFFFE, 0xFFFC, 0xFFFD, 0xFFFE, 0xFFFE, 0xFFFD,
    0xFFFC, 0xFFFD, 0x9D38, 0x855A, 0x9517, 0x7C12, 0x7C32, 0xFFFD, 0xFFDC, 0xFFBB, 0xEF3C, 0xFFDE,
    0xFF5B, 0xFF9D, 0xFFDE, 0xE6D9, 0xD679, 0xEF7D, 0xEF7D, 0xFFDF, 0xBE5A, 0xBDF8, 0xCE38, 0xCE17,
    0xB5D7, 0xAD97, 0xCD54, 0xE5D6, 0xE5D6, 0xE5F7, 0xE5F7, 0xE5F7, 0xE5F7, 0xE5F7, 0xE5F7, 0xF616,
    0x9D98, 0x6D7A, 0x861B, 0x7E3C, 0x863D, 0x8E9E, 0x96DF, 0x96DF, 0x96DF, 0x9F1F, 0x9F1F, 0x9F1F,
    0x9F1F, 0x96FF, 0x8EBF, 0x86BE, 0x7E7C, 0x6E1C, 0x6E1B, 0x661A, 0x6E1A, 0x6DFA, 0x6E1A, 0x6E1A,
    0x322B, 0x3A8D, 0x4AEE, 0x4AEE, 0x4B30, 0x42AD, 0x42CE, 0x530F, 0x530F, 0x324B, 0x324C, 0x3A6C,
    0x21A9, 0x21CA, 0x21EA, 0x2A0B, 0x21C9, 0x4ACE, 0x4AEE, 0x322B, 0x3A6C, 0x322B, 0x21EA, 0x2A2B,
    0x1969, 0x74B4, 0xA69A, 0x3A6C, 0x2A2B, 0x29EA, 0x2A0B, 0x1968, 0xA69A, 0xAEDC, 0x21CA, 0xB71C,
    0xC7FF, 0xBFBF, 0xBFDF, 0xBEFC, 0xE77F, 0xDF9F, 0xCEDC, 0xC6BC, 0xC6BD, 0xEF9E, 0xDF1C, 0xD5B7,
    0xCCD3, 0xEEFB, 0xFF7D, 0xF6DA, 0xF73B, 0xF6DA, 0xF6DA, 0xF6DA, 0xF6DA, 0xF6DA, 0xF6DA, 0xCCD2,
    0xED76, 0xED76, 0xED96, 0xED75, 0xEE38, 0xF6FA, 0xF6BA, 0xF6DA, 0xF6BA, 0xF6BA, 0xF6BA, 0xF6BA,
    0xF6DA, 0xFE99, 0xCD54, 0xE7BE, 0xFFFF, 0xFFFF, 0xFFFF, 0xFFFF, 0xFFFF, 0xFFDF, 0xFFDF, 0xF7DF,
    0xEFDF, 0xEFBF, 0xEFBF, 0xE7BF, 0xEFBF, 0xE7BF, 0xEFBF, 0xE7BF, 0xC79D, 0x9F1A, 0x8639, 0x8619,
    0x8598, 0x7D78, 0x7D78, 0x7D78, 0x7D78, 0x85B9, 0x95FA, 0x9E1A, 0x9E3A, 0xA65B, 0xA67B, 0xA67C,
    0xAE7C, 0xAE7B, 0x8DF9, 0x85B9, 0x9E1A, 0x95D9, 0x9DFA, 0x95F9, 0xA63B, 0xB6FE, 0xB6FD, 0xB6FE,
    0xB6FE, 0xAEDD, 0xAEBD, 0xAEDD, 0xB6DD, 0xB6DD, 0xEFBF, 0xEFDF, 0xC4B3, 0xAD77, 0x95D9, 0x7CD5,
    0xA493, 0xF73C, 0xFF1B, 0xFE59, 0xDD96, 0xCCD3, 0xF5B6, 0xED55, 0xDCD3, 0xDDD6, 0xFF7C, 0xF7FF,
    0xE77E, 0xCEFC, 0xCEFC, 0xD6FC, 0xC6BB, 0xD69A, 0xD6DB, 0x9D15, 0x8B90, 0x8CD5, 0xAD56, 0xFFFF,
    0xF7DF, 0xFFFF, 0xEFBF, 0xCF7E, 0xA6FD, 0x863B, 0x7DDA, 0x75BB, 0x7CB6, 0x6C55, 0xBE9C, 0xFFFF,
    0xFFFF, 0xFFFF, 0xFFFF, 0xFFFF, 0xFFFE, 0xFFFE, 0xFFDD, 0xFFFD, 0xFFFE, 0xFFFD, 0xFFFC, 0xFFFD,
    0xFFFD, 0xFFFD, 0xD658, 0xA578, 0xBDF9, 0xCE39, 0xCE16, 0xFFFE, 0xFFFC, 0xFFFD, 0xE71B, 0xFFBE,
    0xFF7C, 0xFFBE, 0xFFBD, 0xFF7C, 0xF678, 0xD5B6, 0xCE79, 0xEF9E, 0xB639, 0xC596, 0xD5F7, 0xCEFC,
    0xCEBB, 0xDE17, 0xCD75, 0xE5D6, 0xE5D6, 0xE5D7, 0xE5F7, 0xE5F7, 0xE5F7, 0xE5F7, 0xE5F7, 0xF5F6,
    0xBE18, 0x75FB, 0x8E5C, 0x863C, 0x863C, 0x863D, 0x863D, 0x8E5E, 0x8E9F, 0x8EBF, 0x96FF, 0x971F,
    0x9F1F, 0x9F1F, 0x96FF, 0x8EBF, 0x7E9D, 0x7E3C, 0x7E3C, 0x7E5C, 0x7E5C, 0x763B, 0x761B, 0x75FB,
    0x324C, 0x530F, 0x4ACE, 0x428D, 0x4B0F, 0x3A8C, 0x4B0F, 0x4B0F, 0x42CE, 0x2A2B, 0x3A8D, 0x21EA,
    0x21CA, 0x21EA, 0x2A0B, 0x2A0B, 0x19C9, 0x42CE, 0x530F, 0x322B, 0x326C, 0x324C, 0x21EA, 0x2A2B,
    0x1969, 0x95F8, 0x8DB7, 0x3A4C, 0x2A2B, 0x29EA, 0x21EA, 0x21C9, 0xB71C, 0xBF9E, 0x21EA, 0x9618,
    0xCFFF, 0xC7BF, 0xBFBF, 0xC6FD, 0xE79F, 0xDF5E, 0xE7BF, 0xC6DC, 0xC6BC, 0xDF1D, 0x9517, 0xDD14,
    0xE554, 0xEEDA, 0xFF7D, 0xFF7D, 0xF71C, 0xF6DA, 0xF6DA, 0xF6DA, 0xF6DA, 0xF6DA, 0xF6FA, 0xCCF3,
    0xED76, 0xED96, 0xED96, 0xED75, 0xF679, 0xF6DA, 0xF6BA, 0xF6DA, 0xF6BA, 0xF6BA, 0xF6BA, 0xF6BA,
    0xF6B9, 0xF6DA, 0xF6B9, 0xCE38, 0xFFFF, 0xFFFF, 0xFFFF, 0xFFFF, 0xFFFF, 0xFFFF, 0xFFFF, 0xFFFF,
    0xFFFF, 0xE7BF, 0xE7BF, 0xE7DF, 0xE7BF, 0xE7BF, 0xE7DF, 0xEFBF, 0xE7BE, 0xA73B, 0x7DF9, 0x6578,
    0x7598, 0x7598, 0x7D78, 0x8599, 0x9E3A, 0x85D9, 0x9E3A, 0xB6BC, 0xAE7B, 0xA65B, 0xA63B, 0x9E1A,
    0x9DF9, 0x95F9, 0x7578, 0x7D98, 0x9E3A, 0x95F9, 0x9E1A, 0x9E3A, 0x9E1A, 0xB6DD, 0xB6DD, 0xAEDD,
    0xAEBD, 0xAEDD, 0xB6DE, 0xAEDD, 0xAE9D, 0xB6FD, 0xE79F, 0xFFFF, 0xEF9E, 0xEEFC, 0xF7BE, 0xE514,
    0xD492, 0xE679, 0xEE18, 0xF679, 0xD576, 0xC493, 0xF617, 0xFE17, 0xFDD6, 0xD575, 0xDF7E, 0xA598,
    0xE77D, 0xA577, 0xBE3A, 0xBE5A, 0x9D36, 0xE77E, 0x9D77, 0x936F, 0xA452, 0x6B90, 0xC69B, 0xFFFF,
    0xD7BF, 0xB73E, 0x9EFE, 0x96DD, 0x8EDD, 0x865C, 0x7DFB, 0x75DB, 0x7D59, 0x6C55, 0xEF7E, 0xFFFF,
    0xFFFF, 0xFFFF, 0xFFFF, 0xFFFF, 0xFFFE, 0xFFFE, 0xFFFF, 0xFFFE, 0xFFDC, 0xFFFC, 0xFFFD, 0xFFFD,
    0xFFFC, 0xFFFD, 0xEED9, 0xFFFF, 0xFFDD, 0xFFFE, 0xD637, 0xEF5A, 0xFFFD, 0xFFFD, 0xEF3A, 0xF79D,
    0xFF9C, 0xFFDE, 0xFFBD, 0xFF5C, 0xF679, 0xF637, 0xEDF6, 0xCDB6, 0xBDD7, 0xBE18, 0xD638, 0xCD95,
    0xADD8, 0xD618, 0xD575, 0xE5B6, 0xE5D6, 0xE5D7, 0xE5F7, 0xE5F7, 0xE5F7, 0xE5F7, 0xE5D7, 0xEDD6,
    0xCE18, 0x6DDA, 0x861B, 0x7DFB, 0x7DDB, 0x7DDB, 0x7DFC, 0x863D, 0x865E, 0x8E9F, 0x8E9F, 0x8EBF,
    0x8EDF, 0x96FF, 0x96DF, 0x8EDF, 0x86BF, 0x867E, 0x865D, 0x865D, 0x7E3C, 0x7DFC, 0x75BB, 0x759A,
    0x4ACE, 0x4ACE, 0x324C, 0x3AAD, 0x42EE, 0x3A8C, 0x532F, 0x4B2F, 0x3A6C, 0x324D, 0x21EA, 0x19C9,
    0x220B, 0x2A0B, 0x2A0B, 0x220B, 0x21CA, 0x428D, 0x5330, 0x324B, 0x324C, 0x3A6C, 0x21EA, 0x2A0B,
    0x21AA, 0xAEDB, 0x7CD4, 0x3A4C, 0x2A0B, 0x2A0B, 0x19AA, 0x328C, 0xBFBE, 0xC7FF, 0x3A8C, 0x74D4,
    0xCFFF, 0xC7BF, 0xBF9E, 0xC6DC, 0xE7BF, 0xE7BF, 0xD73E, 0xCEFD, 0xCEFD, 0x94F7, 0x9D59, 0xB4D5,
    0xE534, 0xEEFB, 0xFF9E, 0xFF9E, 0xF6FB, 0xF6DA, 0xF6DA, 0xF6DA, 0xF6DA, 0xF6DA, 0xF6FA, 0xC4F3,
    0xED76, 0xED96, 0xED96, 0xED96, 0xF6BA, 0xF6DA, 0xF6DA, 0xF6DA, 0xF6DA, 0xF6BA, 0xF6BA, 0xF6BA,
    0xF6BA, 0xF6B9, 0xFEDA, 0xDE17, 0xD69A, 0xFFFF, 0xFFFF, 0xFFFF, 0xFFFF, 0xFFFF, 0xFFFF, 0xFFFF,
    0xF7DF, 0xE7BF, 0xE7BF, 0xEFBF, 0xE7BF, 0xE7BF, 0xEFBF, 0xEFBF, 0xDFDE, 0xB7DB, 0xAF9B, 0x75F9,
    0x6D78, 0x75B9, 0x7DB9, 0x85D9, 0x961A, 0xA67B, 0xA63B, 0x9DF9, 0x9DD9, 0x95D9, 0x95D9, 0x95F9,
    0x9E1A, 0x9E1A, 0x95F9, 0x95DA, 0xA65B, 0x95F9, 0x9E3A, 0x9E5A, 0x9E1A, 0xA67C, 0xAEDD, 0xAEBD,
    0xB6DD, 0xB6FD, 0xB6FD, 0xB6FD, 0xAE9D, 0xAEFD, 0xCF3E, 0xFFFF, 0xE71C, 0xD514, 0xF639, 0xF659,
    0xDCF4, 0xBBD0, 0xD554, 0xEDF6, 0xE5D6, 0xE5B5, 0xF5F6, 0xFDF6, 0xF5D6, 0xC639, 0xDF3D, 0x8C95,
    0xBE7A, 0xBE9B, 0x9DFA, 0xB63A, 0x8D58, 0xBE19, 0x8CF5, 0x5A4B, 0x7B0E, 0x8517, 0x96BD, 0xB73E,
    0x967C, 0xA73E, 0x9EFE, 0x9EFD, 0x96BD, 0x8E7C, 0x7E1B, 0x75FB, 0x7579, 0x9D78, 0xFFFF, 0xFFFF,
    0xFFFF, 0xFFFF, 0xFFFF, 0xFFFE, 0xFFFF, 0xFFFF, 0xFFDE, 0xFFFB, 0xC71B, 0xBF1B, 0xFFFC, 0xFFFD,
    0xFFFD, 0xFFFD, 0xEED9, 0xFFBE, 0xFF7C, 0xFF9D, 0xEEFA, 0xD657, 0xFFFD, 0xFFFC, 0xF77B, 0xEF5C,
    0xFFDE, 0xFFDE, 0xFF9D, 0xFF5C, 0xF678, 0xEE17, 0xEE37, 0xF637, 0xEE37, 0xE617, 0xC69A, 0xD6FC,
    0xD5D6, 0xF678, 0xCD75, 0xE5B6, 0xE5D6, 0xE5D6, 0xE5F7, 0xE5F7, 0xE5F7, 0xE5F7, 0xE5F7, 0xE5D6,
    0xDE38, 0x75BA, 0x75BB, 0x759A, 0x7DDB, 0x7DFB, 0x7DFB, 0x861C, 0x861D, 0x863D, 0x863D, 0x8E9E,
    0x8EDF, 0x971F, 0x971F, 0x96FF, 0x96FF, 0x96BF, 0x8E7F, 0x8E3D, 0x85FC, 0x7DDC, 0x7DDB, 0x75BB,
    0x3AAD, 0x326D, 0x42AE, 0x42AD, 0x3A8D, 0x42CE, 0x532F, 0x4B0F, 0x324C, 0x2A0B, 0x19A9, 0x2A2B,
    0x2A2B, 0x2A2B, 0x2A0B, 0x21EB, 0x21CA, 0x3A6C, 0x5350, 0x3A6C, 0x322B, 0x3A6C, 0x21EA, 0x21EB,
    0x2A4B, 0xBF7D, 0x6412, 0x324C, 0x220B, 0x2A0B, 0x19A9, 0x430E, 0xC7FF, 0xCFFF, 0x5BB0, 0x534F,
    0xCFFF, 0xC7DF, 0xBF7E, 0xC6FC, 0xE77E, 0xB63A, 0xC6BC, 0xDF7F, 0xDF5E, 0xBDD9, 0xD6DC, 0xB535,
    0xDCF3, 0xEF1B, 0xFFBE, 0xFF7D, 0xF6FA, 0xF6DA, 0xF6DA, 0xF6DA, 0xF6DA, 0xF6DA, 0xF6FB, 0xC513,
    0xED76, 0xEDB6, 0xED96, 0xEDF7, 0xF6DA, 0xF6DA, 0xF6DA, 0xF6DA, 0xF6DA, 0xF6BA, 0xF6BA, 0xF6BA,
    0xF6BA, 0xF6B9, 0xF6B9, 0xFEDA, 0xCD95, 0xEF5D, 0xFFFF, 0xFFFF, 0xFFFF, 0xFFFF, 0xFFFF, 0xFFFF,
    0xF7DF, 0xE7BF, 0xEFBF, 0xEFBF, 0xE7BF, 0xEFBF, 0xEFBF, 0xEFBF, 0xD7DE, 0xC7DC, 0xB77C, 0x7DF9,
    0x7598, 0x7DB9, 0x85B9, 0x7D98, 0x85B9, 0x95D9, 0x95D9, 0x9DF9, 0x95F9, 0x9E1A, 0x9E5B, 0x9E1A,
    0x9E1A, 0x9E1A, 0x9E3A, 0x9E3B, 0xA65B, 0x9E1A, 0xA65B, 0x9E5B, 0x9E1A, 0xA65B, 0xB6DE, 0xB6FD,
    0xB6FD, 0xAEFE, 0xAEFE, 0xB6FE, 0xAEDD, 0xAEDD, 0xBF3E, 0xEFBF, 0xF7BE, 0xCD35, 0xCC52, 0xCCB3,
    0xCC72, 0xBC31, 0xF637, 0xFE37, 0xFE17, 0xFE16, 0xF5F6, 0xFDF7, 0xF5F6, 0xB5D8, 0xB67B, 0xAE7B,
    0xCEFD, 0xF7BE, 0xE77D, 0xF7BD, 0xDEFB, 0xCE59, 0x8D57, 0xA472, 0x8B6F, 0x8433, 0x6412, 0x6BD1,
    0x8DD9, 0x9F3F, 0x8EDD, 0x96FD, 0x96BD, 0x8E9D, 0x861B, 0x75BA, 0x5D19, 0xCEFC, 0xFFFF, 0xFFFF,
    0xFFFF, 0xFFFF, 0xFFFF, 0xFFFF, 0xFFFF, 0xFFFE, 0xFFDC, 0xFFFC, 0xAEBA, 0x8659, 0x9E9A, 0xE79B,
    0xFFFD, 0xFFFD, 0xEEFA, 0xFF7D, 0xFF9D, 0xFF9C, 0xFF5B, 0xDE77, 0xFFFC, 0xFFFC, 0xFFBC, 0xE71B,
    0xFFFF, 0xFFBD, 0xFFBD, 0xFF3B, 0xF658, 0xEE37, 0xEE17, 0xEE37, 0xEE37, 0xF657, 0xDDD6, 0x95B9,
    0xC5D7, 0xF678, 0xCD75, 0xE5B6, 0xE5D6, 0xE5D6, 0xE5F7, 0xE5F7, 0xE5F7, 0xE5F7, 0xE5F7, 0xE5D6,
    0xEE58, 0x7D99, 0x6D7A, 0x759A, 0x759A, 0x75BA, 0x75BB, 0x75BB, 0x7DDB, 0x7DFC, 0x863C, 0x865D,
    0x867D, 0x8E9E, 0x8EDF, 0x96FF, 0x96FF, 0x8EBF, 0x8E7F, 0x8E7E, 0x863D, 0x861D, 0x863D, 0x7E1C,
    0x3A8D, 0x4AEF, 0x42AE, 0x326C, 0x3AAD, 0x4B0F, 0x532F, 0x42CE, 0x21EA, 0x19A9, 0x2A2C, 0x324C,
    0x2A2B, 0x2A2B, 0x220B, 0x2A0B, 0x19CA, 0x2A2B, 0x5330, 0x42AD, 0x322B, 0x3A6D, 0x29EA, 0x21CA,
    0x430E, 0xC79E, 0x534F, 0x324D, 0x21EB, 0x2A0B, 0x19A9, 0x32AC, 0xC7BE, 0xD7FF, 0x7D15, 0x322B,
    0xC7DF, 0xC7FF, 0xC7DF, 0xA5F9, 0x7436, 0x84F8, 0xFFFF, 0xFFFF, 0xFFDE, 0xDEBB, 0xBD76, 0xE555,
    0xD514, 0xEF3C, 0xFFBE, 0xF75C, 0xF6FA, 0xF6DA, 0xF6DA, 0xF6DA, 0xF6DA, 0xF6DA, 0xF71B, 0xC513,
    0xED96, 0xF5B7, 0xED96, 0xF638, 0xF6DA, 0xF6BA, 0xF6DA, 0xF6DA, 0xF6DA, 0xF6DA, 0xF6BA, 0xF6BA,
    0xF6BA, 0xF6B9, 0xF6B9, 0xF6BA, 0xF679, 0xC5B5, 0xFFFF, 0xFFFF, 0xFFFF, 0xFFFF, 0xF7DF, 0xEFBF,
    0xE7BF, 0xEFBF, 0xEFBF, 0xEFBF, 0xEFBF, 0xEFBF, 0xE7BF, 0xE7DF, 0xE7BF, 0xE7BE, 0xAF1B, 0x969A,
    0x967A, 0x7DD9, 0x7598, 0x85B9, 0x7598, 0x95FA, 0xA65B, 0xA67B, 0x9E5B, 0xAE9C, 0xA67C, 0x9E1A,
    0x9E3A, 0x9E1A, 0x9E3B, 0x9E1A, 0x9E5A, 0x9E1A, 0x95F9, 0x9619, 0x9E1A, 0xA67B, 0xBF1E, 0xAEDD,
    0xB6FD, 0xB6FE, 0xB71E, 0xB6FE, 0xB6FD, 0xAEBD, 0xB71E, 0xE7BF, 0xFFFF, 0xF7FF, 0xEFBE, 0xE71C,
    0xAB8F, 0xC3D0, 0xF617, 0xFE37, 0xF616, 0xF5F6, 0xF5F6, 0xF5F6, 0xFE37, 0xA535, 0xB69B, 0xFFFF,
    0xFFFF, 0xFFFF, 0xFFFF, 0xFFBE, 0xFFDD, 0xFFBD, 0xCE17, 0xF6DA, 0xDDF7, 0xBDB7, 0x6D17, 0x8EDD,
    0x9F3E, 0x9EFE, 0x9EFD, 0x96DD, 0x96DD, 0x969C, 0x863B, 0x6DBA, 0x7579, 0xF7BE, 0xFFFF, 0xFFFF,
    0xFFFF, 0xFFFF, 0xFFFF, 0xFFFF, 0xFFDE, 0xFFDD, 0xFFDD, 0xFFDC, 0xA699, 0x8E79, 0xA6BA, 0xF7DC,
    0xFFFC, 0xFFFD, 0xEEFA, 0xF75C, 0xFF9D, 0xFF9D, 0xFF5C, 0xDE97, 0xFFFC, 0xFFDC, 0xFFFC, 0xE6FA,
    0xFFBE, 0xFF9C, 0xFFBD, 0xFF3B, 0xF658, 0xEE37, 0xEE17, 0xEE17, 0xEE37, 0xEE37, 0xF658, 0xD5D6,
    0xE637, 0xF679, 0xCD75, 0xE595, 0xE5D6, 0xE5D6, 0xE5D6, 0xE5D7, 0xE5D7, 0xE5D7, 0xE5D7, 0xE5D6,
    0xF638, 0x8DB9, 0x6D5A, 0x759A, 0x759A, 0x759A, 0x759A, 0x75BA, 0x75BA, 0x75BB, 0x7DFB, 0x7DFB,
    0x7E1C, 0x867E, 0x8E9E, 0x8E9F, 0x8E7F, 0x8EBF, 0x8EBF, 0x8E9F, 0x867F, 0x867E, 0x867E, 0x7E5D,
    0x4B0F, 0x42AE, 0x3A4D, 0x322B, 0x3AAD, 0x4B2F, 0x4B2F, 0x326C, 0x21EA, 0x326C, 0x3A8D, 0x2A2B,
    0x2A2B, 0x2A2B, 0x220A, 0x220B, 0x19C9, 0x2A2B, 0x532F, 0x4AEE, 0x322B, 0x3A6D, 0x2A0A, 0x1989,
    0x5C11, 0xBF5D, 0x42EE, 0x324C, 0x21EB, 0x220B, 0x21CA, 0x220A, 0xBF5D, 0xD7FF, 0x9E59, 0x2189,
    0xA6BB, 0xCFFF, 0xCFFF, 0xB6FC, 0x8517, 0xAE1A, 0xEF7D, 0xB5FA, 0xA578, 0xA59A, 0x9C95, 0xED34,
    0xD554, 0xEF5C, 0xFF9E, 0xF73C, 0xF6FA, 0xF6DA, 0xF6DA, 0xF6DA, 0xF6DA, 0xF6DA, 0xF71B, 0xC513,
    0xF596, 0xEDB7, 0xEDB7, 0xF679, 0xF6DA, 0xF6BA, 0xF6DA, 0xF6BA, 0xF6BA, 0xF6BA, 0xF6BA, 0xF6B9,
    0xF6BA, 0xF6BA, 0xF6B9, 0xF6B9, 0xFEFA, 0xDD96, 0xDEBA, 0xFFFF, 0xEFBF, 0xE7BF, 0xE7DF, 0xE7BF,
    0xEFBF, 0xEFBF, 0xE7BF, 0xE7BF, 0xEFBF, 0xE7BF, 0xE7BF, 0xE7BF, 0xEFDF, 0xE7BE, 0xA6DB, 0xA71A,
    0x861A, 0x6D78, 0x7DB9, 0x8DFA, 0x7DD9, 0x85FA, 0x9E7B, 0x7DD9, 0x8E3A, 0xAE7B, 0x95FA, 0x9E3A,
    0x9E3A, 0x9E3A, 0x9E5A, 0x95FA, 0x961A, 0x9E3A, 0x961A, 0x961A, 0x8DFA, 0x9E3B, 0xB6FD, 0xB6FD,
    0xB71E, 0xB71E, 0xB6FE, 0xB6FE, 0xB71E, 0xAEDD, 0xB73E, 0xF7FF, 0xFFFF, 0xF7DF, 0xF7FF, 0xF7FF,
    0xD5F8, 0xD596, 0xD595, 0xFE57, 0xF617, 0xF616, 0xFDF6, 0xF5F7, 0xFE37, 0xD5B6, 0xDEBA, 0xFFFF,
    0xFFFF, 0xFFFF, 0xFFDE, 0xFFBE, 0xFF9D, 0xF79D, 0xEE99, 0xD5F7, 0xA3F2, 0xBDB8, 0x9E9C, 0x8EBC,
    0x9F1E, 0x8EDD, 0x8EBD, 0x8EBD, 0x869C, 0x867C, 0x7E3B, 0x6579, 0xA63B, 0xFFFF, 0xFFFF, 0xFFFF,
    0xFFFF, 0xFFFF, 0xFFFF, 0xFFFE, 0xFFFE, 0xFFDD, 0xFFFC, 0xEFBB, 0x8E59, 0x9E99, 0xF7DC, 0xFFFC,
    0xFFDC, 0xFFFD, 0xEF3A, 0xF75C, 0xFF9D, 0xFF9D, 0xFF5C, 0xD636, 0xFFFC, 0xFFDC, 0xFFFC, 0xF7BC,
    0xFFDF, 0xFF9C, 0xFF9D, 0xFF1B, 0xF657, 0xEE37, 0xEE17, 0xEE17, 0xEE37, 0xEE37, 0xEE37, 0xF658,
    0xEE58, 0xF678, 0xCD75, 0xDD95, 0xE5D6, 0xE5D6, 0xE5D6, 0xE5D6, 0xE5D7, 0xE5D7, 0xE5F7, 0xE5D6,
    0xF637, 0xA5F9, 0x759A, 0x7DBA, 0x7DBA, 0x75BA, 0x759A, 0x759A, 0x75BA, 0x75BB, 0x75BB, 0x7DDB,
    0x85FC, 0x861C, 0x865D, 0x869E, 0x8EBF, 0x8EBF, 0x8EBF, 0x8EBF, 0x86BF, 0x869E, 0x7E3D, 0x7DFC,
    0x3AAE, 0x326C, 0x3A8D, 0x2A0A, 0x42CE, 0x5330, 0x4B0F, 0x4B4E, 0x42EE, 0x3A6D, 0x326C, 0x2A2B,
    0x2A2B, 0x2A2B, 0x222B, 0x21EB, 0x21EA, 0x326C, 0x4AEE, 0x4B0F, 0x322B, 0x3A6D, 0x2A2B, 0x1169,
    0x7D35, 0xB6FB, 0x3A8D, 0x324C, 0x21EB, 0x21EA, 0x21EA, 0x19A8, 0xAEDB, 0xCFFF, 0xBF7D, 0x29EA,
    0x7D15, 0xD7FF, 0xC7BF, 0xCFFF, 0xD7FF, 0xA619, 0x6BF5, 0x84B8, 0xA579, 0xAD99, 0x9558, 0xC4B3,
    0xDD96, 0xF77D, 0xFF9D, 0xF71B, 0xF6DA, 0xF6DA, 0xF6DA, 0xF6DA, 0xF6DA, 0xF6DA, 0xF6FB, 0xC533,
    0xEDB7, 0xEDB7, 0xF5D7, 0xF6DA, 0xF6BA, 0xF6BA, 0xF6BA, 0xF6DA, 0xFEFA, 0xFF1B, 0xFF1B, 0xFF1B,
    0xFEFA, 0xFEFA, 0xF6BA, 0xF699, 0xF699, 0xF679, 0xD596, 0xE7BE, 0xE7DF, 0xE7BF, 0xE7BF, 0xE7BF,
    0xE7BF, 0xEFBF, 0xE7BF, 0xE7BF, 0xEFBF, 0xEFBF, 0xEFBF, 0xE7BF, 0xE7BF, 0xEFBF, 0xCFBD, 0xBFDC,
    0xAF3B, 0x85F9, 0x6D98, 0x6D98, 0x6D98, 0x6D98, 0x6D98, 0x8E7A, 0xA6BB, 0xA65B, 0x9E3A, 0xA67A,
    0xA65B, 0xA65B, 0x9E3B, 0x9E1A, 0xA67B, 0xAEBC, 0xA69C, 0x85DA, 0x8E1A, 0x961A, 0xB6FE, 0xAEFE,
    0xB6FE, 0xB71E, 0xB71E, 0xBF3E, 0xB71E, 0xAEFD, 0xAEFE, 0xCF7F, 0xEFDF, 0xF7DF, 0xF7DF, 0xF7DF,
    0xFFFF, 0xFFFF, 0xDEBA, 0xEDD5, 0xFE37, 0xF617, 0xF5F6, 0xF617, 0xFE37, 0xFE38, 0xDE58, 0xFFFF,
    0xFFFF, 0xFFFF, 0xFFDE, 0xFFBD, 0xFFBD, 0xF79D, 0xE6B9, 0xBD35, 0x9350, 0x9433, 0xA5F9, 0x863B,
    0x8EDD, 0x869D, 0x869D, 0x869D, 0x867C, 0x867C, 0x865C, 0x6D7A, 0xDF1D, 0xFFFF, 0xFFFF, 0xFFFF,
    0xFFFF, 0xFFFF, 0xE79E, 0xD77D, 0xD77C, 0xEFBD, 0xFFFD, 0xD75A, 0x8E79, 0xEFBB, 0xFFFC, 0xFFDC,
    0xFFDC, 0xFFFD, 0xF75B, 0xF71B, 0xFF9D, 0xF75C, 0xFFDE, 0xD637, 0xE6D9, 0xFFFD, 0xFFDC, 0xFFBD,
    0xEF5D, 0xFFBD, 0xFF9D, 0xFF1B, 0xF657, 0xEE17, 0xEE17, 0xEE37, 0xEE37, 0xEE37, 0xEE37, 0xEE37,
    0xEE38, 0xF678, 0xCD55, 0xDD75, 0xE5D6, 0xE5B6, 0xE5D6, 0xE5D6, 0xE5D6, 0xE5D7, 0xE5D7, 0xE5D6,
    0xF617, 0xB619, 0x75DA, 0x7DFA, 0x75DA, 0x759A, 0x759A, 0x75BA, 0x75BA, 0x759A, 0x759A, 0x75BA,
    0x7DDB, 0x7E1C, 0x7E7D, 0x867D, 0x867D, 0x867E, 0x869E, 0x7E7E, 0x7E3E, 0x7E1D, 0x7DFC, 0x7DDC,
    0x3A6D, 0x3A8D, 0x3A8D, 0x2A4B, 0x4B0F, 0x5350, 0x42CD, 0x3AAC, 0x42CE, 0x326C, 0x324C, 0x2A2B,
    0x2A2B, 0x2A0B, 0x222B, 0x19CA, 0x326C, 0x326C, 0x42CE, 0x5330, 0x326C, 0x324C, 0x324C, 0x1168,
    0x9E59, 0x9E39, 0x3A6D, 0x2A4C, 0x21EB, 0x21EA, 0x21EA, 0x1147, 0x9E18, 0xCFFF, 0xCFFF, 0x4B2E,
    0x534F, 0xD7FF, 0xC7DF, 0xC7DF, 0xCFFF, 0xB73D, 0xA63A, 0xB6BB, 0xB6DC, 0xBF3D, 0xBF9E, 0xBD54,
    0xDDB6, 0xFFDE, 0xFF7D, 0xF71B, 0xF6DA, 0xF6DA, 0xF6DA, 0xF6DA, 0xF6DA, 0xF6DA, 0xF6FA, 0xC534,
    0xF5B7, 0xF5B7, 0xEE17, 0xF6DA, 0xFEFB, 0xFF3B, 0xFF1B, 0xF6B9, 0xE618, 0xD5B7, 0xD596, 0xCD96,
    0xDDD7, 0xEE58, 0xFEDA, 0xFF1B, 0xFF3B, 0xFF1B, 0xEE17, 0xCE99, 0xEFFF, 0xE7BF, 0xEFBF, 0xEFBF,
    0xEFBF, 0xEFBF, 0xEFBF, 0xE7BF, 0xEFBF, 0xEFBF, 0xEFBF, 0xEFDF, 0xE7BF, 0xF7DF, 0xCFDD, 0xA75A,
    0x969A, 0x7DB9, 0x85F9, 0x961A, 0x75B8, 0x7599, 0x75B8, 0x967A, 0xAEFB, 0xAEBB, 0xAE7B, 0xAE9B,
    0xA65B, 0x9E3B, 0x9E5B, 0x9E5A, 0xA69B, 0xA6BC, 0x965B, 0x75B9, 0x75B9, 0x963A, 0xAEBD, 0xBF3E,
    0xB71E, 0xBF3E, 0xB71E, 0xB71E, 0xB73E, 0xBF3E, 0xAEFE, 0xB73E, 0xCF7F, 0xFFFF, 0xF7FF, 0xF7DF,
    0xF7DF, 0xF7DF, 0xF7DF, 0xE679, 0xF637, 0xF617, 0xF616, 0xF617, 0xF618, 0xFE58, 0xE638, 0xF7BE,
    0xFFFF, 0xFFFF, 0xFFDF, 0xFFBE, 0xFFBD, 0xF77C, 0xEE99, 0x9D36, 0x7C34, 0xADD9, 0xDE58, 0x965B,
    0x86BD, 0x869D, 0x867C, 0x867C, 0x865C, 0x865C, 0x7E1C, 0x85BA, 0xFFDF, 0xFFFF, 0xFFFF, 0xFFFF,
    0xFFFF, 0xFFFE, 0xD77D, 0xC73C, 0xB6FB, 0xEFBD, 0xFFFC, 0xD75A, 0xE77B, 0xFFFC, 0xFFDC, 0xFFDB,
    0xFFDC, 0xFFFC, 0xF77B, 0xE678, 0xE678, 0xDE58, 0xD617, 0xF79D, 0xD657, 0xBCB1, 0xCDF6, 0xFFFF,
    0xE6FA, 0xFF9E, 0xFF9D, 0xFF1B, 0xEE37, 0xEE17, 0xEE17, 0xEE17, 0xEE37, 0xEE37, 0xEE37, 0xEE37,
    0xEE37, 0xF679, 0xC574, 0xDD75, 0xE5B6, 0xE5B6, 0xE5B6, 0xE5D6, 0xE5D6, 0xE5D6, 0xE5D7, 0xE5D6,
    0xF617, 0xC639, 0x6DBA, 0x7DFA, 0x7DFA, 0x75BA, 0x75BA, 0x75BA, 0x759A, 0x75BA, 0x75BA, 0x75DB,
    0x7E3C, 0x7E3C, 0x7E5C, 0x7E5D, 0x7E3C, 0x7E1C, 0x7E1C, 0x7E1C, 0x7E1C, 0x7E1C, 0x7DFC, 0x7DDC,
    0x3A8D, 0x3A8D, 0x3A8D, 0x326C, 0x4B2F, 0x4B30, 0x3AAD, 0x3A8D, 0x3AAD, 0x328D, 0x2A2C, 0x2A2B,
    0x2A2B, 0x2A2B, 0x220B, 0x19C9, 0x42EE, 0x324C, 0x3A8C, 0x5330, 0x42AD, 0x324C, 0x324C, 0x19C9,
    0xB71C, 0x8D76, 0x3A6D, 0x2A2B, 0x21EB, 0x21EA, 0x21EA, 0x1147, 0x7CF4, 0xD7FF, 0xD7FF, 0x7CF4,
    0x29EA, 0xBF7E, 0xCFFF, 0xC7DF, 0xC7DF, 0xCFFF, 0xCFFF, 0xCFFF, 0xCFFF, 0xCFFF, 0xC7FF, 0xBD34,
    0xE618, 0xFFDE, 0xFF5D, 0xF6FB, 0xF6DA, 0xF6DA, 0xF6DA, 0xF6DA, 0xF6DA, 0xF6DA, 0xF6FA, 0xCD34,
    0xF5D7, 0xEDB7, 0xFEBA, 0xFF5B, 0xE638, 0xAC73, 0x7AF0, 0x5A2E, 0x520E, 0x51EE, 0x51ED, 0x51CD,
    0x51CC, 0x51CC, 0x520C, 0x6AAE, 0x9C11, 0xCD96, 0xFEDA, 0xE6B9, 0xE79E, 0xE7BF, 0xEFBF, 0xEFBF,
    0xEFBF, 0xEFBF, 0xEFBF, 0xEFBF, 0xEFBF, 0xEFBF, 0xEFBF, 0xE79F, 0xEFDF, 0xF7FF, 0xFFFF, 0xCFBD,
    0x8E9A, 0x6D98, 0x7DB9, 0x8DD9, 0x7D99, 0x6D99, 0x7578, 0x8E19, 0xAEDB, 0xB6DB, 0xAF1B, 0xA69B,
    0xA69B, 0xAF1B, 0xAEFB, 0x9E7B, 0x9E7B, 0x9E9B, 0xA69C, 0x85FA, 0x85FA, 0x963A, 0xA69C, 0xBF5E,
    0xAF1E, 0xB71E, 0xB73E, 0xBF3E, 0xB73E, 0xB73E, 0xAEFD, 0xB73E, 0xDF9F, 0xF7DF, 0xF7FF, 0xF7FF,
    0xF7FF, 0xF7DF, 0xFFFF, 0xF7BF, 0xFE99, 0xFE37, 0xFF1A, 0xFF3B, 0xFEFA, 0xFEBA, 0xEE59, 0xEF5D,
    0xFFFF, 0xFFFF, 0xFFFF, 0xFFDE, 0xFFDE, 0xEF5C, 0xEE79, 0x9E19, 0xBE18, 0xEE37, 0xAD35, 0x7E1B,
    0x8EBD, 0x8E9C, 0x867C, 0x7E3C, 0x7E3C, 0x7E1B, 0x75FB, 0xBEDD, 0xFFFF, 0xFFFF, 0xFFFF, 0xFFFF,
    0xFFFF, 0xF7DE, 0xCF7D, 0xBF3C, 0xE7BD, 0xFFFD, 0xFFDC, 0xFFDC, 0xFFFC, 0xFFDC, 0xFFDC, 0xFFDC,
    0xFFDC, 0xFFFC, 0xF79B, 0xCDB5, 0xCD95, 0xD617, 0xCD33, 0xB4B1, 0xD616, 0xC553, 0xF7BE, 0xFFFE,
    0xEF3B, 0xF77D, 0xFF9D, 0xFF1A, 0xEE37, 0xEE17, 0xEE17, 0xEE17, 0xEE37, 0xEE37, 0xEE37, 0xEE37,
    0xEE37, 0xF678, 0xCD75, 0xDD75, 0xE5B6, 0xE5B6, 0xE5B6, 0xE5B6, 0xE5D6, 0xE5D6, 0xE5D6, 0xE5D7,
    0xEE17, 0xCE58, 0x6DDA, 0x7DFB, 0x75BA, 0x759A, 0x75BA, 0x759A, 0x75BA, 0x7DFB, 0x7E1B, 0x7E3B,
    0x7E3B, 0x761B, 0x75FB, 0x75DB, 0x75DB, 0x7DDB, 0x7DFB, 0x7DDB, 0x7DFC, 0x7DFC, 0x7DFC, 0x75FB,
    0x3A8D, 0x3AAD, 0x2A0B, 0x3AAD, 0x5350, 0x4B0F, 0x3ACD, 0x3A8D, 0x3A8D, 0x326D, 0x2A2C, 0x2A2B,
    0x2A2B, 0x2A2C, 0x19CA, 0x2A2A, 0x4B0F, 0x2A2B, 0x2A4B, 0x4B0F, 0x4B0F, 0x324C, 0x322C, 0x2A2A,
    0xCFDF, 0x74B4, 0x3A6D, 0x2A2B, 0x2A0B, 0x220A, 0x21EA, 0x1148, 0x5BD0, 0xD7FF, 0xCFFF, 0xA69A,
    0x1969, 0x95F8, 0xD7FF, 0xC7DF, 0xC7DF, 0xC7DF, 0xC7DF, 0xC7DF, 0xC7DF, 0xC7FF, 0xC7BE, 0xBCF3,
    0xEEBA, 0xFFBE, 0xF73C, 0xF6FB, 0xF6DA, 0xF6DA, 0xF6DA, 0xF6DA, 0xF6DA, 0xF6DA, 0xF6DA, 0xCD14,
    0xF5D8, 0xFE59, 0xD5F7, 0x7B50, 0x418B, 0x49ED, 0x7B51, 0xA4B4, 0xC596, 0xDE38, 0xE659, 0xE679,
    0xDE38, 0xCDB6, 0xACF4, 0x8BD1, 0x5A6D, 0x3949, 0x41AA, 0x8BD1, 0xDEDB, 0xEFFF, 0xE7BF, 0xE7BF,
    0xE7BF, 0xEFBF, 0xEFBF, 0xEFBF, 0xE7BF, 0xE7BF, 0xEFDF, 0xD75E, 0xB69C, 0xB67C, 0xC6DD, 0xBF3C,
    0x9EFA, 0x7598, 0x7D78, 0x7D59, 0x7D79, 0x7578, 0x7D99, 0x85B9, 0x9E5B, 0xA69B, 0xA6FB, 0xAF7B,
    0x96BB, 0x9F1A, 0x969B, 0x9E7B, 0x9E7B, 0xA6BC, 0xA6BC, 0x967B, 0x9E9C, 0x9E7B, 0x9E7B, 0xBF5E,
    0xB73E, 0xB73E, 0xB73E, 0xB73E, 0xB73E, 0xB73E, 0xB73E, 0xB71E, 0xBF7E, 0xDF9F, 0xFFFF, 0xF7DF,
    0xFFFF, 0xFFFF, 0xFFFF, 0xE7BF, 0xC6DC, 0xFF3B, 0xFF9D, 0xFF9C, 0xFFBD, 0xFFBD, 0xFF7D, 0xE6FC,
    0xFFFF, 0xFFFF, 0xFFFF, 0xFFFF, 0xFFDE, 0xE73C, 0xEE59, 0xAEBC, 0x863A, 0x8C73, 0x7D58, 0x8EBD,
    0x8E9C, 0x7E5C, 0x7E3C, 0x7E3C, 0x75FB, 0x8E7C, 0x96FE, 0xE79F, 0xFFFF, 0xFFFF, 0xFFFF, 0xFFFF,
    0xFFFF, 0xE7BE, 0xC75C, 0xDF9D, 0xFFFD, 0xFFDD, 0xFFDC, 0xFFDC, 0xFFDC, 0xFFDC, 0xFFDC, 0xFFDC,
    0xFFDC, 0xFFDC, 0xFFFC, 0xD657, 0xBD12, 0xCDF5, 0xDE37, 0xEF3A, 0xDEB8, 0xFFFD, 0xFFFF, 0xFFFD,
    0xF79C, 0xEF3C, 0xFFBD, 0xFF1A, 0xEE37, 0xEE17, 0xEE17, 0xEE17, 0xEE37, 0xEE37, 0xEE37, 0xEE38,
    0xEE37, 0xF679, 0xCD95, 0xDD95, 0xE5B6, 0xE5B6, 0xE5B6, 0xE5B6, 0xE5D6, 0xE5D6, 0xE5D6, 0xE5D7,
    0xEDF7, 0xDE58, 0x759A, 0x75BA, 0x75BA, 0x75DB, 0x75DB, 0x7DDA, 0x75FB, 0x7DFB, 0x75FB, 0x75FB,
    0x75DA, 0x75BA, 0x759A, 0x75BA, 0x75BB, 0x75BB, 0x75BA, 0x75BB, 0x75BB, 0x75DB, 0x75BB, 0x75BA,
    0x326D, 0x2A0B, 0x63B0, 0x4B2F, 0x4B30, 0x42EE, 0x42EE, 0x3AAD, 0x326D, 0x2A4C, 0x2A2C, 0x2A4B,
    0x2A4C, 0x220B, 0x32AC, 0x4B4F, 0x42EE, 0x2A2B, 0x220A, 0x4AEE, 0x4B0F, 0x3A8C, 0x2A0B, 0x42ED,
    0xD7FF, 0x6432, 0x3A8D, 0x2A2B, 0x220A, 0x220A, 0x21CA, 0x1989, 0x3AAC, 0xCFDF, 0xCFFF, 0xC7BE,
    0x324B, 0x63F1, 0xD7FF, 0xC7DF, 0xC7DF, 0xC7DF, 0xC7DF, 0xC7FF, 0xC7DF, 0xCFFF, 0xBF5D, 0xC4D3,
    0xF75C, 0xFFBE, 0xF71B, 0xF6DA, 0xF6DA, 0xF6DA, 0xF6DA, 0xF6DA, 0xF6DA, 0xF6DA, 0xEEBA, 0xD574,
    0xF618, 0x8B70, 0x312A, 0x522D, 0xACF5, 0xEEDA, 0xFF5B, 0xFF5C, 0xFF3B, 0xFF1B, 0xFF1B, 0xFEFA,
    0xFF1B, 0xFF1B, 0xFF3B, 0xFF5B, 0xFF5B, 0xE699, 0xAC93, 0x5A0C, 0x5A8D, 0xDF5D, 0xEFDF, 0xE7BF,
    0xE7BF, 0xEFBF, 0xEFBF, 0xEFBF, 0xE7BF, 0xEFDF, 0xF7FF, 0xBEDC, 0x859A, 0x95DA, 0x8D9A, 0x9E5A,
    0xAF5B, 0x7DF9, 0x7D78, 0x8DBA, 0x85B9, 0x7D99, 0x85D9, 0xA67C, 0x9E7B, 0xA69B, 0x965A, 0x7E1A,
    0x6DF9, 0x75DA, 0x6579, 0x7E1A, 0xAEBC, 0xA6DC, 0xA6BC, 0xA6BC, 0x9E9C, 0x9E9B, 0x9E7B, 0xB73E,
    0xB73F, 0xB73E, 0xB75E, 0xB75E, 0xB75F, 0xAF3E, 0xB73F, 0xB73E, 0xB75E, 0xCF9F, 0xFFFF, 0xFFFF,
    0xF7DF, 0xCF5E, 0xA6DD, 0x869C, 0x7E7C, 0xCF1C, 0xFFBC, 0xFF7C, 0xFF7C, 0xFFBD, 0xFFFF, 0xE77D,
    0xF7BE, 0xFFFF, 0xFFFF, 0xFFFF, 0xFFFE, 0xE75C, 0xE659, 0x965B, 0x86DE, 0x7E7C, 0x869D, 0x869D,
    0x7E5C, 0x867C, 0x7E1B, 0x75FB, 0x96DD, 0x9F1E, 0x85FB, 0xF79E, 0xFFFF, 0xFFFF, 0xFFFF, 0xFFFF,
    0xFFFF, 0xD77D, 0xD77D, 0xFFFD, 0xFFDD, 0xFFDD, 0xFFDC, 0xFFDC, 0xFFDC, 0xFFDC, 0xFFDC, 0xFFDC,
    0xFFDC, 0xFFDC, 0xFFDC, 0xFFFC, 0xFFFD, 0xFFFD, 0xFFFD, 0xFFFD, 0xFFFC, 0xFFFD, 0xFFFE, 0xFFFD,
    0xFFDD, 0xE71B, 0xFFBE, 0xF71B, 0xEE37, 0xEE17, 0xEE17, 0xEE17, 0xEE37, 0xEE37, 0xEE37, 0xEE38,
    0xEE37, 0xF678, 0xCD75, 0xE5B5, 0xE596, 0xE596, 0xE5B6, 0xE5B6, 0xE5B6, 0xE5B6, 0xE5D6, 0xE5D6,
    0xE5F7, 0xE658, 0x7DB9, 0x761B, 0x7E3D, 0x75DB, 0x75FB, 0x75FB, 0x7E1B, 0x75DA, 0x75BA, 0x75BA,
    0x759A, 0x759A, 0x75BA, 0x759A, 0x759A, 0x759A, 0x759A, 0x759A, 0x759B, 0x759A, 0x759A, 0x75DB,
    0x324C, 0xADB7, 0xCEBA, 0x3ACE, 0x5350, 0x42EE, 0x3ACE, 0x42CE, 0x326C, 0x2A4C, 0x2A4C, 0x2A4C,
    0x2A4C, 0x21CA, 0x74F4, 0x4B4F, 0x42CE, 0x2A2B, 0x220B, 0x42CE, 0x4B0F, 0x42EE, 0x21EA, 0x5390,
    0xD7FF, 0x5BB0, 0x3A6D, 0x2A2B, 0x2A0B, 0x220B, 0x21C9, 0x21CA, 0x21CA, 0xB6FB, 0xCFFF, 0xD7FF,
    0x6411, 0x324B, 0xC7BE, 0xCFFF, 0xC7DF, 0xC7DF, 0xC7DF, 0xC7DF, 0xC7DF, 0xCFFF, 0xB659, 0xD534,
    0xFFBE, 0xFF7D, 0xF6FB, 0xF6FA, 0xF6DA, 0xF6DA, 0xF6DA, 0xF6DA, 0xF6DA, 0xF6DA, 0xF6DA, 0xBCB3,
    0x520C, 0x3149, 0xA4B4, 0xFF5B, 0xFF9C, 0xFEFA, 0xEE99, 0xDE38, 0xDE18, 0xD618, 0xCDF7, 0xC5F8,
    0xC5D7, 0xBD96, 0xBDB7, 0xC5D7, 0xCDF8, 0xD618, 0xE658, 0xEEDB, 0xA4B5, 0xBDD8, 0xFFFF, 0xEFDF,
    0xEFDF, 0xE7BF, 0xE7BF, 0xEFBF, 0xEFDF, 0xDF9E, 0xB67C, 0x95BA, 0x95DA, 0x8DBA, 0x95DB, 0x9E5B,
    0x9E9B, 0x75D9, 0x7DF9, 0x75D9, 0x7DD9, 0x6DB9, 0x7DFA, 0x9E9C, 0xAEDD, 0xAEBC, 0xAEDC, 0x9E9C,
    0x863B, 0x7E1A, 0x75FA, 0x8E5B, 0xA6BC, 0xA6BC, 0xA6DC, 0x9E9C, 0x9EBC, 0x9E9C, 0x9E7B, 0xAF1E,
    0xBF7F, 0xB75E, 0xB75E, 0xAF3E, 0xB75E, 0xB75E, 0xB75E, 0xBF7F, 0xB77F, 0xBF7E, 0xD79E, 0xB6DD,
    0x8E7C, 0x7E5C, 0x867C, 0x8E9D, 0x8EBD, 0x867C, 0xDF3C, 0xFFBD, 0xFF9C, 0xFFBD, 0xFFFE, 0xF7DE,
    0xE77D, 0xFFFF, 0xFFFF, 0xFFFF, 0xFFFF, 0xFFDE, 0xCE79, 0x765C, 0x869D, 0x869D, 0x869D, 0x8E9D,
    0x867C, 0x7DFB, 0x867C, 0xA73E, 0x96BD, 0x65BA, 0x9E1A, 0xFFFF, 0xFFFF, 0xFFFF, 0xFFFF, 0xFFFF,
    0xFFFF, 0xDF9D, 0xFFDD, 0xFFFD, 0xFFDD, 0xFFDD, 0xFFDC, 0xFFDC, 0xFFDC, 0xFFDC, 0xFFDC, 0xFFDC,
    0xFFDC, 0xFFDC, 0xFFDB, 0xFFDC, 0xFFDC, 0xFFDC, 0xFFDB, 0xFFDC, 0xFFDB, 0xFFFD, 0xFFFE, 0xFFFD,
    0xFFFD, 0xF75B, 0xF79E, 0xFF3B, 0xEE37, 0xEE17, 0xEE17, 0xEE17, 0xEE37, 0xEE37, 0xEE37, 0xEE37,
    0xEE37, 0xFE78, 0xAD35, 0xCD95, 0xEDB6, 0xDD95, 0xE5B6, 0xE5B6, 0xE5B6, 0xE5B6, 0xE5B6, 0xE5D6,
    0xE5D6, 0xEE38, 0x85D9, 0x761C, 0x86BE, 0x7E5D, 0x75DB, 0x75DA, 0x7DDB, 0x759A, 0x75BA, 0x75BA,
    0x759A, 0x759A, 0x759A, 0x759A, 0x759A, 0x759A, 0x757A, 0x757A, 0x759A, 0x75BA, 0x75BA, 0x6D9A,
    0xCEFC, 0xFFFF, 0xA597, 0x3AAE, 0x5371, 0x3ACD, 0x3A8D, 0x42EE, 0x2A2B, 0x2A4C, 0x2A4C, 0x2A4C,
    0x21EA, 0x430E, 0xA659, 0x42CE, 0x42EE, 0x2A0B, 0x220B, 0x3A8C, 0x4AEF, 0x4B2F, 0x2A0B, 0x42EE,
    0xC77D, 0x5370, 0x3A6D, 0x2A2B, 0x2A2B, 0x220A, 0x19C9, 0x220A, 0x1168, 0x8D96, 0xD7FF, 0xCFFF,
    0x9E18, 0x1968, 0x9E39, 0xD7FF, 0xC7DF, 0xC7DF, 0xC7FF, 0xC7FF, 0xCFFF, 0xBFDF, 0xBD75, 0xDE17,
    0xF7BE, 0xFF7D, 0xF6FA, 0xF6DA, 0xF6DA, 0xF6DA, 0xF6DA, 0xF6DA, 0xF6BA, 0xF6DA, 0xFF1B, 0x49CA,
    0x522D, 0xE6B9, 0xFF5B, 0xDE38, 0xCDD7, 0xCDF8, 0xC618, 0xCE59, 0xD65A, 0xD67A, 0xE6DB, 0xF79E,
    0xF7BF, 0xEF5D, 0xD69B, 0xCE59, 0xD67A, 0xE6DB, 0xD67A, 0xCE18, 0xCE39, 0xBDD8, 0xCEBB, 0xD73D,
    0xE79E, 0xF7FF, 0xF7FF, 0xE7BF, 0xEFDF, 0xDF7E, 0x8D9A, 0x8DB9, 0x8DDA, 0x859A, 0x8DBA, 0x9E1B,
    0x96BB, 0x6DB9, 0x6DB9, 0x7DF9, 0x965B, 0x863A, 0x65B9, 0x7E1A, 0xA6DC, 0xA6BC, 0xA6BC, 0xA6BC,
    0xA6BC, 0x969C, 0x96BB, 0xA6BC, 0x9E9C, 0x9EBC, 0xA6FD, 0x9EBC, 0x9EBC, 0x9EBC, 0x969B, 0xA6FD,
    0xB75F, 0xAF3E, 0xB75E, 0xB75E, 0xB77E, 0xB77F, 0xB77F, 0xB75E, 0x9EDD, 0x863B, 0x75BA, 0x6DDA,
    0x7E3C, 0x969C, 0x9E9D, 0x8E9C, 0x8E9D, 0x869D, 0x867C, 0xF79D, 0xFFBD, 0xFFBD, 0xFFDE, 0xFFFF,
    0xE77E, 0xFFFF, 0xFFFF, 0xFFFF, 0xFFFF, 0xFFFF, 0xA65B, 0x7E9D, 0x8E7D, 0x8E9D, 0x969C, 0x7E5C,
    0x7E3B, 0x9F1D, 0xAF9F, 0x869D, 0x75FB, 0x6DDA, 0xC6DC, 0xFFFF, 0xFFFF, 0xFFFF, 0xFFFF, 0xFFFF,
    0xFFDF, 0xFFDE, 0xFFFD, 0xFFDD, 0xFFDD, 0xFFDD, 0xFFDC, 0xFFDC, 0xFFDC, 0xFFDC, 0xFFDC, 0xFFDC,
    0xFFDC, 0xFFDC, 0xFFDC, 0xFFDC, 0xFFFC, 0xFFDC, 0xFFDC, 0xFFDC, 0xFFDC, 0xFFFE, 0xFFFD, 0xFFFD,
    0xFFFE, 0xBEBC, 0xDF1C, 0xFF5C, 0xEE38, 0xEE17, 0xEE17, 0xEE17, 0xEE37, 0xEE37, 0xEE37, 0xEE37,
    0xEE37, 0xFE78, 0xA576, 0x9DD8, 0xF617, 0xDD95, 0xE5B6, 0xE5B6, 0xE5B6, 0xE5B6, 0xE5B6, 0xE5D6,
    0xE5D6, 0xF617, 0x95D9, 0x763C, 0x7DFB, 0x75DA, 0x759A, 0x759A, 0x759A, 0x759A, 0x759A, 0x759A,
    0x75BA, 0x75BA, 0x75BA, 0x759A, 0x757A, 0x759A, 0x759A, 0x759A, 0x759A, 0x6D7A, 0x6D59, 0x6D59,
    0xEFDF, 0xF7FF, 0x9556, 0x3AAE, 0x5371, 0x3AAD, 0x3A8D, 0x3ACE, 0x222B, 0x2A4C, 0x2A4C, 0x2A6C,
    0x1189, 0x95B7, 0xAE59, 0x3AAD, 0x3ACE, 0x220A, 0x2A2B, 0x2A4B, 0x42EE, 0x4B0F, 0x42AD, 0x2A2B,
    0xA659, 0x5370, 0x326C, 0x2A2B, 0x2A0B, 0x220B, 0x21CA, 0x220B, 0x1168, 0x5BF1, 0xD7FF, 0xC7FF,
    0xC7BE, 0x322B, 0x63F1, 0xD7FF, 0xC7DF, 0xC7DF, 0xC7FF, 0xC7DF, 0xCFFF, 0xB6BA, 0xDDF7, 0xE6B9,
    0xFFBE, 0xFF3C, 0xF6DA, 0xF6DA, 0xF6DA, 0xF6DA, 0xF6DA, 0xF6DA, 0xF6DA, 0xFEFA, 0xE679, 0x732E,
    0xDE79, 0xD658, 0xBDB7, 0xDEDB, 0xE71C, 0xD67B, 0xEEFC, 0xEEFC, 0xEF1C, 0xCE39, 0xDEBB, 0xEF3C,
    0xFFDF, 0xFFFF, 0xFFFF, 0xE73D, 0xAD77, 0x9CF5, 0xD67A, 0xEF3C, 0xEEFC, 0xE6DB, 0xE6BB, 0xD67A,
    0xB597, 0x9D36, 0xBE39, 0xEFDF, 0xE7BF, 0xEFFF, 0xAE5B, 0x859A, 0x95DA, 0x859A, 0x7D59, 0x8DFA,
    0x861A, 0x6DD9, 0x75FA, 0x9E7B, 0xA6BB, 0x8E5B, 0x6DFA, 0x761A, 0x969B, 0x9EBC, 0x9E9C, 0x9EBC,
    0x9EBC, 0x9EDC, 0x8EBB, 0x96BC, 0x9EDC, 0x9EDC, 0xA6FD, 0x96BC, 0x9EDD, 0x9EDD, 0x96BC, 0x9EFD,
    0xB77F, 0xB75E, 0xAF5F, 0xBF9F, 0xB77F, 0xA71E, 0x967C, 0x7DFA, 0x6D99, 0x6D79, 0x7DDA, 0x8E3B,
    0x965C, 0x8E7C, 0x867C, 0x867C, 0x867C, 0x867C, 0x7E9D, 0x967C, 0xF79D, 0xFFBD, 0xFFBD, 0xFFFF,
    0xEFBF, 0xEFBE, 0xFFFF, 0xFFFF, 0xFFFF, 0xE77D, 0x86BC, 0x86DD, 0x867C, 0x7E5C, 0x863B, 0x969C,
    0xB77E, 0x9EFE, 0x761C, 0x7DFB, 0x6DB9, 0x7D99, 0xEF7E, 0xFFFF, 0xFFFF, 0xFFFF, 0xFFFF, 0xFFFF,
    0xFFFE, 0xFFFE, 0xFFDD, 0xFFDD, 0xFFDD, 0xFFDC, 0xFFDC, 0xFFDC, 0xFFDC, 0xFFDC, 0xFFDC, 0xFFDC,
    0xFFDC, 0xFFFC, 0xFFFC, 0xE79B, 0xDF7B, 0xFFFC, 0xFFDC, 0xFFDB, 0xFFDD, 0xFFFD, 0xFFFD, 0xF7BD,
    0xB69D, 0x7D7B, 0xAE3A, 0xFF7C, 0xF638, 0xEE37, 0xEE17, 0xEE17, 0xEE37, 0xEE37, 0xEE37, 0xEE38,
    0xEE38, 0xF678, 0xB596, 0x6579, 0xE6BA, 0xE596, 0xE5B6, 0xE5B5, 0xE5B6, 0xE5B6, 0xE5B6, 0xE5B6,
    0xE5B6, 0xF617, 0xA5B7, 0x6DBB, 0x7DBA, 0x75BA, 0x75BA, 0x75BA, 0x759A, 0x759A, 0x75BA, 0x75BA,
    0x75BA, 0x759A, 0x759A, 0x759A, 0x75BA, 0x759A, 0x757A, 0x6D59, 0x6D59, 0x6D59, 0x6D79, 0x7579,
    0xE79E, 0xFFFF, 0x8CF5, 0x42CE, 0x5370, 0x328D, 0x3AAD, 0x3AAD, 0x222B, 0x2A4C, 0x2A4C, 0x222B,
    0x2A6C, 0xD7DF, 0x8D97, 0x3AAD, 0x3AAD, 0x21EA, 0x2A4C, 0x220A, 0x42CD, 0x4AEF, 0x4B0F, 0x21CA,
    0x74F4, 0x5391, 0x324C, 0x2A2B, 0x2A0B, 0x220B, 0x19EA, 0x220B, 0x19CA, 0x2A6B, 0xC79E, 0xC7FF,
    0xD7FF, 0x6432, 0x2A0A, 0xC77D, 0xCFFF, 0xC7DF, 0xC7DF, 0xC7FF, 0xC7FF, 0xBDD7, 0xF699, 0xDEB9,
    0xFFDF, 0xF71B, 0xF6DA, 0xF6DA, 0xF6DA, 0xF6DA, 0xF6DA, 0xF6DA, 0xF6BA, 0xFEFB, 0xDE17, 0xB575,
    0xCE5A, 0xD67A, 0xEF3D, 0xFFFF, 0xFFFF, 0xEF7D, 0xD69A, 0xEEFC, 0xE6FC, 0xDE9A, 0xB5D9, 0xEEFB,
    0xF77D, 0xEF5D, 0xAD98, 0xA558, 0x94F6, 0x9517, 0xA557, 0xDE9B, 0xCE5B, 0xEEFC, 0xC618, 0xA516,
    0xAD99, 0xA558, 0x8495, 0xADB7, 0xF7FF, 0xEFDF, 0xC71D, 0x859A, 0x859A, 0x8DBA, 0x7D99, 0x965B,
    0x75DA, 0x6DD9, 0x75FA, 0x967B, 0x9EBC, 0xA6BC, 0xA6FC, 0xA6FD, 0x761A, 0x865B, 0xA6FD, 0x867C,
    0x96BC, 0xAEFD, 0x96BC, 0x765B, 0x96DD, 0xA6FD, 0xA71D, 0x96DD, 0x9EFD, 0x9EFD, 0x96BC, 0x96BD,
    0xB77F, 0xB79F, 0xAF5E, 0x9EBC, 0x861A, 0x75B9, 0x6D79, 0x7599, 0x85FA, 0x8E1B, 0x85FA, 0x7DBA,
    0x7DDA, 0x7E1B, 0x7E5C, 0x867C, 0x867C, 0x7E7C, 0x867C, 0x869E, 0xB6FD, 0xFF9D, 0xFFFE, 0xFFFF,
    0xFFFF, 0xD75D, 0xEFBE, 0xFFDF, 0xE7BE, 0xA79E, 0x8F5F, 0x86BC, 0x7E7B, 0x8E7C, 0xAF3E, 0xAF5E,
    0x7E3B, 0x6DBB, 0x75FB, 0x75FA, 0x5D58, 0xA65B, 0xFFDF, 0xFFFF, 0xFFFF, 0xFFFF, 0xFFFF, 0xFFFF,
    0xFFFE, 0xFFFD, 0xFFDD, 0xFFDC, 0xFFDC, 0xFFDC, 0xFFDC, 0xFFDC, 0xFFDC, 0xFFDC, 0xFFDC, 0xFFFC,
    0xFFFC, 0xE79B, 0xB6FA, 0x8659, 0xCF3A, 0xFFFC, 0xFFDC, 0xFFDC, 0xFFFE, 0xFFFC, 0xD73D, 0xA5FD,
    0x7D5A, 0x6D39, 0x8DBA, 0xFF3C, 0xF679, 0xF638, 0xEE17, 0xEE37, 0xEE17, 0xEE37, 0xEE37, 0xEE37,
    0xEE37, 0xFE78, 0xBD96, 0x5D79, 0xAE5B, 0xF699, 0xDD75, 0xE5B6, 0xE5B6, 0xE5B6, 0xE5B6, 0xE5B6,
    0xE5B6, 0xEDD6, 0xC596, 0x6D9A, 0x7DBB, 0x75BA, 0x759A, 0x759A, 0x75BA, 0x75BA, 0x75BA, 0x759A,
    0x759A, 0x75BA, 0x75BA, 0x759A, 0x757A, 0x7579, 0x6D59, 0x6D59, 0x7579, 0x7579, 0x7579, 0x7579,
    0xE7BF, 0xFFFF, 0x84B4, 0x3ACE, 0x5350, 0x328D, 0x3AAE, 0x3ACE, 0x2A2B, 0x2A4C, 0x2A6C, 0x19CA,
    0x74D4, 0xE7FF, 0x7D15, 0x3AAE, 0x3A8D, 0x220A, 0x2A4C, 0x220B, 0x328C, 0x42EE, 0x4B2F, 0x322C,
    0x430E, 0x5370, 0x2A4C, 0x222B, 0x220B, 0x220B, 0x21EA, 0x21EB, 0x21EB, 0x19C9, 0xA659, 0xCFFF,
    0xCFFF, 0xA67A, 0x1968, 0x95B7, 0xF7FF, 0xC7DF, 0xC7DF, 0xCFFF, 0xB6FB, 0xDE17, 0xF6BA, 0xDEBA,
    0xFFDF, 0xF6DB, 0xF6BA, 0xF6DA, 0xF6BA, 0xF6DA, 0xF6DA, 0xF6DA, 0xF6BA, 0xFEFB, 0xDE17, 0xD659,
    0xD69A, 0xEEFC, 0xF7BE, 0xFFDF, 0xF79E, 0xEF3D, 0xCE7A, 0xC619, 0xEEFC, 0xEF1C, 0xBDD9, 0xCE5B,
    0xCE39, 0x94F7, 0x7C57, 0x9D39, 0xBDFB, 0xA579, 0x94D5, 0xE6DB, 0xD69C, 0xAD79, 0x94D6, 0x94F7,
    0x94F7, 0xADBA, 0xBE1C, 0x9D17, 0xDF3D, 0xF7FF, 0xE7BF, 0x95DA, 0x859A, 0x8DDA, 0x85DA, 0x969B,
    0x96BB, 0x867A, 0x6DF9, 0x763A, 0xA6BC, 0xAEDC, 0xA6FC, 0xA6FC, 0x96DC, 0x7E7B, 0x9F5C, 0x86DC,
    0x767B, 0xA6FD, 0x9EFD, 0x86FC, 0x7EBC, 0xA6FE, 0xAF1D, 0x96DD, 0x9EFD, 0xA71D, 0x96FD, 0x96DD,
    0x9EFD, 0x967C, 0x75BA, 0x6D79, 0x6D79, 0x7599, 0x85DA, 0x8E3B, 0x85FB, 0x7579, 0x6D59, 0x6D79,
    0x7DDA, 0x863C, 0x865C, 0x7E3C, 0x7E5C, 0x8E7D, 0x96BD, 0xA6DD, 0x8EBD, 0x9E9D, 0xDF5D, 0xDF5D,
    0xB6BC, 0x7F1E, 0x877E, 0xA79E, 0xBFDF, 0xAFFF, 0x9FBF, 0xAF7E, 0xCF5E, 0xCF9E, 0x96BD, 0x65DB,
    0x761B, 0x867C, 0x861A, 0x6538, 0x6DBA, 0xC6DC, 0xFFFF, 0xFFFF, 0xFFFF, 0xFFFF, 0xFFFF, 0xFFFF,
    0xFFFE, 0xFFDD, 0xFFDC, 0xFFDC, 0xFFDC, 0xFFDC, 0xFFDC, 0xFFDC, 0xFFDC, 0xFFDC, 0xFFDC, 0xDF7B,
    0xAEBA, 0x9679, 0x8638, 0xBEFA, 0xFFFC, 0xFFDC, 0xFFDB, 0xFFFC, 0xF7BE, 0xB67B, 0x7D5A, 0x7538,
    0x7DBA, 0x8DFC, 0x7DDB, 0xDEDB, 0xFE99, 0xF638, 0xF637, 0xEE37, 0xEE17, 0xEE37, 0xEE37, 0xEE58,
    0xE5D6, 0xEDD6, 0xB576, 0x6DBA, 0x7DBA, 0xEF3C, 0xE5F7, 0xE596, 0xE5B6, 0xE5B6, 0xE5B6, 0xE5B6,
    0xE5B6, 0xE5D6, 0xE5B5, 0x7D58, 0x75BB, 0x759A, 0x75BA, 0x75BA, 0x75BA, 0x759A, 0x759A, 0x75BA,
    0x75BA, 0x759A, 0x757A, 0x7559, 0x6D59, 0x7559, 0x7579, 0x7579, 0x7579, 0x7579, 0x7579, 0x7579,
    0xE7BF, 0xF7FF, 0x63B1, 0x42EF, 0x4B50, 0x326C, 0x3ACE, 0x3ACE, 0x2A4C, 0x2A2C, 0x2A4C, 0x2A4B,
    0xBF5D, 0xD7FF, 0x74B4, 0x3AAE, 0x328C, 0x220B, 0x224C, 0x222B, 0x2A2B, 0x42EE, 0x4B0F, 0x42EE,
    0x2A0A, 0x432E, 0x326C, 0x222B, 0x222B, 0x220B, 0x21EA, 0x21EB, 0x220B, 0x21CA, 0x6452, 0xE7FF,
    0xD7FF, 0xD7DF, 0x3A8D, 0x5B2E, 0xFFFF, 0xE7FF, 0xEFFF, 0xF7FF, 0xC638, 0xF6BA, 0xEE99, 0xDEDA,
    0xFFDE, 0xF6BA, 0xF6BA, 0xF6BA, 0xF6BA, 0xF6BA, 0xF6DA, 0xF6DA, 0xF6BA, 0xFEFB, 0xD617, 0xC5F8,
    0xDE9B, 0xF75D, 0xDEFC, 0xB5D9, 0x8CF7, 0x8496, 0x9D37, 0x9D16, 0xE6DB, 0xE6DB, 0xEEFC, 0xAD77,
    0x94F7, 0xC63C, 0xD67B, 0xB5B9, 0x9D18, 0xB5DA, 0xADBA, 0x9D37, 0xBDD8, 0x8CB6, 0xC61A, 0xD69B,
    0xCE39, 0xA557, 0x9D38, 0xA579, 0xC69B, 0xF7FF, 0xEFDF, 0xAE9C, 0x757A, 0x85BA, 0x8E1B, 0x7DDA,
    0x9EFB, 0x869B, 0x65DA, 0x867B, 0xAEFD, 0xA6DD, 0xA6DD, 0x9EFC, 0xA73D, 0xA73D, 0x9F5C, 0x86FC,
    0x6E7C, 0x8EDD, 0x96FD, 0x76BC, 0x769C, 0x9EFD, 0xA73D, 0xA71E, 0x9EFE, 0x9EFD, 0x8E9C, 0x861B,
    0x7599, 0x7579, 0x7D9A, 0x85DB, 0x7DBA, 0x7D9A, 0x759A, 0x7579, 0x7579, 0x7D9A, 0x85DA, 0x85FA,
    0x7DDA, 0x75DB, 0x7E1B, 0x8E7C, 0xA6BD, 0x9EBD, 0x8E9C, 0x867D, 0x867D, 0x7E9D, 0x767D, 0x767D,
    0x7EBE, 0x8F1F, 0x9FBF, 0xAFFF, 0xC7FF, 0xAFFF, 0xA7FF, 0xEFFF, 0xE7DF, 0xA73D, 0x7DFB, 0x75FB,
    0x761A, 0xAEDC, 0x965B, 0x6579, 0x8E3B, 0xE75E, 0xFFFF, 0xFFFF, 0xFFFF, 0xFFFF, 0xFFFF, 0xFFFE,
    0xFFDD, 0xFFDD, 0xFFDC, 0xFFDC, 0xFFDC, 0xFFDC, 0xFFDC, 0xFFDC, 0xFFDC, 0xFFDC, 0xF7DB, 0xAED9,
    0x9E99, 0x9679, 0x9E99, 0xFFDC, 0xFFDC, 0xFFFB, 0xFFDB, 0xE7BD, 0x9E1C, 0x6CD8, 0x7538, 0x85DA,
    0x8DFB, 0x8DFC, 0x861C, 0xAE5B, 0xFEBA, 0xF638, 0xF638, 0xEE37, 0xEE37, 0xEE37, 0xEE37, 0xEE37,
    0xE575, 0xED74, 0xB514, 0x6DFA, 0x6DDB, 0xAE7B, 0xFEFB, 0xDD96, 0xE5B6, 0xE5B6, 0xE5B6, 0xE5B6,
    0xE5B6, 0xE5B6, 0xEDD6, 0xA4F4, 0x6DBB, 0x7DBA, 0x75BA, 0x759A, 0x759A, 0x759A, 0x759A, 0x759A,
    0x7579, 0x6D79, 0x7559, 0x7559, 0x7579, 0x7579, 0x7579, 0x757A, 0x759A, 0x759A, 0x7579, 0x7579,
    0xFFFF, 0xB618, 0x2A4C, 0x4B30, 0x4B30, 0x2A6C, 0x3ACE, 0x3ACE, 0x326C, 0x2A4C, 0x19CB, 0x6493,
    0xD7FF, 0xCFFF, 0x6C72, 0x3AAD, 0x326C, 0x220B, 0x224C, 0x222C, 0x222B, 0x3AAD, 0x42CF, 0x4B30,
    0x2A0B, 0x3AAD, 0x326C, 0x220B, 0x222B, 0x220B, 0x21EA, 0x21EB, 0x220B, 0x220B, 0x3AAC, 0xEF9E,
    0xFFFF, 0xFFFF, 0x9D15, 0x1988, 0xD6DB, 0xFFFF, 0xFFFF, 0xEF5D, 0xCDF6, 0xFF1B, 0xEE79, 0xE6FB,
    0xFFBE, 0xF6BA, 0xF6DA, 0xF6BA, 0xF6BA, 0xF6BA, 0xF6BA, 0xF6BA, 0xF6BA, 0xFEFA, 0xCDD6, 0xC619,
    0xD67A, 0xAD57, 0xA538, 0xAD79, 0x7456, 0x9D7A, 0x94D6, 0xC619, 0xF73D, 0xEEFC, 0xEF1C, 0xC5F8,
    0xDEFC, 0xFFFF, 0xF7BE, 0xF75C, 0xDEBB, 0xAD98, 0xADBA, 0xAD9A, 0x9D59, 0x9D18, 0xE6DB, 0xEF1C,
    0xF75D, 0xFF5D, 0xC639, 0x94F7, 0xCEBB, 0xF7FF, 0xF7FF, 0xCF3D, 0x75BA, 0x7599, 0x85DB, 0x7DDA,
    0x865B, 0x9F1C, 0x96BC, 0xA6DD, 0xA6FD, 0xA6FD, 0xA6FD, 0x9F1D, 0x971D, 0x8EFC, 0x8F1D, 0x665C,
    0x5E5B, 0x769C, 0x86DD, 0x8EDD, 0x9F1E, 0x971E, 0xA73E, 0x9EDD, 0x865B, 0x861B, 0x85DA, 0x759A,
    0x7DFB, 0x969D, 0x963C, 0x7D9A, 0x6D79, 0x6D59, 0x7D9A, 0x961B, 0x8DFA, 0x8E1B, 0x7D9A, 0x6D59,
    0x757A, 0x8E3B, 0xA6BD, 0xA6BD, 0x969D, 0x863C, 0x7E5C, 0x7E5C, 0x7E7C, 0x869D, 0x96BD, 0xA6FD,
    0xB73E, 0xBF5E, 0xBF9F, 0xA7BF, 0x87DF, 0x97FF, 0xBFFF, 0xE7FF, 0xAF7E, 0x96FD, 0x8E9C, 0x8E5B,
    0x5D58, 0xB6FD, 0x861B, 0x6579, 0xB6DC, 0xE77E, 0xFFFF, 0xFFFF, 0xFFFF, 0xFFFF, 0xFFFE, 0xFFDE,
    0xFFDD, 0xFFDC, 0xFFDC, 0xFFDC, 0xFFDC, 0xFFDC, 0xFFDC, 0xFFDC, 0xFFDC, 0xFFDC, 0xFFDC, 0xFFFC,
    0xFFFC, 0xEFBC, 0xF7BC, 0xFFFC, 0xFFFB, 0xE77C, 0xA61C, 0x9E7C, 0x6CF7, 0x7D99, 0x85FA, 0x85FA,
    0x8E3B, 0x8E5C, 0x8E5C, 0x8DFB, 0xEEBB, 0xF658, 0xF638, 0xF637, 0xEE37, 0xEE37, 0xEE57, 0xEDF6,
    0xE574, 0xED95, 0xC4F3, 0x6DBA, 0x75FA, 0x7DB9, 0xEF1C, 0xE5D7, 0xE5B6, 0xE5B6, 0xE5B6, 0xE5B6,
    0xE5B6, 0xE5B6, 0xE5B6, 0xDD54, 0x6D17, 0x75DB, 0x7599, 0x75BA, 0x75BA, 0x759A, 0x7579, 0x7579,
    0x7579, 0x6D79, 0x7579, 0x7579, 0x7579, 0x757A, 0x759A, 0x75BA, 0x759A, 0x7579, 0x7559, 0x7559,
    0xF7BE, 0x5B70, 0x3AAE, 0x4B2F, 0x4B50, 0x2A4B, 0x32AD, 0x3ACE, 0x3AAD, 0x222B, 0x2A4C, 0xC73C,
    0xD7FF, 0xD7FF, 0x6C32, 0x3AAE, 0x2A4C, 0x220B, 0x224C, 0x224C, 0x2A4C, 0x2A4C, 0x42EE, 0x4B0F,
    0x3AAD, 0x2A2B, 0x326C, 0x220B, 0x2A2B, 0x220B, 0x21EA, 0x220B, 0x220B, 0x222B, 0x21EB, 0xADB7,
    0xFFFF, 0xFFFF, 0xE75C, 0x21CA, 0x8473, 0xFFFF, 0xFFFF, 0xD679, 0xEE79, 0xFF1A, 0xEE79, 0xE6FB,
    0xFF9D, 0xF6BA, 0xF6DA, 0xF6BA, 0xF6BA, 0xF6BA, 0xF6BA, 0xF6BA, 0xF6BA, 0xF6DA, 0xCDD7, 0xD659,
    0x84B5, 0x9D38, 0xB5DB, 0xB5BA, 0xB5DA, 0x9518, 0xA579, 0xAD97, 0xBDF9, 0xB597, 0xC5F8, 0xD6BB,
    0xD6BB, 0xCDD7, 0xD5D7, 0xCDB7, 0xBD97, 0xB5D8, 0xAD57, 0xC61A, 0xC63B, 0xC639, 0xCE39, 0xD67A,
    0xBDB7, 0xBDD8, 0xCE59, 0xAD35, 0xC67A, 0xFFFF, 0xE7BF, 0xEFDF, 0xBEFC, 0x6D79, 0x7DDB, 0x7DFB,
    0x75FB, 0x8E9C, 0xA6FD, 0x9EFD, 0x9EFD, 0x9EFD, 0x96DD, 0x8EDC, 0x86FC, 0x76BC, 0x6E9C, 0x5E5C,
    0x5E5C, 0x667D, 0x7EDD, 0x76BD, 0x769C, 0x7E7C, 0x863B, 0x75DA, 0x8E1B, 0x963B, 0x8E3B, 0x969D,
    0x8E5C, 0x757A, 0x6518, 0x6D39, 0x7D9A, 0x8DDB, 0x8E1B, 0x8E1B, 0x7DBA, 0x757A, 0x759A, 0x8E1B,
    0x9E3C, 0x961B, 0x861B, 0x861C, 0x7E3C, 0x763C, 0x7E5C, 0x867C, 0x9EBD, 0xAF1D, 0xB71D, 0xB71D,
    0xAF1D, 0x9EFE, 0x7EBE, 0x7EFE, 0xAFDF, 0xCFFF, 0x8FFF, 0xA7FF, 0xBFFF, 0x9F5D, 0x7E3B, 0x8E3B,
    0x75BA, 0xAEDD, 0x659A, 0x85FB, 0xBEFD, 0xCEFD, 0xFFFF, 0xFFFF, 0xFFFF, 0xFFFE, 0xFFFE, 0xFFDD,
    0xFFDD, 0xFFDC, 0xFFDC, 0xFFDC, 0xFFDC, 0xFFDC, 0xFFDC, 0xFFDC, 0xFFDC, 0xFFDC, 0xFFDC, 0xFFDB,
    0xFFDC, 0xFFFC, 0xFFFC, 0xEF9C, 0xB67C, 0x7D19, 0x7579, 0x8E5B, 0x7DB9, 0x85FA, 0x863A, 0x861B,
    0x8E3C, 0x8E3C, 0x861B, 0x759A, 0xC69B, 0xFE9A, 0xF638, 0xF638, 0xF637, 0xEE37, 0xEE58, 0xEDD6,
    0xE575, 0xE595, 0xDD33, 0x7537, 0x7DFB, 0x6D99, 0xB63A, 0xF638, 0xDDB6, 0xE5B6, 0xE5B6, 0xE5B6,
    0xE5B6, 0xE5B6, 0xDD96, 0xEDB6, 0xA4F4, 0x6D9A, 0x7DBA, 0x7599, 0x7579, 0x7579, 0x7579, 0x7579,
    0x7579, 0x7599, 0x759A, 0x7599, 0x759A, 0x759A, 0x759A, 0x7579, 0x6D59, 0x7559, 0x7559, 0x7559,
    0x8CF5, 0x3ACE, 0x430F, 0x430F, 0x4B50, 0x2A4C, 0x2A6C, 0x3ACE, 0x3AEE, 0x11C9, 0x7C93, 0xFFFF,
    0xEFDF, 0xEFFF, 0x63F1, 0x3AAE, 0x2A4C, 0x222B, 0x224C, 0x222C, 0x2A6C, 0x222B, 0x3A8C, 0x42EE,
    0x4B2F, 0x2A0A, 0x2A2B, 0x220A, 0x220B, 0x220B, 0x19EA, 0x220B, 0x220B, 0x220B, 0x21EB, 0x5B6F,
    0xFFFF, 0xFFFF, 0xFFFF, 0x6BD1, 0x2A0A, 0xEF9D, 0xFFDF, 0xCDF7, 0xFEFA, 0xF6DA, 0xEE79, 0xE71B,
    0xFF5D, 0xF699, 0xF6DA, 0xF6BA, 0xF6BA, 0xF6BA, 0xF6BA, 0xF6BA, 0xF6DA, 0xF6BA, 0xC5B7, 0xF73D,
    0xBDD8, 0x8CB6, 0xBDFB, 0xD69B, 0xFFDF, 0xE73D, 0xA579, 0xAD9A, 0xA57A, 0x94F6, 0xEF1C, 0xD659,
    0xD556, 0xF5D7, 0xF5D7, 0xFDF7, 0xDD55, 0x8CD6, 0xB598, 0xF73C, 0xEEFB, 0xF73C, 0xB597, 0xDD56,
    0xCCF3, 0x8CB5, 0xA59A, 0xA558, 0x94D5, 0xEF7E, 0xEFBF, 0xEFDF, 0xEFBE, 0x861B, 0x7E1B, 0x7E1B,
    0x75FB, 0x8E7C, 0x9EDD, 0x9EFD, 0x96DD, 0x8EBC, 0x96DD, 0x9EFD, 0x973D, 0x86FC, 0x7EDD, 0x5E7C,
    0x669D, 0x5E7C, 0x869C, 0x7E7C, 0x75FB, 0x75BA, 0x6D79, 0x7DDA, 0x9E9C, 0x9E7C, 0x8DFB, 0x6D59,
    0x54B7, 0x5CB7, 0x6D39, 0x85DA, 0x85DA, 0x85BA, 0x7DBA, 0x7579, 0x757A, 0x8DDA, 0x8E1B, 0x7D9A,
    0x655A, 0x6539, 0x6D9A, 0x761B, 0x7E3C, 0x8E7C, 0xA6DD, 0xB6FD, 0xB71D, 0xAEFE, 0x9EDC, 0x96BD,
    0x867C, 0x7E5C, 0x8EFD, 0xCFDF, 0xAF7F, 0x879E, 0x8FFE, 0xA7FF, 0x9FFE, 0x8F5C, 0x7E5A, 0x96BB,
    0x865B, 0x8E5C, 0x6DDA, 0xAEDD, 0x963B, 0xDF3D, 0xFFFF, 0xFFFF, 0xFFFE, 0xFFFE, 0xFFDD, 0xFFDD,
    0xFFDC, 0xFFDC, 0xFFDC, 0xFFDC, 0xFFDC, 0xFFDC, 0xFFDC, 0xFFDC, 0xFFDC, 0xFFDC, 0xFFDC, 0xFFFC,
    0xFFFC, 0xF7BC, 0xBE9B, 0x8559, 0x6CD7, 0x64F6, 0x9EBC, 0x85FA, 0x861A, 0x8E7B, 0x863C, 0x861C,
    0x861B, 0x85FB, 0x7DDA, 0x75BA, 0x9E1A, 0xFF3C, 0xF638, 0xF658, 0xF638, 0xF637, 0xEE58, 0xE5B5,
    0xE575, 0xE595, 0xED74, 0x94F4, 0x75DB, 0x75BA, 0x75B9, 0xDDB7, 0xE5D6, 0xDD96, 0xE596, 0xE5B6,
    0xE5B6, 0xE5B6, 0xE596, 0xE596, 0xE554, 0x7516, 0x759A, 0x7579, 0x7579, 0x7579, 0x7579, 0x7599,
    0x759A, 0x7579, 0x7579, 0x7579, 0x757A, 0x7559, 0x7559, 0x7579, 0x7579, 0x7559, 0x7559, 0x7579,
    0x42EF, 0x4B30, 0x42EE, 0x430F, 0x4B30, 0x328C, 0x222B, 0x3ACE, 0x3ACE, 0x2A4C, 0xDF1B, 0xFFFF,
    0xF7DF, 0xEFDF, 0x63D1, 0x3AAE, 0x2A4C, 0x222B, 0x2A4C, 0x2A4C, 0x2A4C, 0x2A4C, 0x5BB0, 0x3AAD,
    0x4B0F, 0x42AE, 0x21C9, 0x220B, 0x220B, 0x220B, 0x19EA, 0x220A, 0x220B, 0x220B, 0x222C, 0x2A0B,
    0xCE9A, 0xFFFF, 0xFFFF, 0xCE9A, 0x1168, 0xA576, 0xE73C, 0xDE38, 0xFEFB, 0xF6DA, 0xEE79, 0xE71B,
    0xFF3C, 0xF699, 0xF6DA, 0xF6BA, 0xF6BA, 0xF6BA, 0xF6BA, 0xF6BA, 0xF6DA, 0xEE78, 0xD618, 0xE6FC,
    0xAD78, 0xC61A, 0xF71C, 0xF77D, 0xFFDF, 0xFFFF, 0xD6BB, 0xBDFA, 0xCE5B, 0xDEBB, 0xA556, 0xACD4,
    0xFE18, 0xF5D7, 0xF5F7, 0xEDD7, 0xFE38, 0xB4F4, 0xC639, 0xE6DB, 0xDE9B, 0xDEDB, 0xC5F8, 0xDD96,
    0xFE59, 0xBCD3, 0xA579, 0xBE1B, 0x9D18, 0xC67A, 0xF7FF, 0xF7DF, 0xDF7E, 0x7E1B, 0x7E1B, 0x7E3B,
    0x761B, 0x7E5C, 0x96DD, 0x9F1E, 0x96DD, 0x8EDC, 0x96FD, 0x96FD, 0x7EDD, 0x76DD, 0x567C, 0x667C,
    0x765C, 0x761B, 0x6DDA, 0x6D9A, 0x6D9A, 0x75BA, 0x965C, 0x969D, 0x85DB, 0x6539, 0x54B8, 0x54B8,
    0x6519, 0x757A, 0x7D9A, 0x7D79, 0x6D39, 0x7559, 0x7D7A, 0x961B, 0x8DFB, 0x759B, 0x653A, 0x6519,
    0x6519, 0x6D79, 0x7DDA, 0x8E3B, 0x9E7C, 0xA6DC, 0xBF3D, 0xAEFD, 0x8E9C, 0x867C, 0x869C, 0x7E7C,
    0x765C, 0xA73E, 0xC79E, 0x8E9C, 0x76BD, 0x873E, 0x8FBE, 0x9FFE, 0x8FBD, 0x9F9C, 0x975C, 0x8EBB,
    0x969C, 0x8EDC, 0x86BC, 0xAF1D, 0x75BA, 0xEF9E, 0xFFFF, 0xFFFE, 0xFFFE, 0xFFDD, 0xFFDD, 0xFFDC,
    0xFFDC, 0xFFDC, 0xFFDC, 0xFFDC, 0xFFDC, 0xFFDC, 0xFFDC, 0xFFDC, 0xFFDB, 0xFFFC, 0xFFFC, 0xEFBC,
    0xB6BB, 0x7D59, 0x6CD7, 0x7578, 0x7DF9, 0x85FA, 0xA6DD, 0x85FA, 0x8E7C, 0x861B, 0x7DFB, 0x7DDA,
    0x7DBA, 0x7DDA, 0x85FB, 0x861B, 0x759A, 0xE73D, 0xFEFB, 0xF679, 0xF658, 0xF638, 0xEE37, 0xE595,
    0xE595, 0xE574, 0xE575, 0xD4F2, 0x6D38, 0x861B, 0x75BA, 0x7CF6, 0xE595, 0xE5B6, 0xE5B6, 0xE5B6,
    0xE5B6, 0xE5B6, 0xE5B6, 0xDD96, 0xEDB6, 0xACF4, 0x6579, 0x7599, 0x7579, 0x7579, 0x7599, 0x7599,
    0x7579, 0x7579, 0x7579, 0x7579, 0x7559, 0x7579, 0x7579, 0x7579, 0x7579, 0x7579, 0x6D7A, 0x6D7A,
    0x5350, 0x4B4F, 0x42EE, 0x430F, 0x4B30, 0x328D, 0x222B, 0x32AD, 0x3ACE, 0x326D, 0xD6DB, 0xFFFF,
    0xFFFF, 0xEFDF, 0x5BB1, 0x328E, 0x2A6C, 0x222B, 0x2A4C, 0x2A4C, 0x2A4C, 0x222B, 0xC67A, 0x5B70,
    0x328D, 0x4B50, 0x2A0A, 0x19C9, 0x222B, 0x220B, 0x19EA, 0x21EA, 0x220B, 0x2A4C, 0x222B, 0x220B,
    0x6C11, 0xFFFF, 0xEFDF, 0xFFFF, 0x5B4F, 0x3A8C, 0xC5F7, 0xF6DA, 0xF6DA, 0xFEDB, 0xEE79, 0xE71B,
    0xFF3C, 0xF699, 0xF6DA, 0xF6BA, 0xF6BA, 0xF6BA, 0xF6BA, 0xF6BA, 0xFEFA, 0xE658, 0x9CF5, 0x9517,
    0xDE9C, 0xEF1C, 0xCE59, 0xCE5A, 0xBDF9, 0xBDD8, 0xCE5A, 0xCE59, 0xEF1C, 0xF71C, 0xCE5A, 0xA515,
    0xF679, 0xF699, 0xF699, 0xF6B9, 0xF6DA, 0xF6DA, 0xDE38, 0xD617, 0xD617, 0xD5F7, 0xE638, 0xF679,
    0xF659, 0xF638, 0xA4B3, 0xADDB, 0x9D37, 0xEF7E, 0xFFFF, 0xF7DF, 0xF7BF, 0x8E5C, 0x6DFB, 0x761B,
    0x763B, 0x7E9C, 0x7EBC, 0x9EFE, 0x96DD, 0x8EDD, 0x971D, 0x9F1E, 0x971D, 0x86BC, 0x6E1B, 0x75FA,
    0x6DBA, 0x6D9A, 0x759A, 0x75BA, 0x863C, 0x96BE, 0x863D, 0x653A, 0x54D8, 0x5CF8, 0x6539, 0x757A,
    0x757A, 0x757A, 0x6D39, 0x64D8, 0x6D19, 0x7D79, 0x7579, 0x7559, 0x6D39, 0x6D39, 0x6D59, 0x6D59,
    0x757A, 0x85DB, 0x85FA, 0x8E3B, 0x969C, 0x8E9C, 0x867C, 0x7E3C, 0x763C, 0x7E7C, 0x867C, 0x869C,
    0xB77E, 0xA71E, 0x7E5C, 0x763B, 0x7EBC, 0x7EDD, 0x875D, 0x9FFD, 0x9FFD, 0xBFDE, 0x9F9D, 0xA77D,
    0xB73D, 0x7E7B, 0x969C, 0x967C, 0x7DDA, 0xFFDE, 0xFFFE, 0xFFFE, 0xFFDD, 0xFFDD, 0xFFDC, 0xFFDC,
    0xFFDC, 0xFFDC, 0xFFDC, 0xFFDC, 0xFFDC, 0xFFDC, 0xFFDC, 0xFFFC, 0xFFFC, 0xEF9C, 0xB67A, 0x7D39,
    0x64D7, 0x7578, 0x7E1A, 0x8E5B, 0x7DFA, 0x9EDC, 0x96BD, 0x7E1B, 0x85FB, 0x7DDA, 0x7DB9, 0x7DDA,
    0x7DFB, 0x7DFB, 0x7DFA, 0x861C, 0x7E3C, 0xB6BC, 0xFFDF, 0xF67A, 0xF658, 0xF658, 0xF638, 0xE595,
    0xE574, 0xDDB5, 0xEE37, 0xF617, 0x9CD3, 0x5D59, 0x7DDB, 0x6DBA, 0xAD14, 0xF5D6, 0xE5B6, 0xE5B6,
    0xE5B6, 0xE5B6, 0xE5B6, 0xE5B6, 0xE5B6, 0xDD54, 0x7517, 0x75BA, 0x7579, 0x7579, 0x6D79, 0x7579,
    0x7579, 0x7579, 0x7559, 0x7579, 0x759A, 0x7DBA, 0x759A, 0x7579, 0x757A, 0x6D9B, 0x6D7A, 0x6D7A,
    0x4B4F, 0x4B50, 0x42EE, 0x42EE, 0x4330, 0x32AD, 0x222B, 0x326C, 0x42EF, 0x224C, 0x9536, 0xFFFF,
    0xFFFF, 0xFFFF, 0x5BB1, 0x328E, 0x2A6C, 0x222B, 0x224C, 0x2A6C, 0x2A4C, 0x2A6B, 0xE77D, 0xBE59,
    0x2A2C, 0x430E, 0x42EE, 0x1988, 0x220B, 0x222B, 0x220A, 0x21EA, 0x220B, 0x326C, 0x2A2C, 0x2A2C,
    0x324C, 0xCEDB, 0xF7FF, 0xFFFF, 0xBE59, 0x1148, 0xC595, 0xFF3C, 0xF6BA, 0xF6DB, 0xEE99, 0xE6FB,
    0xFF1B, 0xF6BA, 0xF6BA, 0xF6BA, 0xF6BA, 0xF6BA, 0xF6BA, 0xF6BA, 0xFEFB, 0xD5F7, 0x8CD7, 0xCE5A,
    0xCE39, 0x9D37, 0xA579, 0x9538, 0xBD15, 0xCD56, 0x8CD7, 0xCE39, 0xEF3D, 0xDE9B, 0xCE19, 0xE699,
    0xFEFA, 0xF6DA, 0xF6DA, 0xF6DA, 0xF6BA, 0xF6BA, 0xFEDA, 0xFEDA, 0xFEDA, 0xFEDA, 0xFEDA, 0xF6B9,
    0xF6B9, 0xFEBA, 0xDDD6, 0x8C95, 0xC65A, 0xFFFF, 0xF7DF, 0xF7DF, 0xFFFF, 0xB71D, 0x65FB, 0x6E3C,
    0x763C, 0x6E3B, 0x6E9C, 0x9F1D, 0x9F1D, 0x8EDD, 0x96DD, 0x8E9C, 0x7E1B, 0x6DDA, 0x6DBA, 0x75BA,
    0x7DDA, 0x7DDB, 0x861B, 0x8E9D, 0x86BF, 0x6DFD, 0x5D1A, 0x5CF8, 0x6539, 0x6D59, 0x6D5A, 0x64F9,
    0x5CB8, 0x5CB8, 0x5CB8, 0x64F8, 0x6D19, 0x6D18, 0x6D18, 0x6D38, 0x7559, 0x75DB, 0x7E5D, 0x7E1B,
    0x7DDA, 0x759A, 0x6D9A, 0x75BA, 0x761B, 0x761B, 0x7E1C, 0x7E3B, 0x7E3B, 0x867C, 0x9EFD, 0xB77F,
    0x8E7D, 0x761B, 0x869C, 0x969C, 0x765C, 0x86BC, 0x873C, 0x97BC, 0xAFFE, 0xE7FF, 0xBFFE, 0xC7FE,
    0xA73D, 0x8E7B, 0xAEFD, 0x7DFB, 0xBF1D, 0xFFBE, 0xFFFE, 0xFFDD, 0xFFDD, 0xFFDD, 0xFFDC, 0xFFDC,
    0xFFDC, 0xFFDC, 0xFFDC, 0xFFDC, 0xFFFC, 0xFFFC, 0xFFFC, 0xDF3B, 0xA5F9, 0x7518, 0x64F7, 0x7598,
    0x863B, 0x8E7B, 0x865B, 0x863B, 0x863C, 0xA73E, 0x75DA, 0x7578, 0x75B9, 0x7DFA, 0x7DFA, 0x7DFA,
    0x7DFB, 0x7DFB, 0x863C, 0x863C, 0x861B, 0x85B9, 0xF7BE, 0xFF1C, 0xF658, 0xF658, 0xF658, 0xEDD6,
    0xE5B6, 0xEE78, 0xEE58, 0xEE58, 0xF678, 0xBD75, 0x7D36, 0x6DBA, 0x7557, 0xE595, 0xE5B6, 0xE5B6,
    0xE5B6, 0xE5D6, 0xE5B6, 0xE5B6, 0xDDB6, 0xEDB5, 0x9CF4, 0x659A, 0x7579, 0x7579, 0x7579, 0x7599,
    0x7579, 0x7579, 0x7DBA, 0x7DDB, 0x75BA, 0x7579, 0x6D79, 0x6D59, 0x6D5A, 0x757A, 0x75BB, 0x7E1C,
    0x5350, 0x4B50, 0x2A6C, 0x3AEE, 0x4330, 0x32AD, 0x224C, 0x222B, 0x3ACE, 0x2A8D, 0x5BB1, 0xFFFF,
    0xF7DF, 0xEFFF, 0x5BD1, 0x328D, 0x222B, 0x222B, 0x224B, 0x2A6C, 0x222C, 0x42EE, 0xE79E, 0xFFFF,
    0x7432, 0x2A4C, 0x4B0F, 0x324C, 0x19C9, 0x222B, 0x220B, 0x19EA, 0x220B, 0x2A4C, 0x3A8D, 0x222B,
    0x2A0C, 0x6BF1, 0xFFFF, 0xF7DF, 0xF7DF, 0x73D0, 0xEEB9, 0xF6FB, 0xF6DA, 0xFEFB, 0xCDD7, 0xDEFB,
    0xFEFB, 0xF69A, 0xF6BA, 0xF6BA, 0xF6BA, 0xF6BA, 0xF6BA, 0xF6BA, 0xFEFB, 0xC5B6, 0xC63A, 0x94D5,
    0x9D59, 0xB5FB, 0xADDB, 0xAD16, 0xFE18, 0xE5B6, 0xA536, 0xD67A, 0xC5F8, 0xCE18, 0xEE99, 0xFEFA,
    0xF6DA, 0xF6DA, 0xF6DA, 0xF6BA, 0xF6BA, 0xF6BA, 0xF6B9, 0xF6B9, 0xF6B9, 0xF6B9, 0xF6B9, 0xF6B9,
    0xF6B9, 0xF6BA, 0xFEBA, 0xB4F3, 0xEF9E, 0xF7FF, 0xF7DF, 0xF7DF, 0xFFFF, 0xE79E, 0x6E3B, 0x65FB,
    0x6E1C, 0x6E7C, 0x86DD, 0x9F1D, 0x8EBD, 0x7E3B, 0x75FA, 0x6D9A, 0x6D7A, 0x75BA, 0x7DFB, 0x85FB,
    0x7DDA, 0x75BB, 0x6DDC, 0x65BC, 0x5D3A, 0x5CF8, 0x5D18, 0x6519, 0x5D19, 0x5CB8, 0x5498, 0x5498,
    0x5CD8, 0x64D9, 0x6519, 0x64D8, 0x5CB8, 0x64F9, 0x6D39, 0x7DFB, 0x7E1C, 0x7E5C, 0x75BA, 0x6D79,
    0x6559, 0x6D79, 0x6D59, 0x6D59, 0xBEDD, 0xA6BC, 0x865B, 0x865C, 0x7E3C, 0xBF7E, 0xB73E, 0x7E3C,
    0x763C, 0x8E9D, 0x8E9C, 0x865C, 0x763B, 0x763A, 0x86BB, 0x8F5C, 0xBFDE, 0xFFFF, 0xC7FE, 0xDFFE,
    0xC79D, 0xCF7E, 0xCF5E, 0xBF3D, 0xB6DD, 0xDF5C, 0xFFFE, 0xFFDD, 0xFFDD, 0xFFDC, 0xFFDC, 0xFFDC,
    0xFFDC, 0xFFFC, 0xFFFD, 0xFFFD, 0xEF7C, 0xBE7A, 0x8558, 0x64D7, 0x6517, 0x6D78, 0x6558, 0x7DDA,
    0x863B, 0x865C, 0x8E9D, 0x863C, 0x96BD, 0x9EFD, 0x7DFB, 0x7E1B, 0x761B, 0x7E1B, 0x7DFB, 0x7E1B,
    0x863C, 0x861B, 0x7DDA, 0x7599, 0x7DDA, 0x75BA, 0xC6DC, 0xFF7D, 0xEE79, 0xF678, 0xF658, 0xF658,
    0xEE38, 0xEE37, 0xEE38, 0xEE38, 0xEE58, 0xFE98, 0xEE37, 0xBD96, 0x64F6, 0xAD14, 0xF5F7, 0xDDB6,
    0xE5D6, 0xE5D6, 0xE5D6, 0xE5B6, 0xE5B6, 0xEDD6, 0xC534, 0x6D58, 0x759A, 0x7579, 0x7599, 0x7579,
    0x7DBA, 0x7DFB, 0x7E1C, 0x75BB, 0x757A, 0x6D59, 0x6D39, 0x7579, 0x7DFB, 0x863D, 0x863C, 0x861C,
    0x5350, 0x32AD, 0x222B, 0x3ACE, 0x432F, 0x3AAD, 0x222B, 0x2A6C, 0x32CD, 0x3ACE, 0x3ACE, 0xD6FC,
    0xEFFF, 0xEFDF, 0x63F2, 0x326D, 0x222B, 0x224B, 0x224C, 0x2A6C, 0x220B, 0x536F, 0xF7FF, 0xEFDF,
    0xE75D, 0x42ED, 0x3A8D, 0x42EF, 0x220A, 0x1A0A, 0x222B, 0x19EA, 0x220B, 0x222C, 0x3AAD, 0x2A4C,
    0x326C, 0x2A2C, 0xCE9A, 0xFFFF, 0xF7FF, 0xD678, 0xF6BA, 0xFEFB, 0xF6BA, 0xC5F8, 0xCE39, 0xE71C,
    0xFEFB, 0xF6BA, 0xF6BA, 0xF6BA, 0xF6BA, 0xF6BA, 0xF6BA, 0xF6BA, 0xF6DA, 0xCDD6, 0xF75D, 0x9D16,
    0xAD99, 0xB5DB, 0x9D16, 0xEDD7, 0xF638, 0xF6BA, 0xEEB9, 0xE678, 0xF6DA, 0xFEFA, 0xF6FA, 0xF6DA,
    0xF6DA, 0xF6DA, 0xF6DA, 0xF6DA, 0xF6BA, 0xF6BA, 0xF6B9, 0xF6B9, 0xF6B9, 0xF6B9, 0xF6B9, 0xF6B9,
    0xF6B9, 0xF6B9, 0xF6DA, 0xE617, 0xCE38, 0xFFFF, 0xF7DF, 0xF7DF, 0xF7DF, 0xFFFF, 0x8E7D, 0x5E1C,
    0x663C, 0x6E5C, 0x865B, 0x7DFB, 0x6DBA, 0x6D7A, 0x6559, 0x6539, 0x6D7A, 0x757A, 0x6D7A, 0x6539,
    0x5D19, 0x5D19, 0x5D19, 0x54D8, 0x5CF9, 0x5D19, 0x5CF8, 0x54D8, 0x54B8, 0x5CD8, 0x5CF9, 0x6519,
    0x6519, 0x64F8, 0x5CB7, 0x5CF8, 0x6518, 0x7519, 0x7D59, 0x6D39, 0x6D59, 0x6D38, 0x6CF8, 0x6519,
    0x7559, 0x7DDA, 0x75BA, 0x7579, 0x85FB, 0x9E9C, 0xB71D, 0xBF3E, 0xBF7E, 0x867C, 0xA6BC, 0x969D,
    0x867C, 0xA6FD, 0x96BD, 0x8E9C, 0x8E9B, 0x7E5A, 0x867C, 0x7EBB, 0xBF7D, 0xFFFF, 0xF7FF, 0xFFFF,
    0xEFFE, 0xF7FF, 0xFFFF, 0xD77E, 0xA6BC, 0xEF7C, 0xFFFE, 0xFFDD, 0xFFFD, 0xFFFD, 0xFFFD, 0xFFFD,
    0xFFFD, 0xE75C, 0xB67B, 0x8D99, 0x7517, 0x6D38, 0x75D9, 0x7E3B, 0x75FA, 0x6D79, 0x6D79, 0x7DFB,
    0x8E9D, 0x8E9D, 0x8E7D, 0x861B, 0xA73E, 0x869D, 0x7E3C, 0x863B, 0x7DFA, 0x7E1B, 0x863B, 0x861B,
    0x7DDA, 0x7DDA, 0x7DDA, 0x7DFA, 0x7DDA, 0x75DA, 0x8DDA, 0xFF7D, 0xF69A, 0xF658, 0xF658, 0xF657,
    0xEE37, 0xEE37, 0xEE57, 0xEE58, 0xEE58, 0xEE58, 0xEE58, 0xFE98, 0xE617, 0xB534, 0xD595, 0xEDD7,
    0xE5D6, 0xE5D6, 0xE5D6, 0xE5D6, 0xE5D6, 0xE5D6, 0xE595, 0x7D16, 0x759A, 0x7578, 0x7599, 0x7DBA,
    0x7DFB, 0x7E1C, 0x75BB, 0x6D79, 0x6D59, 0x75BB, 0x7E1C, 0x867E, 0x8E9E, 0x8E5D, 0x861C, 0x7DDA,
    0x3AAE, 0x2A6C, 0x2A4C, 0x32AD, 0x430F, 0x3AEE, 0x0989, 0x9D76, 0x7453, 0x2A6D, 0x328D, 0x9556,
    0xF7FF, 0xEFFF, 0x6C32, 0x2A6C, 0x222B, 0x224B, 0x224C, 0x2A6C, 0x1A0B, 0x63F1, 0xF7FF, 0xE7BF,
    0xFFFF, 0x7452, 0x2A4C, 0x42CE, 0x3AAD, 0x220A, 0x222B, 0x220A, 0x19EA, 0x220B, 0x326D, 0x3AAD,
    0x326C, 0x2A2C, 0x5B6F, 0xFFFF, 0xBE19, 0xC5B6, 0xFF9D, 0xE679, 0xBDD7, 0xE6FB, 0xDEDB, 0xE6FB,
    0xFEFB, 0xF6BA, 0xF6BA, 0xF6BA, 0xF6BA, 0xF6BA, 0xF6BA, 0xF6DA, 0xF699, 0xC596, 0xB5D9, 0x9D17,
    0xB5DB, 0xA578, 0xDD76, 0xFE99, 0xF6DA, 0xF6DA, 0xFEFA, 0xFEFA, 0xF6DA, 0xF6DA, 0xF6DA, 0xF6DA,
    0xF6DA, 0xF6DA, 0xF6DA, 0xF6DA, 0xF6DA, 0xF6BA, 0xF6BA, 0xF6B9, 0xF6B9, 0xF6B9, 0xF6B9, 0xF6B9,
    0xF6B9, 0xF6B9, 0xF6B9, 0xFEDA, 0xCD75, 0xEF9D, 0xFFFF, 0xF7DF, 0xFFFF, 0xFFFF, 0xBEFD, 0x65BA,
    0x75FA, 0x7DDA, 0x7599, 0x6559, 0x6539, 0x5D19, 0x5D19, 0x6539, 0x6D5A, 0x6539, 0x5D39, 0x5CF9,
    0x5CF9, 0x54F9, 0x54F9, 0x5CF9, 0x54D9, 0x54D9, 0x54B8, 0x5CD8, 0x6519, 0x6D39, 0x6D39, 0x64F8,
    0x5C97, 0x5497, 0x64F8, 0x7599, 0x7539, 0x74F8, 0x6D59, 0x6558, 0x6518, 0x75DA, 0x6D99, 0x6539,
    0x7599, 0x7DDA, 0x759A, 0x759A, 0x5D39, 0x75DA, 0xCF9F, 0xD79E, 0xC71E, 0xA69C, 0x9E9C, 0xAEDD,
    0x96BC, 0x8EDD, 0x96BD, 0x7E3B, 0xAEDC, 0x967C, 0x967C, 0x96BB, 0xD79E, 0xFFFF, 0xFFFF, 0xE7FE,
    0xD7FE, 0xF7FF, 0xEFFF, 0xDFBF, 0xDFBE, 0xC69B, 0xF79C, 0xF7BC, 0xF79C, 0xDF3B, 0xBE7A, 0xA61A,
    0x8578, 0x7538, 0x8DDA, 0xB6DC, 0x7DB9, 0x7E1A, 0x75BA, 0x6D99, 0x7DDA, 0x7DFB, 0x75DB, 0x7DFB,
    0x8E7C, 0x8E5B, 0x8E7C, 0x96BD, 0xA71E, 0x7E3B, 0x865C, 0x865B, 0x863B, 0x861B, 0x75BA, 0x7599,
    0x85FB, 0x7DFA, 0x861B, 0x75BA, 0x75BA, 0x861B, 0x7E1A, 0xB619, 0xFEDB, 0xEE58, 0xF658, 0xF658,
    0xEE57, 0xEE37, 0xEE58, 0xEE58, 0xEE58, 0xEE58, 0xEE58, 0xEE58, 0xF678, 0xF679, 0xCD95, 0xCD34,
    0xEDF6, 0xE5D6, 0xE5D6, 0xE5D6, 0xE5D6, 0xE5B6, 0xF5D6, 0x9D36, 0x6D79, 0x7579, 0x7DBA, 0x7DDB,
    0x75BB, 0x7579, 0x6D59, 0x75BA, 0x7E3D, 0x867D, 0x8E7D, 0x865C, 0x865D, 0x863C, 0x85FA, 0x85FB,
    0x226C, 0x2A6C, 0x2A4C, 0x2A6C, 0x430F, 0x32AE, 0x3AED, 0xF7FF, 0xB639, 0x222C, 0x3AAE, 0x5BB0,
    0xEFBE, 0xF7FF, 0x7CB4, 0x224C, 0x222B, 0x224C, 0x224C, 0x2A8C, 0x1A0A, 0x7473, 0xFFFF, 0xE79F,
    0xFFFF, 0x9D56, 0x2A2B, 0x3AAD, 0x3AAE, 0x3A8D, 0x220A, 0x220B, 0x19EA, 0x220B, 0x2A4C, 0x3AAD,
    0x326C, 0x328C, 0x21EA, 0xBE18, 0x94B5, 0x420B, 0xCE38, 0xCE39, 0xE71C, 0xEF3D, 0xDEBB, 0xE6FB,
    0xFEFB, 0xF6BA, 0xF6BA, 0xF6BA, 0xF6BA, 0xF6BA, 0xF6B9, 0xF6DA, 0xEE78, 0x94B5, 0xA59A, 0xCE5B,
    0xD6BB, 0xC576, 0xFE99, 0xF6DA, 0xF6BA, 0xF6DA, 0xF6DA, 0xF6DA, 0xF6DA, 0xF6DA, 0xF6DA, 0xF6DA,
    0xF6DA, 0xF6DA, 0xF6DA, 0xF6DA, 0xF6DA, 0xF6DA, 0xF6BA, 0xF6BA, 0xF6B9, 0xF6B9, 0xF6B9, 0xF6BA,
    0xF6BA, 0xF6BA, 0xF6B9, 0xFEDA, 0xEE37, 0xCE17, 0xFFFF, 0xFFFF, 0xE7BE, 0xBF3E, 0x967C, 0x7DB9,
    0x75B9, 0x75B9, 0x6D59, 0x6518, 0x5CF8, 0x5CF8, 0x5CF8, 0x6539, 0x6539, 0x5D19, 0x5CF9, 0x5CF9,
    0x54D9, 0x54D9, 0x54D8, 0x54D8, 0x54D8, 0x54D9, 0x64F9, 0x6D39, 0x6519, 0x5CB8, 0x5497, 0x5CD8,
    0x5CD8, 0x64D8, 0x6D39, 0x64D8, 0x5C97, 0x6518, 0x6D79, 0x6D59, 0x6D39, 0x6D59, 0x6D38, 0x6D59,
    0x6D59, 0x6D39, 0x759A, 0x6D7A, 0x965C, 0xBF5E, 0x8E7C, 0xA69C, 0xF7DF, 0xF7DF, 0xBF1D, 0x969C,
    0x9EBC, 0xA6DD, 0x75DA, 0x75DA, 0xAEDD, 0xDFDF, 0xEFBE, 0xD75D, 0xFFFF, 0xFFFF, 0xF7FF, 0xE7FE,
    0xCFFE, 0xFFFF, 0xEFFF, 0xDFBE, 0xAF3D, 0xA6BC, 0x7DD9, 0x8E1A, 0x85D9, 0x6D58, 0x7D99, 0x85DA,
    0x7D99, 0x9E7C, 0xD79F, 0x965B, 0x75B9, 0x6D79, 0x75BA, 0x7DFB, 0x7DFB, 0x75BA, 0x6D99, 0x7D99,
    0x8DFA, 0x8E3B, 0x861A, 0x9EDD, 0x865B, 0x7DDA, 0x7E1B, 0x75DA, 0x7DBA, 0x7DDA, 0x7DDA, 0x7DDA,
    0x7DDA, 0x7DDA, 0x7DDA, 0x7DDA, 0x863B, 0x861B, 0x7DDA, 0x64F6, 0xD5F7, 0xFEB9, 0xEE38, 0xEE37,
    0xEE37, 0xEE58, 0xEE58, 0xEE58, 0xEE58, 0xEE58, 0xEE58, 0xEE58, 0xEE58, 0xEE58, 0xF699, 0xDDF7,
    0xC534, 0xEDD6, 0xE5F6, 0xE5D6, 0xE5D6, 0xE5D6, 0xF5D6, 0xBD76, 0x6559, 0x7DBB, 0x7DFB, 0x75BA,
    0x759A, 0x759A, 0x75BA, 0x7E1C, 0x863B, 0x7E1B, 0x861B, 0x863B, 0x861B, 0x861B, 0x861B, 0x85FB,
    0x2A6C, 0x2A4C, 0x2A6C, 0x2A4C, 0x430E, 0x2A8D, 0x63D1, 0xF7FF, 0xE7BE, 0x430F, 0x32AE, 0x32AD,
    0xBE59, 0xFFFF, 0x9556, 0x222C, 0x224B, 0x224C, 0x2A4C, 0x2A8D, 0x19EA, 0x8CF5, 0xFFFF, 0xE79F,
    0xFFFF, 0xBE59, 0x2A4C, 0x328C, 0x3A8D, 0x3AAD, 0x326C, 0x19EA, 0x19EA, 0x21EA, 0x2A2C, 0x3A8D,
    0x3A8D, 0x326C, 0x326C, 0x3AAD, 0xBDB6, 0x62AD, 0x9CF5, 0xEF5D, 0xDEBA, 0xE6DB, 0xCE59, 0xE6FB,
    0xFEFB, 0xF6BA, 0xF6BA, 0xF6BA, 0xF6BA, 0xF6BA, 0xF6BA, 0xFEFB, 0xD5D6, 0xB5D9, 0xE6FC, 0xEF3C,
    0xCDF8, 0xEE38, 0xF6FA, 0xF6BA, 0xF6DA, 0xF6DA, 0xF6DA, 0xF6DA, 0xF6DA, 0xF6DA, 0xF6DA, 0xF6DA,
    0xF6DA, 0xF6DA, 0xF6DA, 0xF6DA, 0xF6DA, 0xF6DA, 0xF6BA, 0xF6BA, 0xF6BA, 0xF6BA, 0xF6BA, 0xF6BA,
    0xF6BA, 0xF6BA, 0xF6B9, 0xF6B9, 0xFEDA, 0xCD95, 0xC71C, 0xAEFD, 0x8E9C, 0x8E7C, 0x865B, 0x75B9,
    0x7599, 0x75B9, 0x6D99, 0x5CF8, 0x5CF8, 0x6519, 0x6539, 0x5D19, 0x5CF8, 0x54D8, 0x54D8, 0x54D8,
    0x54D8, 0x54D8, 0x5CF8, 0x54F9, 0x6519, 0x6D59, 0x757A, 0x64F9, 0x54B8, 0x5CD8, 0x5D18, 0x6558,
    0x6538, 0x5C97, 0x5477, 0x5477, 0x5CB7, 0x6518, 0x64D8, 0x6D79, 0x6D58, 0x6D38, 0x7579, 0x7579,
    0x6D39, 0x6538, 0x7D9A, 0xB6FD, 0xAEDD, 0x8E3B, 0x861B, 0x8E7C, 0xCF5E, 0xFFFF, 0xFFFF, 0xEFDF,
    0xAF3D, 0xAEBC, 0xA69C, 0x8E5C, 0xA6DD, 0xD7BF, 0xE7DF, 0xFFFF, 0xFFFF, 0xF7FF, 0xFFFF, 0xFFFF,
    0xFFFF, 0xEFFE, 0xC7BE, 0xAF1D, 0xA71D, 0x9EBC, 0x8E9C, 0x969C, 0x8E7B, 0x9E9C, 0x9E7C, 0x965B,
    0xAEBC, 0xCF5E, 0x961A, 0x6D58, 0x7558, 0x6D78, 0x75BA, 0x75BA, 0x7599, 0x7599, 0x7599, 0x7578,
    0x7DB9, 0x861B, 0x7DFA, 0xA71D, 0x7DDA, 0x7599, 0x6D78, 0x7599, 0x7DDA, 0x861B, 0x861B, 0x7599,
    0x75B9, 0x861B, 0x865B, 0x863B, 0x7DD9, 0x7599, 0x75B9, 0x7DFA, 0x7537, 0xD5B6, 0xFE78, 0xF658,
    0xEE37, 0xEE57, 0xEE58, 0xEE58, 0xEE58, 0xEE58, 0xEE58, 0xEE58, 0xEE58, 0xEE58, 0xEE58, 0xF679,
    0xE638, 0xBD34, 0xE5D6, 0xEDF6, 0xE5D6, 0xE5D6, 0xEDD6, 0xDDF7, 0x7579, 0x6D79, 0x6D58, 0x7558,
    0x7599, 0x8E5C, 0x8E5C, 0x75BA, 0x7599, 0x7D99, 0x85DA, 0x7DDA, 0x85FB, 0x85FB, 0x85BA, 0x8599,
    0x2A6C, 0x2A4C, 0x2A6D, 0x2A4C, 0x32AD, 0x3AEF, 0x328D, 0xDF3C, 0xFFFF, 0x7CF6, 0x2A2C, 0x32AE,
    0x7432, 0xFFFF, 0xB618, 0x222C, 0x222B, 0x224C, 0x224C, 0x328C, 0x19EA, 0x9576, 0xFFFF, 0xEFBF,
    0xF7FF, 0xDF1C, 0x3AAD, 0x328D, 0x326C, 0x328D, 0x3AAD, 0x324C, 0x21EA, 0x220A, 0x220B, 0x326D,
    0x3A8D, 0x328D, 0x3A8D, 0x2A0C, 0x8C31, 0xBDF9, 0xADB9, 0x84B5, 0xA599, 0xA578, 0x7C95, 0xDEFB,
    0xFEFB, 0xF69A, 0xF6BA, 0xF6BA, 0xF6BA, 0xF6BA, 0xF69A, 0xFEDA, 0xCDB6, 0xDEBB, 0xEF1C, 0xD69A,
    0xD5B6, 0xFEDA, 0xF6BA, 0xF6DA, 0xF6DA, 0xF6DA, 0xF6DA, 0xF6DA, 0xF6DA, 0xF6DA, 0xF6DA, 0xF6DA,
    0xF6DA, 0xF6DA, 0xF6DA, 0xF6DA, 0xF6DA, 0xF6DA, 0xF6DA, 0xF6BA, 0xF6BA, 0xF6BA, 0xF6BA, 0xF6BA,
    0xF6BA, 0xF6BA, 0xF6BA, 0xF6BA, 0xF6DA, 0xF658, 0x8556, 0x8EBD, 0x967C, 0x969C, 0x8E7C, 0x7DDA,
    0x6D78, 0x6578, 0x75B9, 0x85FA, 0x6D59, 0x6539, 0x5CF9, 0x54D8, 0x54D8, 0x54D8, 0x54D8, 0x54D8,
    0x54D8, 0x5CF9, 0x54D8, 0x5CF8, 0x6518, 0x5CD8, 0x54B8, 0x54B8, 0x5D38, 0x6559, 0x6DDA, 0x6D99,
    0x6538, 0x6518, 0x6D39, 0x6CF8, 0x64D8, 0x5CB7, 0x5CB7, 0x6D18, 0x7D79, 0x7D79, 0x7579, 0x7DDA,
    0x7579, 0x9E3B, 0xBF5E, 0x9E9C, 0x861B, 0x8E7C, 0x9E9C, 0x967C, 0x867C, 0xE79E, 0xEFDF, 0xBF5E,
    0xCF7E, 0xEFFF, 0xF7FF, 0xEFFF, 0xDFFF, 0xD7FF, 0xCFDF, 0xCF7E, 0xEFBF, 0xFFFF, 0xFFFF, 0xEFFE,
    0xEFFE, 0xC7FE, 0xC7DE, 0xCF9F, 0xB73D, 0x9E9C, 0x969C, 0x967B, 0x8E3B, 0x85FA, 0xB6DD, 0xCF7E,
    0xB6DD, 0x961A, 0x7D99, 0x7599, 0x7599, 0x75B9, 0x7DBA, 0x7DB9, 0x85DA, 0x7DDA, 0x6D79, 0x6558,
    0x7599, 0x7DFA, 0x8E7C, 0x9EFD, 0x7DB9, 0x7599, 0x75B9, 0x75DA, 0x6D78, 0x75B9, 0x861B, 0x861B,
    0x863B, 0x7E1A, 0x75B9, 0x6D78, 0x75B9, 0x85FA, 0x7DDA, 0x7DBA, 0x6DBA, 0x6D37, 0xAD55, 0xEE16,
    0xFE78, 0xEE37, 0xEE58, 0xEE58, 0xEE58, 0xEE58, 0xEE58, 0xEE78, 0xEE58, 0xEE58, 0xEE58, 0xEE38,
    0xF678, 0xEE58, 0xBD34, 0xE5B6, 0xEDF7, 0xE5D6, 0xEE38, 0xF6BA, 0x7D58, 0x5CD6, 0x64D6, 0x64F6,
    0x85DA, 0x8E3B, 0x8E3B, 0x6D17, 0x6CF6, 0x7D77, 0x7D99, 0x85B9, 0x8599, 0x8599, 0x85B9, 0x85B9,
    0x2A4C, 0x2A6D, 0x2A6D, 0x2A6D, 0x222B, 0x3AEF, 0x224C, 0xA5B7, 0xFFFF, 0xC6DC, 0x2A6D, 0x3ACE,
    0x32AE, 0xDF1C, 0xE75D, 0x2A6C, 0x222B, 0x224C, 0x224C, 0x2A8D, 0x19EA, 0xA597, 0xFFFF, 0xEFBF,
    0xF7DF, 0xF7DF, 0x5350, 0x328D, 0x328D, 0x3A6C, 0x2A4C, 0x3AAE, 0x326C, 0x21E9, 0x19EA, 0x2A4C,
    0x3A8D, 0x328D, 0x3AAD, 0x21CB, 0x9493, 0xADBA, 0xA579, 0x9538, 0xB5FB, 0xA578, 0xBDFA, 0xDEDB,
    0xFEFB, 0xF69A, 0xF6BA, 0xF6BA, 0xF6BA, 0xF6BA, 0xF6BA, 0xF69A, 0xCDB6, 0xE6FC, 0xEF1C, 0xC5D8,
    0xF679, 0xF6DA, 0xF6BA, 0xF6DA, 0xF6DA, 0xF6DA, 0xF6DA, 0xF6DA, 0xF6DA, 0xF6DA, 0xF6DA, 0xF6DA,
    0xF6DA, 0xF6DA, 0xF6DA, 0xF6DA, 0xF6DA, 0xF6DA, 0xF6DA, 0xF6DA, 0xF6BA, 0xF6BA, 0xF6BA, 0xF6BA,
    0xF6BA, 0xF6BA, 0xF6BA, 0xF6DA, 0xF6B9, 0xFEDA, 0xBD75, 0x967C, 0x9EBD, 0x965C, 0x8E5C, 0x7E1B,
    0x6598, 0x6DB9, 0x85FA, 0x7DDA, 0x6538, 0x5CF8, 0x64F8, 0x5CF8, 0x54D8, 0x4CD7, 0x54F8, 0x5518,
    0x5D19, 0x54D8, 0x54B8, 0x54B7, 0x4CB7, 0x54D7, 0x5D38, 0x5D38, 0x6558, 0x6598, 0x6558, 0x5CF8,
    0x6518, 0x7D99, 0x7559, 0x64F8, 0x5C97, 0x5C97, 0x64B8, 0x7539, 0x7539, 0x6D39, 0x6D79, 0x8E1B,
    0xC73E, 0xC73E, 0x8E3B, 0x861B, 0x8E3B, 0x85FB, 0xA67C, 0x8E5B, 0x8E5B, 0x9E9C, 0x969C, 0x8E3A,
    0x85FA, 0xA6DD, 0xDFDF, 0xC77E, 0xBF5E, 0xAF1E, 0xBF5E, 0x969C, 0xF7DF, 0xF7FF, 0xFFFF, 0xE7BE,
    0xC77E, 0xBF9E, 0xCFBE, 0xDFDE, 0xC73D, 0xB6FD, 0xA69C, 0x85DA, 0x8E1B, 0xB6DD, 0xAE9C, 0x85D9,
    0x8DFA, 0x8E1A, 0x7DDA, 0x861B, 0x85FA, 0x861B, 0x861B, 0x863B, 0x75DA, 0x6579, 0x6559, 0x6558,
    0x6D78, 0x7DB9, 0x9F1D, 0x8E5B, 0x7DDA, 0x7DD9, 0x75BA, 0x6D58, 0x7599, 0x7DDA, 0x85FB, 0x7DFA,
    0x75B9, 0x7599, 0x7DFA, 0x861A, 0x85FA, 0x7DDA, 0x7578, 0x75B9, 0x85FA, 0x8E5C, 0x7E3B, 0x7D57,
    0xBD54, 0xF658, 0xEE58, 0xEE38, 0xEE58, 0xEE58, 0xEE78, 0xEE58, 0xEE58, 0xEE58, 0xEE58, 0xEE58,
    0xEE58, 0xF678, 0xEE58, 0xBD34, 0xE5B6, 0xEE17, 0xEE17, 0xF637, 0x8536, 0x5495, 0x6D17, 0x7557,
    0x85DA, 0x6CF6, 0x7557, 0x7D78, 0x8598, 0x85B9, 0x85B9, 0x7D98, 0x8599, 0x8DDA, 0x85DA, 0x8599,
    0x2A6C, 0x2A6C, 0x328D, 0x11EB, 0x6C11, 0x5BD1, 0x224D, 0x63D1, 0xF7FF, 0xEFDF, 0x53B2, 0x2A6C,
    0x32AE, 0x7473, 0xFFFF, 0x432E, 0x1A0B, 0x226C, 0x224C, 0x2A8D, 0x1A0B, 0xB5F8, 0xFFFF, 0xEFDF,
    0xF7DF, 0xFFFF, 0x7C73, 0x2A4D, 0x326D, 0x63D0, 0x84B3, 0x21EA, 0x3AAE, 0x326D, 0x19C9, 0x220B,
    0x3A8D, 0x3A8D, 0x19EB, 0x73F2, 0xF75D, 0xCE7A, 0x94F6, 0xD6BC, 0xB5D8, 0xDEDB, 0xE6FB, 0xDEBA,
    0xFEFB, 0xF6BA, 0xF6BA, 0xF6BA, 0xF6BA, 0xF69A, 0xF6BA, 0xE658, 0xC5D7, 0xEF3D, 0xD69B, 0xD5D7,
    0xFEDA, 0xF6BA, 0xF6BA, 0xF6DA, 0xF6DA, 0xF6DA, 0xF6DA, 0xF6DA, 0xF6DA, 0xF6DA, 0xF6DA, 0xF6DA,
    0xF6DA, 0xF6DA, 0xF6DA, 0xF6DA, 0xF6DA, 0xF6DA, 0xF6DA, 0xF6DA, 0xF6BA, 0xF6BA, 0xF6BA, 0xF6BA,
    0xF6BA, 0xF6BA, 0xF6BA, 0xF6BA, 0xF6B9, 0xF6BA, 0xEE58, 0x8D77, 0x867D, 0x7E3B, 0x863B, 0x8E5B,
    0x75FA, 0x6D99, 0x6578, 0x6578, 0x6D58, 0x5CF7, 0x54D8, 0x54D7, 0x5D18, 0x5D38, 0x5518, 0x54F8,
    0x4CB7, 0x54D7, 0x54D7, 0x54B7, 0x54D7, 0x5D38, 0x5D18, 0x54D7, 0x5CF7, 0x5CF7, 0x6518, 0x6518,
    0x5CD8, 0x6518, 0x64D7, 0x5C97, 0x5CB8, 0x64F8, 0x64D8, 0x7D7A, 0x7559, 0x7579, 0xA69C, 0xC73E,
    0x9E7C, 0x7D9A, 0x85FA, 0x8E1B, 0x961B, 0x8E1B, 0x75DA, 0x863B, 0xB6FD, 0xBF3D, 0x9E7B, 0xAE9C,
    0xB6FD, 0x8E5B, 0x8E7C, 0x8E5B, 0x863B, 0x863B, 0x9EBC, 0xDF9E, 0xE7BF, 0xDFDF, 0xEFFF, 0xCF5E,
    0x9EBC, 0xE7BE, 0xE7DF, 0xDFBF, 0xDFBF, 0xC6FE, 0x961C, 0xAE7C, 0xC71D, 0x961B, 0x6D79, 0x75BA,
    0x865C, 0x863C, 0x861A, 0x863B, 0x967C, 0x8E7C, 0x7DFA, 0x6D99, 0x6558, 0x6D99, 0x6558, 0x6538,
    0x6D58, 0x7599, 0x9F3E, 0x861A, 0x861A, 0x85FA, 0x7DDA, 0x7DDA, 0x85F9, 0x7599, 0x7599, 0x7DB9,
    0x7DB9, 0x7DB9, 0x7DDA, 0x7DB9, 0x7DDA, 0x7DB9, 0x7DFA, 0x8E5C, 0x965C, 0x861B, 0x8E3B, 0x75BA,
    0x7599, 0x9D76, 0xEE99, 0xFEFB, 0xEE79, 0xEE79, 0xEE79, 0xEE58, 0xEE58, 0xEE58, 0xEE58, 0xEE58,
    0xEE58, 0xEE58, 0xEE78, 0xEE78, 0xC554, 0xDDB6, 0xEDF6, 0xF617, 0xADB7, 0x5CD5, 0x6D16, 0x7557,
    0x8598, 0x64D5, 0x7536, 0x7D78, 0x7D99, 0x85B9, 0x8599, 0x7D58, 0x7D58, 0x7D9A, 0x7D79, 0x7D58,
    0x2A6C, 0x2A6C, 0x2A4D, 0x224B, 0xE77D, 0xA597, 0x224D, 0x328D, 0xCEDB, 0xFFFF, 0x9578, 0x2A4C,
    0x3AEE, 0x32AD, 0xD6FB, 0x84B3, 0x09CA, 0x2A6C, 0x224C, 0x2A6D, 0x1A0B, 0xBE59, 0xFFFF, 0xEFDF,
    0xF7DF, 0xFFFF, 0xADD7, 0x2A4C, 0x3AAE, 0x328D, 0xE77D, 0x9D56, 0x21EA, 0x3AAE, 0x3A8D, 0x21EA,
    0x2A2C, 0x326D, 0x8CD5, 0xFF9E, 0xE6FC, 0xCE7A, 0xCE39, 0xE6DB, 0xDEBA, 0xF75C, 0xE6DB, 0xE6DA,
    0xFEFA, 0xF6B9, 0xF6BA, 0xF6BA, 0xF6BA, 0xF699, 0xFEDA, 0xD5F7, 0xCE59, 0xF73D, 0xC618, 0xEE59,
    0xF6BA, 0xF6BA, 0xF6BA, 0xF6DA, 0xF6DA, 0xF6DA, 0xF6DA, 0xF6DA, 0xF6DA, 0xF6DA, 0xF6DA, 0xF6DA,
    0xF6DA, 0xF6DA, 0xF6DA, 0xF6DA, 0xF6DA, 0xF6DA, 0xF6DA, 0xF6DA, 0xF6DA, 0xF6BA, 0xF6BA, 0xF6BA,
    0xF6BA, 0xF6BA, 0xF6BA, 0xF6BA, 0xF6BA, 0xF6B9, 0xFEDA, 0xB555, 0x863B, 0xA69C, 0x967C, 0x8E5B,
    0x75DA, 0x6558, 0x6578, 0x6578, 0x6D98, 0x6559, 0x54D7, 0x54D7, 0x5D58, 0x6579, 0x5D58, 0x5517,
    0x4D17, 0x5D78, 0x5D18, 0x54F8, 0x5D38, 0x54F8, 0x5D18, 0x6598, 0x6558, 0x5CD8, 0x5CB7, 0x5CB7,
    0x5CF8, 0x5CD7, 0x64D8, 0x64F8, 0x6D59, 0x7559, 0x7579, 0x85DB, 0x961B, 0xB6BD, 0xD77E, 0xC71D,
    0x9E3B, 0x963B, 0x85BA, 0x861B, 0x967B, 0x963B, 0xBF1D, 0xDFBF, 0xCF7E, 0x9E7C, 0xCF5D, 0xCF9E,
    0xCFBF, 0xC77E, 0xB75E, 0x9EBC, 0x867B, 0x9EBC, 0xCF5E, 0xC75E, 0xCFDF, 0xCFDF, 0xD7FF, 0xDFDF,
    0xD77E, 0xC71D, 0xC73D, 0xDF5E, 0xC6FD, 0xAE5C, 0xC6DE, 0xC6FD, 0x961C, 0x7DFB, 0x761B, 0x7E5C,
    0x865C, 0x8E5C, 0x8E5C, 0x8E5C, 0x7DDA, 0x7599, 0x6D99, 0x6D99, 0x75BA, 0x6D99, 0x6558, 0x6558,
    0x6517, 0x7E1A, 0x8E9C, 0x861B, 0x861A, 0x85DA, 0x85DA, 0x6D78, 0x6517, 0x6D58, 0x7599, 0x7599,
    0x7DD9, 0x7DDA, 0x7599, 0x7599, 0x861B, 0x965C, 0x965B, 0x861A, 0x7DFB, 0x7DFB, 0x75B9, 0x7578,
    0x7DDA, 0x75DB, 0x7D98, 0xCE9A, 0xFFBE, 0xF71C, 0xEE99, 0xEE79, 0xEE79, 0xEE79, 0xEE78, 0xEE58,
    0xEE58, 0xEE58, 0xEE58, 0xEE78, 0xEE78, 0xBD54, 0xDDB6, 0xF637, 0xC5D7, 0x6CF5, 0x8578, 0x8DB9,
    0x961A, 0x7D57, 0x7D58, 0x7D78, 0x7D78, 0x7D78, 0x7537, 0x7D78, 0x8DBA, 0x8DDA, 0x8DDA, 0x8D99,
    0x2A6C, 0x2A6D, 0x1A0B, 0x4BF0, 0x7DB9, 0xCEFC, 0x430E, 0x224C, 0x7CB4, 0xFFFF, 0xC6DC, 0x5371,
    0x4B2F, 0x2A8E, 0x6C32, 0xBE38, 0x19CA, 0x2A4C, 0x224C, 0x2A8D, 0x1A2B, 0xC67A, 0xFFFF, 0xF7DF,
    0xF7DF, 0xF7FF, 0xD6FC, 0x328D, 0x3ACE, 0x2A4B, 0xA5B7, 0xFFFF, 0x9515, 0x19A9, 0x3A8D, 0x3AAE,
    0x220B, 0x6390, 0xBE3B, 0x9537, 0x9D36, 0xD69B, 0xDEDC, 0xAD77, 0xA578, 0x8CF7, 0x84B6, 0xC639,
    0xFEFA, 0xF6BA, 0xF6BA, 0xF6BA, 0xF6BA, 0xF699, 0xF6DA, 0xCDB6, 0xDEDB, 0xE6FC, 0xCDD7, 0xF6BA,
    0xF69A, 0xF6BA, 0xF6BA, 0xF6DA, 0xF6DA, 0xF6DA, 0xF6DA, 0xF6DA, 0xF6DA, 0xF6DA, 0xF6DA, 0xF6DA,
    0xF6DA, 0xF6DA, 0xF6DA, 0xF6DA, 0xF6DA, 0xF6DA, 0xF6DA, 0xF6DA, 0xF6DA, 0xF6BA, 0xF6BA, 0xF6BA,
    0xF6BA, 0xF6BA, 0xF6BA, 0xF6BA, 0xF6BA, 0xF6B9, 0xF6DA, 0xEE37, 0x95B7, 0x969D, 0x861A, 0x7E1A,
    0x6DDA, 0x5D58, 0x6578, 0x75B9, 0x75B9, 0x6578, 0x5517, 0x54F7, 0x5537, 0x4CF7, 0x5D58, 0x65B8,
    0x5D58, 0x54F7, 0x54D7, 0x5D38, 0x5D38, 0x54D7, 0x54D7, 0x5CF7, 0x6538, 0x54B7, 0x54B7, 0x5CB7,
    0x5CF8, 0x64D8, 0x64D8, 0x7579, 0x85BA, 0x7559, 0x755A, 0xAE7C, 0xC73E, 0x8DFB, 0x861B, 0xC75E,
    0xDFBF, 0xD79E, 0xB6FD, 0xAEDC, 0x965B, 0x969C, 0xAEFD, 0xB71D, 0xEFFF, 0xF7FF, 0xD7BF, 0xAEDD,
    0xB71D, 0x9EBC, 0xC77E, 0xC79F, 0xA6DD, 0xBF3E, 0xC75E, 0xCFBF, 0xD7DF, 0xD7FF, 0xD7BF, 0xB6FD,
    0x8E3B, 0x8E1B, 0x9E3B, 0xA61B, 0xBE9D, 0xCEFE, 0xCF7F, 0xAEBE, 0x967E, 0x8E7D, 0x7E1C, 0x7DFB,
    0x863C, 0x863B, 0x7DFB, 0x75DA, 0x7DFB, 0x7E3C, 0x75DA, 0x7DDA, 0x7DFB, 0x6D78, 0x6D99, 0x6578,
    0x6538, 0x8E9C, 0x7578, 0x7DFA, 0x861A, 0x7DFA, 0x85FA, 0x7599, 0x6D37, 0x7D99, 0x85FA, 0x6D58,
    0x6D78, 0x7DB9, 0x7DDA, 0x965C, 0x8E5B, 0x85FA, 0x7DDA, 0x7E3C, 0x7E3C, 0x8E5C, 0x8E3C, 0x863C,
    0x7599, 0x7578, 0x75B9, 0x7537, 0xA619, 0xFFBD, 0xFFFE, 0xFF7C, 0xF71B, 0xF6DA, 0xF699, 0xEE79,
    0xEE79, 0xEE78, 0xEE78, 0xEE58, 0xEE78, 0xF679, 0xC554, 0xDD95, 0xD6BB, 0x961A, 0x7537, 0x95FA,
    0xA67C, 0x8DDA, 0x85B9, 0x7D78, 0x8599, 0x8DB9, 0x8DBA, 0x8DDA, 0x8DFA, 0x9E3B, 0xAEDD, 0xAEDC,
    0x2A6C, 0x2A2C, 0x2A6C, 0x6516, 0x5C97, 0xB67C, 0x9515, 0x224C, 0x3ACE, 0xDF5D, 0xF7DF, 0x6413,
    0x8D15, 0x3AEE, 0x32CE, 0x84D4, 0x3AAD, 0x222C, 0x2A6C, 0x2A6C, 0x1A2B, 0xC69A, 0xFFFF, 0xF7DF,
    0xF7DF, 0xEFBF, 0xEFDF, 0x5B90, 0x328D, 0x2A6C, 0x7432, 0xE79F, 0xEFFF, 0x8CF4, 0x1189, 0x2A0B,
    0x324D, 0x2A2C, 0x328D, 0x7C75, 0xE6FC, 0xFFBF, 0xF73D, 0xAD98, 0x7C96, 0x84F9, 0x7C98, 0xC65A,
    0xFEFB, 0xF6B9, 0xF6BA, 0xF6BA, 0xF6BA, 0xF6BA, 0xF699, 0xC5B6, 0xEF3D, 0xD69A, 0xD618, 0xFEDA,
    0xF69A, 0xF6BA, 0xF6BA, 0xF6BA, 0xF6DA, 0xF6DA, 0xF6DA, 0xF6DA, 0xF6DA, 0xF6DA, 0xF6DA, 0xF6DA,
    0xF6DA, 0xF6DA, 0xF6DA, 0xF6DA, 0xF6DA, 0xF6DA, 0xF6DA, 0xF6DA, 0xF6DA, 0xF6DA, 0xF6BA, 0xF6BA,
    0xF6BA, 0xF6B9, 0xF6B9, 0xF6BA, 0xF6BA, 0xF6B9, 0xF6B9, 0xFEDA, 0xA535, 0x6DFB, 0x7E1A, 0x75FA,
    0x761A, 0x75B9, 0x6D78, 0x6557, 0x5D78, 0x5D57, 0x5537, 0x54F7, 0x54F7, 0x4CF7, 0x5D58, 0x5D58,
    0x5517, 0x5537, 0x5D37, 0x5D38, 0x5D38, 0x54F7, 0x54B7, 0x54B7, 0x6D79, 0x6518, 0x64F8, 0x6538,
    0x64F8, 0x64D8, 0x6D18, 0x6D39, 0x757A, 0x8DDB, 0xBF3E, 0xBF7E, 0x865B, 0x85FB, 0x861A, 0x8E9C,
    0x969C, 0x85FB, 0x75BA, 0x75BA, 0x85FB, 0x861B, 0x863B, 0x9E7B, 0xCF7E, 0xB71D, 0xA6BC, 0x963B,
    0x965B, 0x967B, 0xBEFD, 0xE7FF, 0xE7FF, 0xE7DF, 0xDFBF, 0xAEFC, 0x863B, 0xC75E, 0xAEBC, 0x7DDA,
    0x75DA, 0x85FA, 0x963B, 0xC6FE, 0xCF7F, 0xC79F, 0xC75F, 0xBF1F, 0xAEBF, 0x9E7D, 0x863C, 0x7E1B,
    0x865C, 0x8E5C, 0x863C, 0x865C, 0x863C, 0x861B, 0x861B, 0x8E3B, 0x861B, 0x75B9, 0x6D78, 0x6537,
    0x6D79, 0x865C, 0x6CF7, 0x7599, 0x863B, 0x861A, 0x85FA, 0x85FA, 0x7DB9, 0x7DB9, 0x7579, 0x7599,
    0x85FA, 0x8E5B, 0x8E5B, 0x7DDA, 0x75B9, 0x7E1B, 0x8E7C, 0x8E7D, 0x7DD9, 0x863B, 0x861B, 0x85FA,
    0x7579, 0x7D99, 0x85B9, 0x8DFA, 0x7DB9, 0x8D97, 0xDF1C, 0xFFFE, 0xFFDE, 0xFFBD, 0xFF7C, 0xF6FB,
    0xEEBA, 0xEE99, 0xEE79, 0xEE79, 0xEE58, 0xEE58, 0xEE58, 0xBDD7, 0xBE59, 0x8DB9, 0x8599, 0x9E5B,
    0x961A, 0x8DDA, 0x7D58, 0x7D79, 0x7D58, 0x7D58, 0x8579, 0x8579, 0x8558, 0x6454, 0x6C94, 0xAEFD,
    0x2A6D, 0x1A0B, 0x6454, 0x8DBA, 0x6D17, 0x6D17, 0xC6BB, 0x430E, 0x222C, 0x84D4, 0xFFFF, 0x8D16,
    0x84B5, 0xA597, 0x2A6D, 0x430F, 0x2A4C, 0x224C, 0x2A6C, 0x2A6C, 0x222B, 0xC69A, 0xFFFF, 0xF7DF,
    0xFFFF, 0xF7BF, 0xFFFF, 0x9515, 0x2A2C, 0x3AAE, 0x42CE, 0xD73D, 0xDF5E, 0xF7FF, 0x8CF5, 0xC639,
    0x6BF1, 0x3A8D, 0x2A4B, 0x21EA, 0x530E, 0x8CB3, 0xAD97, 0xADB9, 0x8D39, 0x9DBC, 0x955A, 0xCE7A,
    0xFEFB, 0xEE9A, 0xF6BA, 0xF6BA, 0xF6BA, 0xF6BA, 0xE658, 0xCDF7, 0xEF5D, 0xCE39, 0xEE58, 0xF6BA,
    0xF6BA, 0xF6BA, 0xF6BA, 0xF6BA, 0xFFBE, 0xFF3C, 0xF6DA, 0xF6DA, 0xF6DA, 0xF6DA, 0xF6DA, 0xF6DA,
    0xF6DA, 0xF6DA, 0xF6DA, 0xF6DA, 0xF6DA, 0xF6DA, 0xF6DA, 0xF6DA, 0xF6DA, 0xF6DA, 0xF6BA, 0xF6BA,
    0xF6B9, 0xF6B9, 0xF6B9, 0xF6B9, 0xF6B9, 0xF6BA, 0xF6B9, 0xFEDA, 0xDDF6, 0x6557, 0x6E1A, 0x6DD9,
    0x75FA, 0x65B9, 0x5D37, 0x5D37, 0x5D78, 0x5D98, 0x5D78, 0x5557, 0x4CF6, 0x5517, 0x5517, 0x5537,
    0x5D78, 0x5D37, 0x5517, 0x54D7, 0x5D18, 0x54F7, 0x54D7, 0x5CF7, 0x6D99, 0x6538, 0x64F8, 0x6D39,
    0x64F8, 0x7539, 0x7539, 0x6D39, 0xB6FD, 0xD7BF, 0x967C, 0x7DDA, 0x7D9A, 0x6D39, 0x6D59, 0x861B,
    0x865B, 0x7DFB, 0x6D79, 0x759A, 0x6D7A, 0x7DFA, 0x8E3B, 0xAE9B, 0xD75E, 0xC6FC, 0xC71D, 0xBF5E,
    0xC79E, 0xE7FF, 0xF7FF, 0xDFFF, 0xCF9F, 0xBF3D, 0xA6DC, 0x861B, 0x965B, 0xB6DC, 0x8E1B, 0x7DFA,
    0x861B, 0x8E5C, 0x9E9D, 0xA6FF, 0xA6BE, 0xB6BE, 0xBEBF, 0xBEFF, 0xAEFF, 0xA6DF, 0x969F, 0x8E7E,
    0x9EBE, 0x8E9D, 0x8E7D, 0x7E1B, 0x7DFA, 0x861B, 0x7DDA, 0x7DDA, 0x7DB9, 0x7579, 0x6D58, 0x64F7,
    0x75FA, 0x75BA, 0x6D37, 0x6D37, 0x7DDA, 0x863B, 0x85FA, 0x85FA, 0x85FA, 0x6D78, 0x7DB9, 0x8E3B,
    0x8E3B, 0x7DB9, 0x7577, 0x6D37, 0x863B, 0x9EDE, 0x969D, 0x863C, 0x85FA, 0x85FA, 0x85FA, 0x8E1B,
    0x85FA, 0x85FA, 0x8E1A, 0x8DFA, 0x8598, 0x7557, 0x64B4, 0xA5D8, 0xF79D, 0xFFFE, 0xFFDE, 0xFF9D,
    0xF6FB, 0xEEBA, 0xEE99, 0xEE99, 0xF678, 0xEE58, 0xDE9A, 0xCEDB, 0xC69B, 0x9DF9, 0x961B, 0x7D58,
    0x7518, 0x8599, 0x8599, 0x8599, 0x7D79, 0x7D58, 0x74F6, 0x74D6, 0x6475, 0x74D5, 0x9E5B, 0x9E5B,
    0x220B, 0x3AEE, 0x8D99, 0x7D38, 0x6D17, 0x64D6, 0xEF9F, 0xA576, 0x222C, 0x32AD, 0xE73D, 0xDF3D,
    0x4B30, 0xF7BF, 0x7C73, 0x32AE, 0x3AEE, 0x222B, 0x226C, 0x2A6C, 0x222B, 0xCEBA, 0xFFFF, 0xF7DF,
    0xFFFF, 0xF7DF, 0xF7FF, 0xCEDB, 0x326D, 0x3ACE, 0x2A4B, 0xA5B7, 0xF7FF, 0xBE5A, 0xCE9A, 0xDEBC,
    0xCE5A, 0xE71D, 0x9D16, 0x5B90, 0x326D, 0x21CA, 0x1989, 0x2A0B, 0x4B0F, 0x5B91, 0x6BF3, 0xD69A,
    0xFEDA, 0xF69A, 0xF6BA, 0xF69A, 0xF699, 0xFEDA, 0xD5D6, 0xD65A, 0xEF3D, 0xC5F8, 0xF699, 0xF6BA,
    0xF6BA, 0xF6BA, 0xF6BA, 0xF6DA, 0xFF5D, 0xF6FA, 0xF6DA, 0xF6DA, 0xF6DA, 0xF6DA, 0xF6DA, 0xF6DA,
    0xF6DA, 0xF6DA, 0xF6DA, 0xF6DA, 0xF6DA, 0xF6DA, 0xF6DA, 0xF6DA, 0xF6DA, 0xF6DA, 0xF6BA, 0xF6BA,
    0xF6B9, 0xF6B9, 0xF6B9, 0xF6B9, 0xF6B9, 0xF6BA, 0xF6B9, 0xF6B9, 0xFEB9, 0x8D15, 0x661A, 0x6DFA,
    0x6DFA, 0x6DD9, 0x5D57, 0x5D58, 0x5D78, 0x5D57, 0x5D57, 0x5D57, 0x6558, 0x5537, 0x4CF6, 0x4CD6,
    0x4CD6, 0x4CD6, 0x54F7, 0x54F7, 0x54D7, 0x5CD7, 0x5CF7, 0x6518, 0x5CF8, 0x6538, 0x7579, 0x7579,
    0x7DBA, 0x7579, 0x85BA, 0xAEFD, 0xA69C, 0x6D7A, 0x6D19, 0x6CF9, 0x6D39, 0x75BA, 0x759A, 0x7DFA,
    0x75DA, 0x7DBA, 0x7DDA, 0x8E1B, 0x965B, 0xA69C, 0x7D99, 0x7D78, 0x965B, 0xD75E, 0xFFFF, 0xEFFF,
    0xF7FF, 0xCF9E, 0xAF5E, 0xA71D, 0x8E7B, 0x963A, 0x861B, 0x8E3B, 0xA69C, 0xAEBC, 0xAE9C, 0x8E1B,
    0x75FB, 0x7DFB, 0x8E7D, 0x965C, 0x9E5D, 0xAEDF, 0xB73F, 0xC79F, 0xC77F, 0xB73F, 0xAF1F, 0x9EDF,
    0x863D, 0x863C, 0x865C, 0x861A, 0x861A, 0x7DDA, 0x7DB9, 0x7579, 0x7578, 0x7578, 0x6D58, 0x5D17,
    0x7E3B, 0x6517, 0x6D58, 0x6D38, 0x6D58, 0x861A, 0x861A, 0x85FA, 0x85FA, 0x8DFA, 0x7DB9, 0x7DD9,
    0x7DB9, 0x75B9, 0x85FA, 0x7DFA, 0x8E7C, 0x8E5B, 0x861B, 0x85FA, 0x7DB9, 0x965C, 0x969D, 0x965B,
    0x8E1A, 0x8DFA, 0x7D78, 0x6D16, 0x64F6, 0x7D78, 0x7DB9, 0x7DB9, 0x7D16, 0xC679, 0xFFDE, 0xFFFF,
    0xFF7C, 0xF6DA, 0xEEBA, 0xEE99, 0xEE99, 0xDEBB, 0xD6BB, 0xCE9B, 0xC67A, 0x9D76, 0x6CB5, 0x7518,
    0x7D58, 0x8599, 0x8579, 0x8558, 0x8D99, 0x74D5, 0x6CB5, 0x7537, 0x8DB9, 0x95FA, 0x8DB9, 0x8537,
    0x220B, 0x6474, 0x7D38, 0x7D38, 0x7517, 0x64B6, 0xBE7B, 0xFFFF, 0x4B4F, 0x222C, 0x6C12, 0xFFFF,
    0x5BB2, 0xB5F9, 0xFFDF, 0x5BD1, 0x4330, 0x32AD, 0x224B, 0x2A6D, 0x222B, 0xCEBA, 0xFFFF, 0xF7DF,
    0xF7FF, 0xFFFF, 0xF7BF, 0xF7DF, 0x5BB0, 0x326D, 0x326D, 0x63D1, 0xD73D, 0x9537, 0xA599, 0x9537,
    0xE6DC, 0xE6FC, 0xA599, 0xA5BA, 0x8CF9, 0x84F8, 0x7CB6, 0x6C34, 0x63B1, 0x6391, 0x5B4F, 0xE6DB,
    0xF6DA, 0xF699, 0xF69A, 0xF699, 0xF699, 0xFEBA, 0xCDB6, 0xDEDB, 0xE6DC, 0xCDF8, 0xF6BA, 0xF6BA,
    0xF6BA, 0xF6BA, 0xF6BA, 0xF6DA, 0xF6BA, 0xF6DA, 0xF6DA, 0xF6DA, 0xF6DA, 0xF6DA, 0xF6DA, 0xF6DA,
    0xF6DA, 0xF6DA, 0xF6DA, 0xF6DA, 0xF6DA, 0xF6DA, 0xF6DA, 0xF6DA, 0xF6DA, 0xF6DA, 0xF6BA, 0xF6BA,
    0xF6B9, 0xF6B9, 0xF6B9, 0xF6B9, 0xF6B9, 0xF6B9, 0xF6BA, 0xF6B9, 0xFEFA, 0xC595, 0x65B8, 0x761A,
    0x6DF9, 0x6DF9, 0x6598, 0x6578, 0x6578, 0x6D98, 0x75B8, 0x6DD8, 0x5557, 0x5537, 0x4CF7, 0x4CB6,
    0x5D37, 0x5D58, 0x54F7, 0x5D17, 0x6538, 0x6DB9, 0x6DB9, 0x6D78, 0x7599, 0x7DBA, 0x7DBA, 0x7DBA,
    0x7599, 0x967C, 0xA6DD, 0x7579, 0x5CB8, 0x6519, 0x757A, 0x75BA, 0x7DFB, 0x6D7A, 0x6559, 0x759A,
    0x965C, 0xA69C, 0x967C, 0x969C, 0x8E3B, 0x64F7, 0x4C35, 0x6D58, 0x7599, 0xB6DD, 0xD77E, 0xC71D,
    0xA67C, 0x6DFA, 0x967B, 0xAE9C, 0x8E1A, 0xA65B, 0xBEDC, 0xAE9C, 0xAE7C, 0x9E5B, 0x75BA, 0x75FB,
    0x7E1C, 0x7E1C, 0x863C, 0x863B, 0x96BE, 0xAF5F, 0xB77F, 0xCF9F, 0xCF3F, 0xC71F, 0xB71F, 0x9EBE,
    0x8E3C, 0x85FA, 0x7DDA, 0x7DDA, 0x7DD9, 0x7D99, 0x7579, 0x7578, 0x7558, 0x6D58, 0x6517, 0x75BA,
    0x75BA, 0x5CB5, 0x6517, 0x6D38, 0x6D17, 0x7578, 0x861A, 0x8E1A, 0x8E3B, 0x965B, 0x85FA, 0x7DDA,
    0x8E7C, 0x96DE, 0x96FE, 0x8EBD, 0x7DDA, 0x7DFA, 0x8E7C, 0x96BE, 0x8E5C, 0x8E3B, 0x8E1A, 0x8DD9,
    0x7D98, 0x85FA, 0x7D98, 0x7557, 0x85D9, 0x85D9, 0x963B, 0xA67C, 0x8E1A, 0x5C94, 0x7CD4, 0xDEDB,
    0xFFDE, 0xF75C, 0xE6FB, 0xDEFB, 0xDEDB, 0xDE7A, 0xCE7A, 0xC619, 0xB5F8, 0xBE39, 0xA596, 0x74B5,
    0x7D79, 0x8599, 0x7D37, 0x8D78, 0x9DF9, 0x95FA, 0x961A, 0x8DB9, 0x9E5B, 0x9E5B, 0xA67B, 0xA65B,
    0x4370, 0x7D38, 0x7D17, 0x8537, 0x7D18, 0x7D38, 0x74F7, 0xBE9C, 0xD6BA, 0x2A6C, 0x224C, 0xBE59,
    0xAE1A, 0x63B2, 0xFFFF, 0xE77D, 0x3ACD, 0x4B71, 0x32AD, 0x222B, 0x224C, 0xC69A, 0xFFFF, 0xF7FF,
    0xFFFF, 0xFFFF, 0xF7BF, 0xFFFF, 0xADD8, 0x2A0C, 0x3ACE, 0x328D, 0xA5B8, 0xADFA, 0xAD99, 0xEF1C,
    0xEF3D, 0xF73D, 0xCE5A, 0x7C96, 0x8D19, 0x957A, 0x9519, 0xA59A, 0xBE5C, 0xC67D, 0xC65B, 0xF75C,
    0xF699, 0xF69A, 0xF699, 0xF699, 0xF69A, 0xF679, 0xC5B6, 0xEF1D, 0xDE9B, 0xD618, 0xFEBA, 0xF69A,
    0xF6BA, 0xF6BA, 0xF6DA, 0xF6DA, 0xF6DA, 0xF6DA, 0xF6DA, 0xF6DA, 0xF6DA, 0xF6DA, 0xF6DA, 0xF6DA,
    0xF6DA, 0xF6DA, 0xF6DA, 0xF6DA, 0xF6DA, 0xF6DA, 0xF6DA, 0xF6DA, 0xF6DA, 0xF6DA, 0xF6BA, 0xF6BA,
    0xF6B9, 0xF6B9, 0xF6B9, 0xF6B9, 0xF6B9, 0xF6B9, 0xF6BA, 0xF6BA, 0xF6DA, 0xEE58, 0x6D15, 0x65FA,
    0x75F9, 0x7DF9, 0x7DF9, 0x863A, 0x75B9, 0x6D98, 0x65B8, 0x5557, 0x5557, 0x5537, 0x4CD6, 0x5517,
    0x65B8, 0x6DD9, 0x6578, 0x6599, 0x7E3A, 0x7E3B, 0x7DD9, 0x7D79, 0x7D99, 0x7D99, 0x6D38, 0x6D59,
    0x9EBD, 0x9E9D, 0x6D59, 0x6D59, 0x7599, 0x7DDA, 0x759A, 0x6D59, 0x6539, 0x7579, 0x7DBA, 0x965B,
    0x967C, 0x861B, 0x861B, 0x7DB9, 0x5CD6, 0x64D6, 0x85B9, 0xB6DD, 0xEFDF, 0xD77E, 0xBEFD, 0x7DDA,
    0x6579, 0x75BA, 0x6D79, 0x6D59, 0x95FA, 0x9E3B, 0x85DA, 0x7599, 0x6D9A, 0x75FB, 0x7DFB, 0x7E1B,
    0x75FB, 0x7DFB, 0x8E5C, 0x96DE, 0x96BE, 0xAF1F, 0xB73F, 0xB6FF, 0xAE9F, 0xB6BF, 0xAE9F, 0x961D,
    0x963C, 0x85BA, 0x85DA, 0x7DB9, 0x7D99, 0x7D98, 0x6D58, 0x6D37, 0x6D57, 0x6D58, 0x6D37, 0x7E1B,
    0x5CF7, 0x5CD6, 0x5CD6, 0x6517, 0x6D37, 0x6D38, 0x7E1B, 0x969C, 0x969C, 0x96BD, 0x9E9D, 0x969D,
    0x9F1F, 0xA77F, 0x96DE, 0x8E7C, 0x8E9D, 0x96DE, 0x9EBD, 0x965B, 0x963A, 0x8DF9, 0x8598, 0x7536,
    0x7557, 0x7DB9, 0x7D99, 0x7578, 0x8E1A, 0x9E5B, 0x963B, 0x963A, 0x8DB9, 0x8578, 0x6D16, 0x8577,
    0xAE5A, 0xCEDB, 0xE71C, 0xDEBB, 0xD679, 0xC639, 0xBE19, 0xBE19, 0xB618, 0xADD8, 0xB619, 0xADB7,
    0x7CB4, 0x8558, 0x8D78, 0x8D98, 0x95FA, 0x9E5B, 0x961A, 0x9E5B, 0x9E1A, 0x9DF9, 0xA5FA, 0x8517,
    0x8557, 0x7D58, 0x8558, 0x8558, 0x8579, 0x8D79, 0x8579, 0x8558, 0xFFFF, 0x9D35, 0x1A0C, 0x3AEE,
    0xCEBB, 0x5371, 0xDF3D, 0xFFFF, 0x4B2E, 0x222B, 0x5391, 0x3AEE, 0x11EA, 0xCEDB, 0xFFFF, 0xF7DF,
    0xFFFF, 0xFFFF, 0xFFDF, 0xEFBF, 0xE79E, 0x5370, 0x326D, 0x2A2C, 0x6C32, 0xADD8, 0xD69B, 0xE6FC,
    0xD69B, 0xCE7A, 0xB5F9, 0x7496, 0x8D3A, 0x9D9A, 0x7394, 0xACF8, 0xE73D, 0xB5DA, 0x9D16, 0xE6BA,
    0xFEFB, 0xEE99, 0xF699, 0xF679, 0xF69A, 0xE638, 0xCDF8, 0xEF3D, 0xD67A, 0xDE38, 0xF6BA, 0xF6BA,
    0xF6BA, 0xF6BA, 0xF6DA, 0xF6DA, 0xF6DA, 0xF6DA, 0xF6DA, 0xF6DA, 0xF6DA, 0xF6DA, 0xF6DA, 0xF6DA,
    0xF6DA, 0xF6DA, 0xF6DA, 0xF6DA, 0xF6DA, 0xF6DA, 0xF6DA, 0xF6DA, 0xF6DA, 0xF6DA, 0xF6BA, 0xF6B9,
    0xF6B9, 0xF6B9, 0xF6B9, 0xF6B9, 0xF6B9, 0xF6B9, 0xF6BA, 0xF6BA, 0xF6BA, 0xFEDA, 0x9D34, 0x6DDA,
    0x7DF9, 0x7DFA, 0x75D9, 0x75D9, 0x5D57, 0x5D57, 0x5D37, 0x5D57, 0x65B8, 0x6598, 0x6598, 0x6D99,
    0x75D9, 0x6DB9, 0x5D37, 0x6578, 0x6D98, 0x7DB9, 0x7D99, 0x7D99, 0x75B9, 0x6D99, 0x9EBD, 0x9EDD,
    0x75DA, 0x5D18, 0x757A, 0x6D59, 0x6D39, 0x6519, 0x6D39, 0x759A, 0x85FB, 0x85DA, 0x7D9A, 0x8E1B,
    0x7DBA, 0x7DDA, 0x85DA, 0x8DFA, 0x7D78, 0x961A, 0x9E5B, 0x9E5B, 0xAEBC, 0x965B, 0x963B, 0x85FA,
    0x6D99, 0x6538, 0x5476, 0x43F4, 0x5455, 0x6538, 0x6D79, 0x75BB, 0x861C, 0x7DFA, 0x7599, 0x75BA,
    0x863C, 0x967D, 0x969D, 0x967C, 0x8E5C, 0x863C, 0x8E5D, 0x963E, 0xA63E, 0xA61E, 0xAE7F, 0x9E1E,
    0x961D, 0x963C, 0x85DB, 0x7D99, 0x6D58, 0x6D37, 0x6D57, 0x7578, 0x7598, 0x6D57, 0x6D58, 0x6DDB,
    0x5CB6, 0x6517, 0x5CD7, 0x64F7, 0x7DBA, 0x7E1B, 0x7E1B, 0x969D, 0x9EDD, 0x9EFE, 0x9F1F, 0x9F1F,
    0x8E7C, 0x8E5C, 0x9F1E, 0x96BD, 0x967C, 0x965B, 0x965B, 0x8E1A, 0x7D78, 0x6CF6, 0x7557, 0x7D98,
    0x8E3B, 0x85FA, 0x8E3B, 0x8E3B, 0x85D9, 0x8DFA, 0x85B8, 0x7536, 0x7D57, 0x9E5B, 0xB6DD, 0xAEBC,
    0xA67C, 0x9DFA, 0x9D76, 0xB5D8, 0xBE7A, 0xBE7A, 0xB618, 0xB5F8, 0xB5F8, 0xB5F8, 0xADD8, 0xB618,
    0xB618, 0x9577, 0x8598, 0x961A, 0x7D37, 0x7D37, 0x8558, 0x8D78, 0x8D58, 0x8D78, 0x8D78, 0x8537,
    0x95BA, 0x8579, 0x8D99, 0x8D99, 0x8579, 0x8578, 0x8D79, 0x8559, 0xBE9C, 0xFFFF, 0x6C12, 0x11EB,
    0x6C12, 0x7454, 0x9D57, 0xFFFF, 0x63D1, 0x11EA, 0x2A4C, 0x4B50, 0x3ACE, 0x8D15, 0xFFFF, 0xFFFF,
    0xFFFF, 0xFFFF, 0xFFFF, 0xFFFF, 0xFFFF, 0x7452, 0x11A9, 0x3ACE, 0x328D, 0x9D57, 0xADD9, 0xA5B9,
    0x8CF7, 0x7CB8, 0x8D19, 0x7CB7, 0x9D9A, 0x9D79, 0x8BD6, 0xBDBA, 0xFFFF, 0x9CB7, 0x8BD6, 0x7334,
    0xBD76, 0xFF1B, 0xF6B9, 0xF6B9, 0xFEDB, 0xD5D7, 0xCE59, 0xEF3D, 0xCE39, 0xE658, 0xF6BA, 0xF6BA,
    0xF6BA, 0xF6BA, 0xF6DA, 0xF6DA, 0xF6DA, 0xF6DA, 0xF6DA, 0xF6DA, 0xF6DA, 0xF6DA, 0xF6DA, 0xF6DA,
    0xF6DA, 0xF6DA, 0xF6DA, 0xF6DA, 0xF6DA, 0xF6DA, 0xF6DA, 0xF6DA, 0xF6DA, 0xF6DA, 0xF6BA, 0xF6B9,
    0xF6B9, 0xF6B9, 0xF6B9, 0xF699, 0xF699, 0xF6B9, 0xF6B9, 0xF6BA, 0xF69A, 0xFEFA, 0xCDB5, 0x6D97,
    0x763A, 0x65DA, 0x5D98, 0x5D57, 0x5D58, 0x6578, 0x75F9, 0x75F9, 0x75D9, 0x6DF8, 0x6598, 0x5D37,
    0x6537, 0x6537, 0x6D78, 0x7598, 0x7578, 0x6D58, 0x6558, 0x5D18, 0x6D79, 0x96BD, 0x863B, 0x5CF8,
    0x54D7, 0x5D38, 0x5D19, 0x6D39, 0x757A, 0x7DDA, 0x8E1B, 0x8E5C, 0x7E1B, 0x759A, 0x759A, 0x85FA,
    0x8E1B, 0x9E5B, 0xCF5E, 0xB6BC, 0x8DD9, 0x7DDA, 0x7DDA, 0x85FB, 0x85FA, 0x8E1B, 0x75BA, 0x5CF7,
    0x4C55, 0x43D3, 0x4414, 0x5CB6, 0x75BA, 0x7DFB, 0x7E1B, 0x7DDA, 0x7599, 0x75B9, 0x863B, 0x9EBE,
    0xA6FE, 0x8E9D, 0x861B, 0x75B9, 0x6D58, 0x6D58, 0x7599, 0x7538, 0x95FD, 0x9E1E, 0xAE7F, 0xB69F,
    0xA65E, 0x8DBB, 0x7558, 0x6D58, 0x7558, 0x7578, 0x7578, 0x6D58, 0x6537, 0x5CD7, 0x6DDA, 0x6D99,
    0x5CD6, 0x5CF7, 0x6537, 0x6D79, 0x75BA, 0x7DBA, 0x7DB9, 0x863B, 0x9F3F, 0xA71F, 0x9EBD, 0x8E1B,
    0x85DA, 0x967C, 0x96BD, 0x9E9C, 0x965B, 0x8DF9, 0x7557, 0x7557, 0x7D98, 0x7D99, 0x8DFA, 0x963B,
    0x8E5C, 0x8E5C, 0x9E9C, 0x961A, 0x7557, 0x7537, 0x6CF5, 0x85B8, 0xAEDD, 0xAEDD, 0xA65B, 0xA63B,
    0xA61B, 0x9E1B, 0x8DDA, 0x9577, 0x9D76, 0x9D55, 0xB5F8, 0xB619, 0xB5D8, 0xADD7, 0xB5F8, 0xAE19,
    0xAE39, 0xBE5A, 0xADB7, 0x5C12, 0x22EE, 0x3B6F, 0x7CF6, 0x8D78, 0x9DFA, 0x9DD9, 0x9599, 0x9598,
    0x7517, 0x8DB9, 0x8599, 0x8D99, 0x8D99, 0x8D99, 0x8579, 0x7D17, 0xAE5B, 0xFFFF, 0xF7BE, 0x5370,
    0x224C, 0x430F, 0x63D3, 0xFFFF, 0x7C72, 0x19EB, 0x2A6C, 0x222B, 0x32CD, 0x32AE, 0x4B4F, 0x9D56,
    0xD6BB, 0xDF3C, 0xD6DB, 0x9D56, 0x63D0, 0x9535, 0x534F, 0x2A6D, 0x3AEE, 0xB61B, 0xBE1C, 0xB5FB,
    0x8518, 0x8D3A, 0xA5DB, 0x94B5, 0x9D9A, 0xAD9A, 0x9457, 0xEF7E, 0xE6DD, 0xA477, 0xBD3B, 0x7B75,
    0xA4B7, 0xCDB7, 0xA495, 0xA475, 0xDDF8, 0xDDF7, 0xDEBA, 0xEF3D, 0xCE39, 0xE678, 0xF6BA, 0xF6BA,
    0xF6BA, 0xF6BA, 0xF6DA, 0xF6DA, 0xF6DA, 0xF6DA, 0xF6DA, 0xF6DA, 0xF6DA, 0xF6DA, 0xF6DA, 0xF6DA,
    0xF6DA, 0xF6DA, 0xF6DA, 0xF6DA, 0xF6DA, 0xF6DA, 0xF6BA, 0xF6DA, 0xF6DA, 0xF6BA, 0xF6BA, 0xF6B9,
    0xF6B9, 0xF6B9, 0xF699, 0xFEDA, 0xFEDA, 0xFEDA, 0xFEDA, 0xF6B9, 0xFEDA, 0xFF1B, 0xF698, 0x7555,
    0x661A, 0x6578, 0x6598, 0x6DB9, 0x75D9, 0x75D9, 0x75FA, 0x761A, 0x6DF9, 0x6D98, 0x6DD9, 0x75F9,
    0x6DB9, 0x75B9, 0x6D98, 0x5D37, 0x6578, 0x6538, 0x5D17, 0x861B, 0x96BD, 0x6579, 0x4CB7, 0x6538,
    0x7599, 0x963B, 0x9E7C, 0x9E5C, 0xA63B, 0x9E5B, 0x9E7C, 0xAEBD, 0xB6FD, 0xB6FD, 0xAEBC, 0x965B,
    0x8E1A, 0x85DA, 0x6D37, 0x6D58, 0x6D79, 0x759A, 0x963B, 0xA65B, 0x85DA, 0x64F7, 0x5475, 0x43D3,
    0x4414, 0x5CD7, 0x7E1C, 0x865D, 0x7E1C, 0x75BA, 0x6D99, 0x6D79, 0x7DDB, 0x8E7D, 0x9EFE, 0x96BD,
    0x861B, 0x7558, 0x64D6, 0x64F6, 0x6CF7, 0x5CD6, 0x7DBA, 0x861B, 0xA69E, 0xB69F, 0xB69F, 0xA63E,
    0x95FD, 0x857A, 0x7D79, 0x7579, 0x6D57, 0x6537, 0x5D17, 0x5D18, 0x6558, 0x6D58, 0x865C, 0x5CF7,
    0x6517, 0x6518, 0x6558, 0x7578, 0x7579, 0x6D37, 0x7578, 0x7DDA, 0x863B, 0x965B, 0x8DD9, 0x8DFA,
    0x963B, 0x8E1A, 0x963B, 0x967C, 0x7D78, 0x7D78, 0x85D9, 0x85B9, 0x85D9, 0x7D78, 0x9E9D, 0xA73F,
    0x8E1B, 0x85B9, 0x95FA, 0x8599, 0x7D78, 0x95FA, 0xAEBC, 0xB6DD, 0xA63B, 0x9E1A, 0xA63B, 0x9E1B,
    0x8DB9, 0x8557, 0x7D37, 0x7CF5, 0xB5D8, 0xA535, 0x94D4, 0x9D56, 0xB65A, 0xB67B, 0xAE5A, 0xAE19,
    0xB5F8, 0xB5F8, 0xBE5A, 0x8515, 0x336F, 0x3B70, 0x43B1, 0x5412, 0x5C32, 0x53F1, 0x4BF1, 0x7CD5,
    0x5C12, 0x95FA, 0x8D99, 0x8D79, 0x8578, 0x74F7, 0x95B9, 0xAE3A, 0xBEBC, 0xFFFF, 0xF7FF, 0xEF7D,
    0x5370, 0x222C, 0x326D, 0xEF7D, 0xA596, 0x11CA, 0x2A6D, 0x2A6D, 0x120A, 0x9535, 0x9D77, 0x5BB1,
    0x536F, 0x5370, 0x5BB0, 0x8CD4, 0xD6DB, 0xFFFF, 0xA5D8, 0x2A2C, 0x3AAE, 0x6C13, 0xADDA, 0xA599,
    0x7CF8, 0xA59A, 0xB63C, 0xACF5, 0xA578, 0x9D99, 0x7B94, 0xB51A, 0xB519, 0xA498, 0xB4FA, 0x9C77,
    0xF71F, 0x9436, 0xA478, 0xA499, 0x9416, 0xBD34, 0xDEDB, 0xEF1C, 0xCE59, 0xE658, 0xF6BA, 0xF6BA,
    0xF6BA, 0xF6BA, 0xF6BA, 0xF6DA, 0xF6DA, 0xF6DA, 0xF6DA, 0xF6DA, 0xF6DA, 0xF6DA, 0xF6DA, 0xF6DA,
    0xF6DA, 0xF6DA, 0xF6DA, 0xF6DA, 0xF6DA, 0xF6DA, 0xF6DA, 0xF6BA, 0xF6BA, 0xFEFA, 0xFEFA, 0xFED9,
    0xFEFA, 0xFEDA, 0xF6DA, 0xDE17, 0xD5B7, 0xD5B7, 0xDE17, 0xF6FA, 0xDE38, 0xD5F7, 0xE617, 0x8493,
    0x5599, 0x6DD9, 0x6DD9, 0x65B9, 0x6599, 0x6598, 0x6578, 0x6D98, 0x6DB8, 0x75D9, 0x7E1A, 0x75D9,
    0x6557, 0x5D37, 0x5D38, 0x6578, 0x6D98, 0x75FA, 0x96DD, 0x8E7C, 0x6518, 0x6539, 0x8DFB, 0xA69C,
    0xB6FD, 0xA69C, 0x8DFB, 0x85BA, 0xC6DC, 0xB6BC, 0xA67C, 0x961B, 0xA67C, 0x9E7B, 0x85DA, 0x6D79,
    0x6D79, 0x64F7, 0x7557, 0x7DB9, 0x8DFA, 0x9E5B, 0x85FA, 0x6559, 0x4C76, 0x4C34, 0x5475, 0x6539,
    0x7E3C, 0x8E9E, 0x7DFB, 0x7579, 0x6D79, 0x6D9A, 0x75DB, 0x8E7D, 0x9EDE, 0x96BD, 0x7DBA, 0x64F7,
    0x5C75, 0x64B6, 0x64F7, 0x64F7, 0x6D79, 0x863B, 0x8E5C, 0x965C, 0x9E3D, 0x961D, 0x8DBC, 0x95DD,
    0x95DD, 0x961D, 0x8E1C, 0x7DBA, 0x6538, 0x6D58, 0x6D79, 0x75BA, 0x6D38, 0x6D99, 0x7E1B, 0x75BA,
    0x7DDA, 0x6D79, 0x6D58, 0x6537, 0x6D58, 0x6D57, 0x7578, 0x7537, 0x6D16, 0x7D99, 0x963B, 0x963A,
    0x963A, 0x961A, 0x95FA, 0x8DD9, 0x6D37, 0x85D9, 0x8DFA, 0x8599, 0x9E7C, 0xA6FE, 0x9EDD, 0x965C,
    0x85B9, 0x85B9, 0x9E3B, 0xB6DD, 0xBF1D, 0xAE9C, 0xA65B, 0x9E1A, 0x9E1A, 0x95DA, 0x8D78, 0x7D37,
    0x7D37, 0x7D17, 0x8D98, 0x8537, 0x9CF4, 0xB5B7, 0xAE19, 0xA65B, 0x9DF9, 0x9D97, 0xADF8, 0xB5F8,
    0xB5F9, 0xAE19, 0xBE5A, 0x9557, 0x3370, 0x4BF1, 0x3B90, 0x2B2E, 0x2B0E, 0x22CD, 0x0A6B, 0x332E,
    0x430F, 0x7D38, 0x7D38, 0x7517, 0x7D37, 0x7517, 0x7D38, 0xAE3A, 0x8D98, 0xE77E, 0xF7DF, 0xFFFF,
    0xF79E, 0x63D1, 0x11EB, 0x6C12, 0xB5F8, 0x1A0B, 0x2A6D, 0x2A6D, 0x11EB, 0x9D76, 0xFFFF, 0xFFFF,
    0xFFFF, 0xFFDF, 0xFFFF, 0xFFFF, 0xFFFF, 0xE77E, 0xEFBF, 0x5BD1, 0x2A4D, 0x2A4C, 0x5371, 0x7CB7,
    0x9579, 0xB5FB, 0xAE1B, 0xB536, 0xBCF4, 0x6C54, 0x8454, 0x9456, 0x83D5, 0x7B93, 0x83B5, 0xB51A,
    0xC59B, 0x9C57, 0xACB9, 0x8BF7, 0x8BD6, 0xAD17, 0x83B4, 0x7B73, 0xCE39, 0xF699, 0xF6BA, 0xF6BA,
    0xF6BA, 0xF6BA, 0xF6BA, 0xF6DA, 0xF6DA, 0xF6DA, 0xF6DA, 0xF6DA, 0xF6DA, 0xF6DA, 0xF6DA, 0xF6DA,
    0xF6DA, 0xF6DA, 0xF6DA, 0xF6DA, 0xF6DA, 0xF6DA, 0xF6BA, 0xF6DA, 0xF6DA, 0xDE18, 0xCD97, 0xC577,
    0xC577, 0xDE37, 0xBD56, 0xBD5A, 0xCDDC, 0xD5FC, 0xC579, 0xACD5, 0xC59A, 0xCDBB, 0xCDBB, 0xC5B9,
    0x6CD6, 0x5D77, 0x6DD9, 0x75F9, 0x75D9, 0x75D9, 0x75D9, 0x75F9, 0x7E1A, 0x761A, 0x6DF9, 0x6DD9,
    0x65B8, 0x6DB9, 0x6DB8, 0x6D79, 0x7E3B, 0x96BD, 0x75DA, 0x6D39, 0x8DDA, 0xA65B, 0xA65B, 0x8DFB,
    0x7599, 0x6519, 0x6539, 0x757A, 0x85DB, 0x7DDA, 0x757A, 0x7DDB, 0x6D79, 0x6539, 0x7579, 0x963B,
    0xA63B, 0x95D9, 0x85B9, 0x85DA, 0x7DBA, 0x6559, 0x5CD7, 0x5496, 0x54B6, 0x6D79, 0x865C, 0x96BE,
    0x861B, 0x6517, 0x5475, 0x6518, 0x7DFB, 0x8E1B, 0x9E7C, 0x967C, 0x6D58, 0x5C96, 0x5C95, 0x5C95,
    0x5CB6, 0x7599, 0x863C, 0x969D, 0x969D, 0x9E9D, 0x8E5C, 0x85DB, 0x7D7A, 0x6CF8, 0x9E1C, 0x963D,
    0x85DC, 0x85FD, 0x85DC, 0x85FC, 0x861C, 0x7DFB, 0x7DBA, 0x7578, 0x6537, 0x9EDD, 0x9EFE, 0x8E3B,
    0x7598, 0x7DB9, 0x7578, 0x6558, 0x6D58, 0x64D6, 0x64F6, 0x6D17, 0x7537, 0x7557, 0x8DF9, 0x965A,
    0x961A, 0x963B, 0x963B, 0x961A, 0x85D9, 0x6D17, 0x8DFB, 0xA6FE, 0xA6DE, 0xA69C, 0x9E3B, 0x95FA,
    0xA67C, 0xBF3E, 0xCF7E, 0xB6DD, 0xA63B, 0x9E1A, 0xA61B, 0x9DFA, 0x95D9, 0x8578, 0x7516, 0x7D37,
    0x8537, 0x8D78, 0x95B8, 0x9DFA, 0xA619, 0xB6DD, 0xAE7B, 0xADD8, 0xAD97, 0xA536, 0x9D97, 0xAE5A,
    0xBE9B, 0xB619, 0xBE7A, 0x6494, 0x334F, 0xB5F8, 0xA5B7, 0x3B4F, 0x1ACD, 0x22CD, 0x22CD, 0x1A8C,
    0x3ACE, 0x5C13, 0x7D59, 0x7517, 0x7D17, 0x7D58, 0x7D37, 0x7D38, 0x7D58, 0x95BA, 0xFFFF, 0xF7FF,
    0xFFFF, 0xFFFF, 0x84B4, 0x1A0C, 0x430E, 0x2A6C, 0x224C, 0x2A8D, 0x11EB, 0x7CB3, 0xFFFF, 0xF7DF,
    0xFFFF, 0xFFFF, 0xFFFF, 0xF7DF, 0xFFFF, 0xEFBF, 0xEF9F, 0xC6FC, 0x32AD, 0x326D, 0x5BF3, 0x8D19,
    0xADDA, 0xADDA, 0xADFB, 0xAD36, 0xCCF3, 0x8D19, 0xADB8, 0xD6BA, 0x9537, 0x84B7, 0x7C33, 0x8C15,
    0x9437, 0x83B5, 0x83B6, 0x83B5, 0xBD5A, 0xCDFC, 0x7334, 0x8BB7, 0x83D3, 0xE658, 0xF6BA, 0xF6B9,
    0xF6BA, 0xF6BA, 0xF6BA, 0xF6DA, 0xF6DA, 0xF6DA, 0xF6DA, 0xF6DA, 0xF6DA, 0xF6DA, 0xF6DA, 0xF6DA,
    0xF6DA, 0xF6DA, 0xFEFA, 0xFEFA, 0xF6DA, 0xF6B9, 0xFEFA, 0xFEFA, 0xC5B7, 0xD61C, 0xD61D, 0xD61D,
    0xDE3D, 0xACD7, 0xC57A, 0xEEBF, 0xE65D, 0xE65D, 0xE67E, 0xB4F9, 0xE67E, 0xE67E, 0xDE5E, 0xF73F,
    0xC599, 0xB5B9, 0x8598, 0x6DF9, 0x75F9, 0x75F9, 0x75FA, 0x761A, 0x75FA, 0x6DFA, 0x763A, 0x763A,
    0x6DD9, 0x5537, 0x6599, 0x96DD, 0x7E1B, 0x6D78, 0x7DB9, 0x8DFA, 0x8DBA, 0x7579, 0x6519, 0x5CF9,
    0x6539, 0x6D59, 0x6D59, 0x6D59, 0x7559, 0x8E1B, 0x967C, 0x85FB, 0x7DBA, 0x9E3B, 0xB6DC, 0x9E3A,
    0x6CF6, 0x5CD7, 0x6518, 0x5CF7, 0x5496, 0x4C55, 0x5476, 0x6518, 0x861B, 0x967C, 0x85FB, 0x6D17,
    0x5CB6, 0x5CD6, 0x7578, 0x965C, 0x965B, 0x85B9, 0x6D38, 0x5C95, 0x5C75, 0x5455, 0x6D17, 0x8E1B,
    0x9E9D, 0x9EDE, 0x969D, 0x967D, 0x861C, 0x7579, 0x6D38, 0x6D38, 0x7D99, 0x7559, 0x7DDC, 0x7DDD,
    0x965E, 0x8DFD, 0x8E3E, 0x8E7E, 0x8E9E, 0x8E7D, 0x8E3C, 0x7DDA, 0x96BD, 0xAF7E, 0x861A, 0x8E3A,
    0x6D78, 0x7578, 0x85D9, 0x7537, 0x5CB5, 0x5CB5, 0x64D6, 0x7537, 0x7D57, 0x7D57, 0x7537, 0x8DF9,
    0x9E7C, 0x9E5B, 0x9E5B, 0x963A, 0x965B, 0x969D, 0x863C, 0x8E1B, 0x961A, 0x961B, 0xA69D, 0xBF3E,
    0xC75E, 0xB6DD, 0xA63B, 0x9E1B, 0xA63B, 0x9E1A, 0x8D99, 0x8D78, 0x8578, 0x8558, 0x95B9, 0x9DFA,
    0x95B9, 0x9DFA, 0xAEBC, 0xB6FD, 0x9E3B, 0xADB7, 0xAD56, 0xAD76, 0xAD97, 0xB5D8, 0xB67A, 0x8578,
    0x95FA, 0xB6FD, 0xC69B, 0x4BD1, 0x336F, 0xB619, 0xCE7A, 0x4B90, 0x0A6C, 0x1AAD, 0x1ACD, 0x1AAD,
    0x432F, 0x432F, 0x7D38, 0x8579, 0x95DA, 0x8599, 0x8DD9, 0x8DBA, 0x8DDA, 0x8599, 0xDF5D, 0xFFFF,
    0xF7DF, 0xFFFF, 0xFFFF, 0x5BD2, 0x328D, 0x328D, 0x2A6C, 0x226C, 0x1A0B, 0x6411, 0xFFFF, 0xF7DF,
    0xFFFF, 0xFFFF, 0xFFFF, 0xFFFF, 0xFFFF, 0xF7DF, 0xE77E, 0xE7BF, 0x9DD8, 0x21EB, 0x4B51, 0x9559,
    0xBE3C, 0xBE3C, 0xBE7D, 0xAD78, 0xCCD3, 0x7CF8, 0xBDF9, 0xD67A, 0xB61B, 0xB63D, 0x84B6, 0xE71C,
    0x9CB5, 0x73F3, 0x7BB4, 0x7B74, 0xACD9, 0xACD9, 0x8BF6, 0x9C57, 0xB519, 0xC579, 0xEE78, 0xF6BA,
    0xF6BA, 0xF6BA, 0xF6BA, 0xF6BA, 0xF6DA, 0xF6DA, 0xF6DA, 0xF6DA, 0xF6DA, 0xF6DA, 0xF6DA, 0xF6DA,
    0xF6DA, 0xFF1B, 0xE679, 0xD5F8, 0xD639, 0xCDD9, 0xC577, 0xA4B4, 0xDE7D, 0xE67E, 0xDE5E, 0xDE3D,
    0xE67E, 0xD5FC, 0xB4F8, 0xE67E, 0xDE3D, 0xDE3D, 0xE65E, 0xB538, 0xDE3D, 0xDE3D, 0xDE3D, 0xEEFE,
    0xCDFB, 0xEEFE, 0xF6FD, 0x7D57, 0x6DD9, 0x7599, 0x6D99, 0x75D9, 0x6DD9, 0x6DD9, 0x761A, 0x65B9,
    0x6598, 0x7E7B, 0x8EBD, 0x7DD9, 0x7578, 0x85DA, 0x7DB9, 0x6D58, 0x5D19, 0x6539, 0x6D39, 0x759A,
    0x75DA, 0x759A, 0x7D9A, 0x9E7C, 0xAEBD, 0xA67C, 0x963C, 0x963B, 0x9E5B, 0x961B, 0x6D18, 0x3BD3,
    0x4413, 0x5CD7, 0x5CD7, 0x4C55, 0x5CB6, 0x7D99, 0x8E3B, 0x965B, 0x8DFA, 0x6518, 0x54B6, 0x5D17,
    0x7D99, 0x965B, 0x963B, 0x7D99, 0x6D17, 0x64F7, 0x5CD6, 0x6D17, 0x8599, 0x961B, 0x9EBD, 0x8E5C,
    0x861C, 0x863C, 0x8E3C, 0x7DBB, 0x6D17, 0x6D16, 0x6D17, 0x5D18, 0x75FA, 0x6D9A, 0x6539, 0x757B,
    0x8DFC, 0x963E, 0x8E3D, 0x7DDB, 0x8E7C, 0x969D, 0x8E5B, 0x861A, 0xA71D, 0x9F3E, 0x967C, 0x861A,
    0x6D37, 0x6D17, 0x7557, 0x7537, 0x7D58, 0x7537, 0x64F6, 0x64D6, 0x7537, 0x7D78, 0x85FA, 0x85FA,
    0x961A, 0x9E7B, 0x9EBD, 0xA71F, 0xA6DD, 0x965B, 0x8DD9, 0x8578, 0xA69D, 0xBF5F, 0xBF1E, 0xB6BC,
    0xA65B, 0xA63B, 0xA63B, 0x9DFA, 0x8D98, 0x8537, 0x8557, 0x8D99, 0x95B9, 0x9DF9, 0x95B9, 0xA63B,
    0xA63A, 0xA65B, 0x95D9, 0x8D57, 0x7494, 0x8CB3, 0xB597, 0xAD77, 0xADB7, 0xADD8, 0xB63A, 0x95D9,
    0x7495, 0x7D17, 0xB6DC, 0x64B4, 0x43D1, 0xB65A, 0xC65A, 0x4BB0, 0x0A6C, 0x1AAC, 0x230E, 0x2B2F,
    0x4B71, 0x42EE, 0x6CB5, 0x9E3C, 0x95DA, 0x8DDA, 0x8DDA, 0x8DFA, 0x8DFA, 0x7D99, 0xC6FC, 0xFFFF,
    0xFFFF, 0xEFBE, 0xE7BF, 0x9598, 0x7454, 0x53B0, 0x2A6C, 0x32AD, 0x1A0B, 0x536F, 0xFFFF, 0xFFFF,
    0xF7DF, 0xF7FF, 0xFFFF, 0xFFFF, 0xFFFF, 0xFFFF, 0xFFFF, 0xE7BF, 0xE7FF, 0x8D36, 0x2A4C, 0x3AAD,
    0x534F, 0x6390, 0x4ACE, 0x532E, 0xD514, 0x7C12, 0xB65B, 0xBE3C, 0xA5DA, 0x8D18, 0xB5B8, 0xF75D,
    0xADB8, 0xCEDE, 0x9D9A, 0x94B5, 0x9C96, 0x7333, 0xA458, 0xA497, 0xE67E, 0xBD17, 0xF699, 0xF6B9,
    0xF6BA, 0xF6BA, 0xF6BA, 0xF6BA, 0xF6BA, 0xF6DA, 0xF6DA, 0xF6DA, 0xF6BA, 0xFEFA, 0xFEFA, 0xFEDA,
    0xFF3B, 0xDE59, 0xC5F9, 0xDEBD, 0xE69E, 0xE67E, 0xE67E, 0x8B94, 0xC59A, 0xE69E, 0xDE3D, 0xDE3D,
    0xDE5D, 0xDE3D, 0x93D4, 0xDE5D, 0xDE3D, 0xDE3D, 0xEEDE, 0x9414, 0xD5FC, 0xDE5D, 0xDE7D, 0xEF1F,
    0xBD59, 0xD61C, 0xFF7F, 0xB5DA, 0x6578, 0x75D9, 0x6D99, 0x6599, 0x6DB9, 0x6DB9, 0x6579, 0x75FA,
    0x96FD, 0x8E9C, 0x7598, 0x6D78, 0x6D79, 0x6DDA, 0x6DDA, 0x6D9A, 0x7599, 0x7599, 0x757A, 0x7D9A,
    0x85DA, 0xA69C, 0xBF1D, 0xB6FD, 0x9E7C, 0x967C, 0x8E1B, 0x75BA, 0x6D79, 0x5D18, 0x3BF4, 0x3BD3,
    0x4C75, 0x6538, 0x7599, 0x961B, 0x9E5C, 0x963B, 0x85DA, 0x7599, 0x6518, 0x6538, 0x7DB9, 0x8E1A,
    0x967C, 0x865D, 0x75DB, 0x75BA, 0x7DDA, 0x85DA, 0x963B, 0x9E9D, 0x967D, 0x863C, 0x7DDB, 0x861C,
    0x967D, 0x8E5C, 0x7578, 0x7537, 0x7D79, 0x7DBA, 0x75BA, 0x6D99, 0x6D78, 0x7DB9, 0x8599, 0x8DDB,
    0x8DDB, 0x7DDA, 0x75B9, 0x85F9, 0x8DF9, 0x7DB9, 0x75D9, 0x8E5B, 0xAF5E, 0x965B, 0x7557, 0x64D5,
    0x6CF6, 0x8598, 0x8DF9, 0x95F9, 0x7D77, 0x5CB5, 0x64B5, 0x7578, 0x7578, 0x8E5C, 0x969D, 0x8E3C,
    0x85DA, 0xA6DE, 0xAF1E, 0x9E7C, 0x9E3A, 0x9E3A, 0x963B, 0x9E7C, 0xBF3E, 0xA67C, 0x9E1A, 0xA63B,
    0xA63B, 0x9DD9, 0x8D98, 0x8D98, 0x9DD9, 0x9DFA, 0x9DFA, 0xA65B, 0xAE9C, 0xAEBC, 0xA65B, 0x9598,
    0x8D37, 0x8516, 0x6C54, 0x7495, 0x8517, 0x7474, 0xAD76, 0xAD77, 0xAD97, 0xADB8, 0xB5D8, 0x9DD9,
    0x7475, 0x7C95, 0x8537, 0x7D78, 0x4C12, 0xB5F8, 0xC67A, 0x7473, 0x0A6C, 0x22EE, 0x3370, 0x3370,
    0x4B90, 0x4B70, 0x434F, 0x8DFA, 0x961B, 0x95FA, 0x95FA, 0x8DB9, 0x8578, 0x8578, 0xF7DF, 0xFFFF,
    0xE7BE, 0xD75D, 0xCF5E, 0xBEBC, 0x5BF3, 0x7494, 0x1A0A, 0x2A8D, 0x2A8C, 0x2A8C, 0xA5B7, 0xEF9E,
    0xFFFF, 0xFFFF, 0xFFFF, 0xFFFF, 0xFFFF, 0xD6DB, 0x8CB4, 0x6370, 0x426D, 0x42AD, 0x21C9, 0x21A9,
    0x29C9, 0x21EA, 0x9D55, 0x84B4, 0xBCD4, 0xF596, 0xACD5, 0x8C94, 0x94B5, 0x94F5, 0xF77F, 0xCE7C,
    0x9D99, 0x9D9A, 0x84B6, 0xCE79, 0xF77D, 0x8CB5, 0x5AF1, 0x93F5, 0xA4D7, 0xDD96, 0xF659, 0xF6B9,
    0xF6B9, 0xF6BA, 0xF6BA, 0xF6BA, 0xF6BA, 0xF6BA, 0xF6BA, 0xF6BA, 0xFEFA, 0xE658, 0xCDB7, 0xCDB8,
    0xCDB7, 0xC5B8, 0xF77F, 0xE69E, 0xE67D, 0xDE5D, 0xE69E, 0xBD5A, 0x8373, 0xDE3D, 0xDE5E, 0xDE3D,
    0xD61D, 0xE67E, 0x8B94, 0xD5DC, 0xEEBE, 0xDE1D, 0xE6DE, 0x93F6, 0xB4F9, 0xE69E, 0xE6DE, 0xF75F,
    0xB4F9, 0xCDBB, 0xFF5F, 0xAD99, 0x5D99, 0x6DB9, 0x6D99, 0x75D9, 0x6D99, 0x6DB9, 0x969C, 0xA6FD,
    0x7DFA, 0x6D99, 0x75FA, 0x6DDA, 0x6DB9, 0x861B, 0x8E1A, 0x963B, 0x8E1B, 0x85BA, 0x8DFA, 0xAE7B,
    0xC6DD, 0xAE9C, 0x961B, 0x85DB, 0x7DDB, 0x757A, 0x6559, 0x6559, 0x6558, 0x4C34, 0x3BB3, 0x4C55,
    0x7579, 0x8DFB, 0x9E5B, 0x8E1B, 0x7599, 0x6D58, 0x7599, 0x7599, 0x85FA, 0x965B, 0x8E5C, 0x865D,
    0x7E3D, 0x7E3D, 0x969D, 0x9E9C, 0xA6BD, 0xA6FE, 0x9EDE, 0x7E1C, 0x75BB, 0x8E3C, 0x9EBD, 0x965C,
    0x8DDA, 0x7558, 0x6D18, 0x7579, 0x7599, 0x6D58, 0x6D58, 0x7578, 0x85BA, 0x85BA, 0x8599, 0x6D37,
    0x64D5, 0x75B9, 0x8E9D, 0x7DD9, 0x7598, 0x865B, 0x8E1A, 0x9EBC, 0x8E7B, 0x6D16, 0x6CF6, 0x8598,
    0x9E3B, 0x9E3B, 0x85B9, 0x6D16, 0x5474, 0x64F6, 0x7599, 0x861B, 0x7DDA, 0x861B, 0x8E3B, 0x8E5C,
    0x8E1A, 0x8598, 0x9E19, 0x9E5B, 0x9E7C, 0xA69D, 0xA6BC, 0xC73E, 0x9E1A, 0x8578, 0x8D98, 0x9DD9,
    0x95D9, 0x9DF9, 0xAE7B, 0xB6BC, 0xB6BC, 0xAE9C, 0xAE9C, 0xA65B, 0xA63A, 0x9DF9, 0x9DB9, 0x8517,
    0x84F6, 0x7CD5, 0x84F6, 0x84F6, 0x84F6, 0x7495, 0x9D15, 0xAD97, 0xAD97, 0xAD97, 0xADB7, 0xA61A,
    0x8558, 0x8DB9, 0x8537, 0x6433, 0x33F2, 0x9D97, 0xC65A, 0x9D77, 0x1ACD, 0x230E, 0x334F, 0x336F,
    0x4BB1, 0x4BB1, 0x434F, 0x5412, 0x961B, 0x8599, 0x8579, 0x7D58, 0x7D38, 0x7D58, 0x9DD9, 0xF7BF,
    0xDF7E, 0xCF3D, 0xCF3D, 0xDF9F, 0x6C75, 0x6C53, 0x2AAC, 0x224C, 0x226C, 0x224C, 0x63D0, 0x63F1,
    0x84B3, 0xADD7, 0xCEBB, 0xF7BE, 0xC67A, 0x426D, 0x31AB, 0x4ACD, 0x84B4, 0x9DF8, 0xC6FC, 0x6411,
    0x2A2C, 0x32AD, 0x7452, 0x853A, 0x9C94, 0xFDB7, 0xD534, 0xE679, 0xFEFA, 0xC5D7, 0x9D79, 0xA5BA,
    0x9493, 0x8495, 0xA578, 0xEF3C, 0xAD97, 0x84D8, 0x8CD6, 0x9CF4, 0xD6BA, 0xDDB7, 0xF5F8, 0xEE59,
    0xF6B9, 0xF6B9, 0xF6BA, 0xF6BA, 0xF6BA, 0xF6BA, 0xF6BA, 0xFEDA, 0xCDB7, 0xC559, 0xD5FD, 0xDE5E,
    0xC5BB, 0x8BD4, 0xE6DD, 0xE6BE, 0xDE7D, 0xDE5D, 0xEEDF, 0xB519, 0x93B6, 0xB4D9, 0xE67E, 0xDE3D,
    0xCD9C, 0xAC99, 0x6A90, 0x628E, 0xC59B, 0xE67E, 0xAC78, 0x3929, 0x49AB, 0xC55B, 0xCDFB, 0xCD9A,
    0x8BB4, 0xBD1A, 0xF6DE, 0x7D17, 0x65B9, 0x75B9, 0x7599, 0x6D99, 0x8E5B, 0xAF1D, 0x967C, 0x759A,
    0x761A, 0x7E1B, 0x761B, 0x863B, 0x9E5B, 0xAE7B, 0xAE7B, 0x9E5B, 0x8E1B, 0x9E3A, 0xA65B, 0x963B,
    0x7DDB, 0x757A, 0x759A, 0x757A, 0x6D7A, 0x6D79, 0x6D59, 0x6D58, 0x5475, 0x43D3, 0x4C35, 0x7599,
    0x8DFB, 0x7DDA, 0x7599, 0x6D58, 0x6D59, 0x7599, 0x85FB, 0x967C, 0x967D, 0x7E1C, 0x7E3D, 0x8EBE,
    0x969D, 0x967C, 0xA69C, 0xA6DE, 0x9EFF, 0x8EBE, 0x8E3C, 0x9E7C, 0xA6DD, 0x963C, 0x6D58, 0x6D58,
    0x7DBA, 0x6D7A, 0x6D58, 0x6D78, 0x64F6, 0x7557, 0x85DA, 0x8DFB, 0x85DA, 0x7D78, 0x7557, 0x7DD9,
    0x96BC, 0x96FE, 0x8E9C, 0x969C, 0x967B, 0x8E3A, 0x85B9, 0x865C, 0x6D37, 0x8598, 0x9E3B, 0x9E3B,
    0x85B8, 0x6CF6, 0x64F6, 0x7D99, 0x963C, 0x9E9D, 0x861B, 0x7DBA, 0x861B, 0x7599, 0x7DB9, 0x8598,
    0x8578, 0x8578, 0x8578, 0xA67B, 0xA6BC, 0x9E5B, 0xCF7F, 0xD79F, 0xAE9B, 0xB6BC, 0xBEFD, 0xBEFD,
    0xC71D, 0xB69C, 0xA61A, 0xB69B, 0xBEDD, 0xC75E, 0xB6BC, 0x8D57, 0x9DD9, 0x9598, 0x84F5, 0x9D98,
    0x8D57, 0x7495, 0x8517, 0x7CB5, 0x7CB5, 0x7495, 0x84B4, 0xB5B7, 0xADB8, 0xB619, 0xB65A, 0xB69B,
    0x8578, 0x6413, 0x4B70, 0x4B30, 0x4BB2, 0x7578, 0xB65A, 0xC65A, 0x43D1, 0x1AEE, 0x2B2F, 0x2B2F,
    0x53F1, 0x53D1, 0x53D1, 0x434F, 0x5C74, 0x85BA, 0x7D59, 0x85B9, 0x7D58, 0x7D58, 0x7538, 0xB67B,
    0xEFDF, 0xCF3E, 0xD73E, 0xDF9F, 0x9DFA, 0x5BF3, 0x434E, 0x1A4B, 0x2A8D, 0x120B, 0xC69A, 0xF7DF,
    0xCEBB, 0xB5F8, 0xBE18, 0xDEFC, 0x6390, 0x3A0C, 0x8CB3, 0xFFFF, 0xEFFF, 0xDFFF, 0xE7FF, 0xE7FF,
    0x6432, 0x326D, 0x7CB7, 0x8D5B, 0x8CB6, 0xCCD3, 0xDE9A, 0xFF3C, 0xF6DB, 0xFF1B, 0xDE78, 0xD638,
    0xFF3B, 0xA4F3, 0x8D17, 0xD6FE, 0x8CB3, 0xADDB, 0xAD98, 0xCE39, 0xD69A, 0xD5B7, 0xFE18, 0xEDF8,
    0xEE59, 0xF6BA, 0xF6BA, 0xF6BA, 0xF6B9, 0xF6DA, 0xFEFA, 0xD618, 0xDE9D, 0xE67E, 0xDE5D, 0xDE5D,
    0xE6BE, 0x9C57, 0xA4B7, 0xEEFE, 0xE69E, 0xDE5D, 0xCD7B, 0x93F6, 0x6AB1, 0x626E, 0x7311, 0xDE5E,
    0xE69E, 0xBD3A, 0x416A, 0x418B, 0x9C56, 0xEEBF, 0xDE3D, 0x7B30, 0x5A2E, 0xC59B, 0xE65E, 0xD5FC,
    0x628E, 0xA437, 0xAC77, 0x7578, 0x7DDA, 0x7599, 0x85FA, 0xB6FD, 0xAEDD, 0x7DBA, 0x7DDA, 0x8E3B,
    0x75FB, 0x7DDA, 0x9E3B, 0xBEBC, 0xCEFB, 0xB69B, 0x95FA, 0x7DBA, 0x7DBA, 0x85FB, 0x75BA, 0x6D79,
    0x6D7A, 0x6D9A, 0x6D79, 0x6D59, 0x6D59, 0x6D58, 0x6D59, 0x5CD7, 0x43F3, 0x4C34, 0x6D18, 0x75BA,
    0x6D79, 0x6D59, 0x7599, 0x7DBA, 0x8E3B, 0x967C, 0x967D, 0x861B, 0x863C, 0x8EBE, 0x969D, 0x8E5C,
    0x967D, 0x96BD, 0x9F1F, 0x9EFF, 0x969D, 0xA69C, 0xB6FE, 0x965C, 0x6D58, 0x6D58, 0x6D79, 0x6D59,
    0x5CD7, 0x6517, 0x6D37, 0x7578, 0x8DFA, 0x961B, 0x85DA, 0x7557, 0x6D57, 0x8E3B, 0x861A, 0x8E9D,
    0x8E9C, 0x9EDD, 0x96FE, 0x8EBD, 0x8DD9, 0x7D78, 0x8DDA, 0x9E9C, 0x9E1A, 0xA65B, 0x8DD9, 0x7D98,
    0x6D16, 0x7D58, 0x963B, 0x9EBD, 0xA6BD, 0x965C, 0x85DA, 0x8DFB, 0x8DFA, 0x7D78, 0x7537, 0x8DD9,
    0x8DD9, 0x85B9, 0x8598, 0x8557, 0x9DF9, 0xA63A, 0xB6BC, 0xC73E, 0xC75E, 0xC71D, 0xB6BC, 0xA619,
    0x8D57, 0xA5FA, 0xBEDC, 0xBEDC, 0xB6BC, 0xAE3B, 0x9598, 0x84F6, 0x9DB9, 0x9DB9, 0x8D16, 0x8D37,
    0x8516, 0x84F6, 0x7CB5, 0x7CD5, 0x84F6, 0x84F6, 0x8516, 0xB65A, 0xB69B, 0xB67B, 0xAE19, 0xB619,
    0x6413, 0x430F, 0x5391, 0x5BF2, 0x53D2, 0x53F3, 0x7DB8, 0x7D36, 0x5433, 0x1ACE, 0x1AAD, 0x1ACD,
    0x5C11, 0x53F1, 0x53D1, 0x53D1, 0x4B50, 0x64B5, 0x8DFB, 0x85BA, 0x85DA, 0x8E1A, 0x961A, 0x8DFA,
    0xE7BF, 0xD77E, 0xCF5E, 0xD75E, 0xCF5E, 0x5C13, 0x5BF1, 0x1A4B, 0x2AAD, 0x11EA, 0x84F4, 0xFFFF,
    0xFFFF, 0xFFFF, 0xFFFF, 0xEF9E, 0x426E, 0x5B0F, 0xFFFF, 0xFFFF, 0xEFFF, 0xD7DF, 0xB6FC, 0x95F9,
    0x7CD4, 0x84D7, 0x8D5A, 0x8D39, 0xA599, 0xB576, 0xFF7D, 0xF6BA, 0xF6FB, 0xF6DA, 0xFF1B, 0xFF1B,
    0xF6DA, 0xF6FB, 0xC5D7, 0xACF5, 0x8C93, 0x8CD5, 0xC65D, 0xAD77, 0xBE3B, 0xBD77, 0xFE18, 0xF5F8,
    0xF5F8, 0xF618, 0xEE79, 0xF6BA, 0xF6DA, 0xE638, 0xCDB6, 0xD65A, 0xF73F, 0xD61C, 0xDE5D, 0xDE3D,
    0xE69E, 0xA477, 0x9C37, 0xC57A, 0xDE5D, 0xDE5D, 0xD5DD, 0x9C36, 0x2928, 0x520D, 0x6AD0, 0xE67E,
    0xDE1D, 0xE6BE, 0xBD19, 0x93D6, 0xC59B, 0xE67D, 0xDE5D, 0xE69E, 0x8B95, 0xC57A, 0xE67E, 0xE6BE,
    0xD5FB, 0xBD1A, 0xCDDA, 0x7517, 0x861A, 0xA6DC, 0xB73E, 0x8E1B, 0x757A, 0x7DDA, 0x7DDA, 0x85DA,
    0xA63B, 0xC6DB, 0xC6DC, 0xAE9C, 0x8E3B, 0x75BA, 0x6D9A, 0x6D7A, 0x6D99, 0x6D7A, 0x6D7A, 0x757A,
    0x6D59, 0x6539, 0x6539, 0x6D59, 0x6D58, 0x6D59, 0x6518, 0x4C34, 0x4414, 0x5475, 0x6D38, 0x6D58,
    0x6D79, 0x7DDA, 0x85FB, 0x965C, 0xA6BD, 0x965C, 0x85DA, 0x7DFB, 0x8E5C, 0x967C, 0x9EBD, 0x9F1F,
    0x9F3F, 0x9F1F, 0xA6DE, 0xA69C, 0x95F9, 0x85DA, 0x75DB, 0x6D58, 0x6538, 0x6D79, 0x6D79, 0x5CB6,
    0x5495, 0x7D98, 0x961B, 0x9E7D, 0x8E5C, 0x861B, 0x8E3B, 0x969D, 0x8EBD, 0x869C, 0x865B, 0x7577,
    0x969C, 0x867C, 0x7598, 0x7557, 0x8599, 0x8DD9, 0xB71D, 0xA69B, 0x85B8, 0x64D5, 0x6CF6, 0x8599,
    0x961A, 0x9E7C, 0xA6BD, 0xA69D, 0x963B, 0x85FA, 0x8DDA, 0x85B9, 0x8599, 0x961B, 0x7DD9, 0x7D98,
    0x8578, 0x8577, 0x8557, 0x8537, 0x8516, 0x9DF9, 0xA63A, 0x9E1A, 0xA61A, 0xA5F9, 0x9DD8, 0x9DD8,
    0xBEFD, 0xC73E, 0xAE3A, 0x9DB9, 0x9598, 0x8D37, 0x8D17, 0x8516, 0x8D37, 0x9D98, 0x9D99, 0x8D57,
    0x8D16, 0x8D36, 0x8D57, 0x9598, 0x9DD9, 0xA63A, 0x9E1A, 0xA5F9, 0xADD8, 0xA597, 0xAD97, 0xB5B7,
    0x7CB5, 0x53B2, 0x5C13, 0x6454, 0x7537, 0x7537, 0x6CF5, 0x3BF1, 0x334F, 0x230E, 0x3390, 0x3BD1,
    0x5C52, 0x5C12, 0x5C12, 0x53B0, 0x53D1, 0x436F, 0x6CF6, 0x9EBD, 0x9E9C, 0x965B, 0x965B, 0x861A,
    0xBEDC, 0xEFFF, 0xCF7F, 0xCF5E, 0xDFDF, 0x7D16, 0x5BF2, 0x32AD, 0x2A8C, 0x1A2B, 0x5BD0, 0xFFFF,
    0xFFFF, 0xF7DF, 0xFFFF, 0xF7BE, 0x6370, 0x6350, 0xF7BE, 0xE75D, 0xAE19, 0x8557, 0x84F7, 0x7C74,
    0x7C96, 0x8519, 0x8D39, 0xADBA, 0x8474, 0xEF3C, 0xFF3B, 0xF6DB, 0xF6FB, 0xF6FA, 0xF6DA, 0xF6DA,
    0xF6DA, 0xF6DA, 0xFF5C, 0xDDF7, 0x9537, 0x8D17, 0xA578, 0x9D58, 0xB5FB, 0xA537, 0xF5F8, 0xF618,
    0xF618, 0xF5F8, 0xF5F8, 0xEDB7, 0xBD16, 0xC59A, 0xC559, 0xB558, 0xF73F, 0xDE3D, 0xDE3D, 0xDE5D,
    0xEEBF, 0xA478, 0x7B33, 0x41AB, 0x9415, 0xEEBF, 0xDE5D, 0xEEDF, 0x93F5, 0xA418, 0xBD1A, 0xE67E,
    0xDE3D, 0xDE3D, 0xE67D, 0x8B94, 0xC57A, 0xE67E, 0xDE1D, 0xE69E, 0xBD38, 0xBD19, 0xE67E, 0xDE1D,
    0xEEDE, 0xBD38, 0xEEBE, 0xCDFA, 0x965B, 0x96DD, 0x85DA, 0x961A, 0x9E3B, 0x9E3B, 0xB67C, 0xBEBC,
    0xAEBC, 0x961B, 0x7DBA, 0x7DBA, 0x759A, 0x759A, 0x759A, 0x6D9A, 0x6D9A, 0x6D7A, 0x6D79, 0x6D59,
    0x6539, 0x6539, 0x6D59, 0x6D79, 0x6D79, 0x6D59, 0x4C75, 0x43F3, 0x4C55, 0x6D38, 0x7599, 0x7DDA,
    0x861B, 0x8E3B, 0x963B, 0x963B, 0x861B, 0x85FA, 0x8E3B, 0x9EBD, 0x9EDE, 0xA71F, 0xA75F, 0xA73F,
    0x9E9D, 0x8DFB, 0x85B9, 0x7537, 0x7579, 0x8E3C, 0x861B, 0x7DFB, 0x7DDB, 0x7578, 0x7558, 0x8DFA,
    0x963B, 0x967D, 0x8E7D, 0x7E5C, 0x763B, 0x869D, 0xA77F, 0x9F5F, 0x7E5C, 0x8E3A, 0x7D97, 0x7D98,
    0x965B, 0x7D57, 0x8557, 0x9E1A, 0xA65B, 0x9E7B, 0x9E9B, 0x64B4, 0x64B4, 0x7D57, 0x8DB9, 0x963B,
    0x9E7C, 0x9E7C, 0x9E7C, 0x965C, 0x85B9, 0x85B9, 0x85B9, 0x961B, 0xA69D, 0x9E5C, 0x9E3B, 0x8557,
    0x7D16, 0x8D57, 0x8536, 0x8D57, 0x8D57, 0x8D37, 0xA5F9, 0xAE5A, 0x9DF9, 0xA619, 0xC71D, 0xD79F,
    0xBEDC, 0x9DB8, 0x8D37, 0x8517, 0x84F6, 0x8D16, 0x84D6, 0x8D57, 0x9557, 0x8D37, 0x8D57, 0x9DB9,
    0xA5D9, 0xA61A, 0xAE5B, 0xAE5B, 0x9E1A, 0x8D57, 0x6433, 0x6C32, 0xB5D8, 0xADB8, 0xA597, 0xB576,
    0x8CF5, 0x6475, 0x8578, 0x7D58, 0x6CB5, 0x53F2, 0x4BB1, 0x64D4, 0x9597, 0x74F6, 0x3BD1, 0x2B4F,
    0x5C73, 0x5C53, 0x5C32, 0x53F1, 0x4BB0, 0x5C12, 0x4B90, 0x6473, 0x8E1A, 0x9EBC, 0x9EBD, 0x965C,
    0xBEFE, 0xEF9E, 0xB6FC, 0xD79F, 0xDFBF, 0xAE9C, 0x5BF3, 0x53B0, 0x222B, 0x226D, 0x2AAC, 0xEF7D,
    0xFFFF, 0xFFFF, 0xFFFF, 0xE75D, 0xCEFC, 0x8D36, 0xA598, 0x8D17, 0x9537, 0xAD99, 0x8CD6, 0x7CB7,
    0x84F8, 0x7476, 0x84D7, 0x6494, 0x84D4, 0xFFBE, 0xF6DA, 0xF6FB, 0xF6FB, 0xF6FB, 0xF6FA, 0xF6FA,
    0xF6FA, 0xF6DA, 0xF71B, 0xCD95, 0xC4F5, 0xAD16, 0x9516, 0xADFB, 0xAE1B, 0xA599, 0xE5B7, 0xFE18,
    0xEDF8, 0xF618, 0xFE38, 0xBD17, 0xDE5D, 0xE67E, 0xEEDF, 0xACD8, 0xA496, 0xEEDF, 0xDE7D, 0xDE3D,
    0xE67F, 0x93F6, 0x3149, 0x628F, 0x9C56, 0xEEBF, 0xD61D, 0xE67E, 0xC59A, 0x8354, 0xB519, 0xE67E,
    0xDE3D, 0xE67E, 0xEEBF, 0xD5FB, 0xBD59, 0xEEBF, 0xD61D, 0xD61D, 0xE6DD, 0xC5DA, 0xEE9E, 0xDE7E,
    0xE6DE, 0xE6DD, 0xDE9C, 0xFFBF, 0xB579, 0x95F9, 0xAEBC, 0xA67B, 0xB69C, 0xB67B, 0xA65B, 0x8E1B,
    0x7DDB, 0x7DBA, 0x7DBA, 0x759A, 0x759A, 0x759A, 0x759A, 0x757A, 0x6D79, 0x6D79, 0x6D59, 0x6539,
    0x6539, 0x6D7A, 0x6D79, 0x6D59, 0x6D79, 0x5CB6, 0x43F3, 0x4C34, 0x6D38, 0x85FA, 0x861B, 0x8E3B,
    0x963B, 0x8E1B, 0x7DDA, 0x7DDA, 0x8E1B, 0xAEDD, 0xBF5F, 0xAF3E, 0xA71F, 0x9EFF, 0x8E7D, 0x7DBA,
    0x7D79, 0x8DD9, 0x9E3B, 0xAE7C, 0xA69D, 0x8E5C, 0x7DDA, 0x85FB, 0x8DFA, 0x8E1B, 0x965C, 0x963C,
    0x861B, 0x96DE, 0x96DD, 0x761A, 0x96DD, 0xAF3E, 0xA6FC, 0x9639, 0x8DD8, 0x8DD9, 0x5CB5, 0x6CF5,
    0x8D98, 0x9E3A, 0xAEBC, 0xA67B, 0x7536, 0x85D9, 0x64D5, 0x6CF5, 0x961A, 0x9E7B, 0x9E5B, 0x9E7C,
    0x9E7C, 0x8E1A, 0x8598, 0x8DB9, 0x8DDA, 0x961B, 0xAEBE, 0xB6DE, 0xAE7C, 0xA63B, 0x95B9, 0x7D16,
    0x6CB4, 0x8516, 0x8D57, 0x8D57, 0x8D57, 0x8D36, 0x84F6, 0x9D78, 0xB6BB, 0xD7BF, 0xCF5E, 0xAE19,
    0xADF8, 0xADF8, 0x9D97, 0x9557, 0x7494, 0x7CB5, 0x9557, 0x9DB8, 0x9DD9, 0x9DD9, 0xA61A, 0xAE5B,
    0xAE5B, 0x9DF9, 0x9558, 0x7C95, 0x6C33, 0x6433, 0x6C53, 0x6433, 0xA576, 0xAD77, 0xA536, 0xAD97,
    0xA5D9, 0x8598, 0x6CB5, 0x5C13, 0x6474, 0x7537, 0x7D37, 0x6CF6, 0x4412, 0x3BB1, 0x33B1, 0x3391,
    0x6473, 0x6473, 0x6453, 0x6473, 0x4BB0, 0x4BB0, 0x5BF1, 0x53D0, 0x53D1, 0x6473, 0x6CD5, 0x6CD5,
    0x84F5, 0x8493, 0xCF7D, 0xCFBF, 0xCFBF, 0xD7DF, 0x6434, 0x74B4, 0x2A8C, 0x2A8D, 0x1A0B, 0xBE59,
    0xFFFF, 0xF7BE, 0xBE7A, 0xC6BC, 0xB63B, 0xA5BA, 0x9D79, 0xADDA, 0x9D37, 0x63F2, 0x6414, 0x6455,
    0x5C54, 0x6CD6, 0x7598, 0x6D78, 0xD6DB, 0xFF7D, 0xF6DA, 0xF6FB, 0xF6FB, 0xF6FB, 0xF6DA, 0xF6DA,
    0xF6DA, 0xF6DA, 0xF71B, 0xCD34, 0xF575, 0xED75, 0xDD55, 0xC4F4, 0xB4F5, 0x9CF7, 0xB515, 0xFE38,
    0xF618, 0xF638, 0xBCB4, 0xDEBD, 0xE69E, 0xDE3D, 0xDE7E, 0xD5FC, 0x6AD3, 0xA498, 0xC53A, 0xC55B,
    0xE69E, 0xD5FC, 0x93F6, 0xA459, 0xC5BB, 0xE67E, 0xDE3D, 0xDE3D, 0xEEDF, 0xA477, 0xACB7, 0xF71F,
    0xD5FC, 0xC57A, 0xB4F8, 0xB4F9, 0x8BB3, 0x9C16, 0xBCD5, 0xA434, 0x93D6, 0x9415, 0x9C36, 0xB4D6,
    0xC578, 0xC55A, 0xACD7, 0xEEDF, 0xF6FE, 0x9D99, 0x965B, 0x9E1B, 0x8DFB, 0x7DBA, 0x7DBA, 0x7DBA,
    0x75BA, 0x759A, 0x759A, 0x759A, 0x759A, 0x757A, 0x7579, 0x6D7A, 0x6D7A, 0x6D59, 0x6D59, 0x6D59,
    0x6D59, 0x6D79, 0x6D59, 0x7599, 0x6D17, 0x4C13, 0x4C14, 0x64F7, 0x861B, 0x861B, 0x861B, 0x85FA,
    0x85DA, 0x85FA, 0x9E7D, 0xAEFE, 0xB71E, 0xAF1E, 0x965C, 0x863B, 0x863C, 0x7DBA, 0x7D99, 0x9E3B,
    0xBEDD, 0xAE9C, 0x8DFA, 0x863C, 0x861B, 0x85FA, 0x85FA, 0x963B, 0x965C, 0x965C, 0x8E1A, 0x85F9,
    0x8E5B, 0x9F1E, 0x9F3E, 0x8E9C, 0x8E5B, 0x963A, 0x8597, 0x7536, 0x8DB8, 0x8D98, 0x8D98, 0x9E5B,
    0xA69C, 0x9E7B, 0x7D97, 0x64D4, 0x8DD8, 0xB75D, 0x8577, 0x9E7A, 0xAEFD, 0xAEDD, 0xA6BD, 0xA6DD,
    0x85DA, 0x7536, 0x6D16, 0x85FA, 0xAEDE, 0xB6DE, 0xBEBD, 0xB67B, 0xAE3A, 0x9597, 0x8515, 0x8537,
    0x8D78, 0x8D78, 0x8D36, 0x8D36, 0x8D37, 0x8515, 0x8D36, 0xBEDC, 0xDFFF, 0xC6FC, 0xADF9, 0xAE19,
    0xB639, 0xB639, 0xB639, 0x9D97, 0x84F5, 0x7494, 0x9598, 0x9DB9, 0x9DB9, 0x9598, 0x8D16, 0x84B5,
    0x7C94, 0x7C95, 0x7494, 0x74B5, 0x6C74, 0x6433, 0x5BD2, 0x53B2, 0x8473, 0xAD96, 0xADF9, 0xBEBC,
    0xB69C, 0x8DD9, 0x85B9, 0x8DFA, 0x7D78, 0x6474, 0x53F3, 0x5C13, 0x5433, 0x6CD5, 0x3BD1, 0x2B70,
    0x6CB4, 0x6493, 0x6473, 0x6493, 0x5C32, 0x64D4, 0x6CD4, 0x53D0, 0x53AF, 0x5390, 0x53B0, 0x4B6F,
    0x5C12, 0xEF9D, 0xEFFF, 0xCFDF, 0xCFDF, 0xE7FF, 0x8D78, 0x7C95, 0x5C11, 0x224C, 0x1A2B, 0x7493,
    0xDF9E, 0xAE39, 0xD75E, 0xCEDD, 0x9D58, 0x9D78, 0xADFA, 0x9517, 0x6CD5, 0x6D37, 0x7538, 0x7DB9,
    0x8DFA, 0x7DD9, 0x6558, 0x6CD5, 0xF75C, 0xFF1C, 0xF6FA, 0xF6FB, 0xF6FB, 0xF6FB, 0xF6FA, 0xF6FA,
    0xF6FA, 0xF6FB, 0xEEDA, 0xCD14, 0xED96, 0xE576, 0xED96, 0xF555, 0xED14, 0xECF4, 0xB451, 0xE5F8,
    0xF5F7, 0xBCF6, 0xCDDB, 0xC5BA, 0xE6BD, 0xE67E, 0xDE7D, 0xDE3D, 0x7313, 0x39AB, 0x49EC, 0xDE5D,
    0xDE5D, 0xEEBF, 0xBD39, 0x8B95, 0xC5BA, 0xE69F, 0xE67E, 0xDE5E, 0xD5FC, 0xBD59, 0x9414, 0xACD8,
    0xAC53, 0xE5B6, 0x8352, 0x72D3, 0x7AF3, 0x6251, 0xD575, 0xD535, 0x6A91, 0x8B34, 0x7291, 0xD5F8,
    0xEE38, 0x7AF3, 0xACD7, 0xD63B, 0xD67C, 0xCE3B, 0x7D79, 0x85DB, 0x85BA, 0x7DBA, 0x7DBA, 0x759A,
    0x759A, 0x757A, 0x757A, 0x757A, 0x7579, 0x7579, 0x6D79, 0x6D79, 0x6D79, 0x6D7A, 0x6D79, 0x6D59,
    0x6D79, 0x7579, 0x7DB9, 0x7598, 0x4C54, 0x4C14, 0x5CB6, 0x7DBA, 0x861B, 0x85FB, 0x861B, 0x8E1A,
    0x965B, 0xB6FE, 0xA6BD, 0x8E5C, 0x8E3C, 0x8DFB, 0x85DA, 0x7DBA, 0x85B9, 0xA65B, 0xAE7C, 0x9E5C,
    0x85DA, 0x6D79, 0x6D38, 0x7599, 0x8E1B, 0x963C, 0x9E5C, 0x8E3A, 0x8DFA, 0x963A, 0x8DF9, 0x8DF9,
    0x8E5B, 0x9F1E, 0x9EDD, 0x7DD9, 0x7577, 0x7D77, 0x8DB8, 0x8598, 0x8D98, 0x961A, 0xA6BC, 0x9E7B,
    0x85D9, 0x8DF9, 0x6D15, 0x7D56, 0xAF1D, 0xAEFC, 0xB71D, 0xB73E, 0xB75F, 0xB75F, 0xB71E, 0x9E3B,
    0x6CD5, 0x7D78, 0x9E9C, 0xB6DD, 0xBEBC, 0xBE9C, 0xB65B, 0xA5F9, 0x8D77, 0x8D56, 0x9DF9, 0xA5FA,
    0x9DB9, 0x95B8, 0x9577, 0x8D16, 0x84F5, 0x9D98, 0xCF7E, 0xC6DC, 0x9556, 0xA597, 0xBE5A, 0xB639,
    0xB639, 0xB639, 0xB639, 0xB619, 0xADD8, 0x9557, 0x8D16, 0x84F6, 0x84F5, 0x84D5, 0x8516, 0x8D57,
    0x8D77, 0x8537, 0x74B5, 0x63F2, 0x4B70, 0x4B70, 0x53D2, 0x5413, 0x84F5, 0xC6DC, 0xC75E, 0xCF5E,
    0xBEFD, 0x9E19, 0x7D16, 0x53D2, 0x4B91, 0x5C33, 0x74F6, 0x6CD6, 0x5C54, 0x4C31, 0x232F, 0x232F,
    0x6CD3, 0x6CB3, 0x6CB3, 0x6CB3, 0x6473, 0x6452, 0x967B, 0x8E3A, 0x7DB8, 0x6D36, 0x7557, 0x85F9,
    0xA6FC, 0xBF7E, 0xEFDF, 0xD7FF, 0xD7FF, 0xDFFF, 0xC75D, 0x5BB3, 0xAE39, 0x2A8C, 0x2A8C, 0x22AD,
    0x7D98, 0xE77E, 0xDF5E, 0xADD9, 0xA599, 0xADFA, 0x9517, 0x7D57, 0xA6BD, 0xAE9C, 0xA69C, 0x85B9,
    0x6517, 0x6517, 0x54F7, 0x9576, 0xFF5C, 0xF6DA, 0xF6FB, 0xF6FB, 0xF6FB, 0xF6FB, 0xF6FB, 0xF6FA,
    0xF6DA, 0xFEFB, 0xE699, 0xD4F4, 0xED96, 0xED76, 0xE575, 0xE555, 0xE535, 0xE514, 0xE555, 0xC4B2,
    0xC536, 0xD63D, 0xE69E, 0xDE3D, 0xAD18, 0xDE5C, 0xEEBF, 0xCD7C, 0xACD8, 0x524E, 0x9C36, 0xDE7E,
    0xDE5D, 0xE67E, 0xE69E, 0x93D5, 0xC5BA, 0xE6DD, 0xBD38, 0xBCF6, 0xCCF5, 0x72F2, 0x6AB2, 0x6AB2,
    0xAC73, 0xFF1A, 0xD5D6, 0xC536, 0xDDF8, 0xE658, 0xFEFA, 0xFEFA, 0xEE79, 0xE67A, 0xF6BB, 0xFE99,
    0xFE18, 0xD576, 0xA455, 0x93F6, 0xA3F7, 0x9354, 0x6C75, 0x7E1B, 0x7DBA, 0x7DBA, 0x759A, 0x757A,
    0x759A, 0x7DBA, 0x7DBA, 0x759A, 0x7579, 0x6D79, 0x6D79, 0x6D7A, 0x6D7A, 0x6D79, 0x6D59, 0x7579,
    0x7599, 0x7DB9, 0x7DB9, 0x5C96, 0x4C34, 0x5C95, 0x7579, 0x861B, 0x861B, 0x967C, 0x9E7C, 0x9E9C,
    0x965C, 0x8E5C, 0x861B, 0x8DFB, 0x85DA, 0x7D99, 0x85DA, 0x8DFB, 0x961B, 0x85DA, 0x75BA, 0x7DDA,
    0x7DB9, 0x85DA, 0x8DFA, 0x963B, 0x965C, 0x8E3B, 0x85D9, 0x85D8, 0x9619, 0x9619, 0x85F9, 0x967B,
    0x9EDD, 0x9E9C, 0x85F9, 0x8598, 0x8DF9, 0x8D98, 0x95B8, 0xAE7B, 0xAEFD, 0x9E9C, 0x7D97, 0x5C94,
    0x7536, 0x8DD9, 0x8DD8, 0x95F9, 0x96FD, 0x9EFD, 0xAF3E, 0xAEFE, 0xB71E, 0xAE9C, 0x95D9, 0x95F9,
    0x9E7B, 0xB6FD, 0xBEDD, 0xBE9C, 0xB65B, 0x9DD9, 0x8D77, 0x7CF5, 0x7CF5, 0xA5F9, 0xAE3A, 0xA5FA,
    0x7CB5, 0x84D5, 0x9DB8, 0x8D57, 0xA5F9, 0xD79F, 0xA5F9, 0x8CD5, 0x8CF5, 0x9515, 0xADB8, 0xBE5A,
    0xB65A, 0xB67A, 0xB639, 0xB639, 0xB619, 0xADD8, 0x9D57, 0x8516, 0x8517, 0x8D78, 0x8557, 0x74B4,
    0x63F2, 0x4B4F, 0x4B4F, 0x5BD2, 0x6C74, 0x7D37, 0xA67B, 0xB6FD, 0xC75E, 0xCF9F, 0xC6FC, 0xB619,
    0xADB8, 0x6C32, 0x3B91, 0x6474, 0x6CD6, 0x6CD6, 0x6474, 0x5C33, 0x53F2, 0x43F1, 0x2B4F, 0x2B4F,
    0x8639, 0x6C92, 0x74B3, 0x6CB3, 0x6CB3, 0x6452, 0x6CD4, 0xA71D, 0x9EFD, 0xA71D, 0xA73E, 0x9F5F,
    0x9F1D, 0x86BC, 0xD79E, 0xEFFF, 0xDFFF, 0xEFFF, 0xEFFF, 0x6C54, 0x7D17, 0x4BF2, 0x222B, 0x224B,
    0xC69A, 0xF7FF, 0xBE7B, 0xADDA, 0xA5DA, 0x9D78, 0x7D37, 0x96BD, 0x963B, 0x8DFA, 0x54B7, 0x5CD7,
    0x6D39, 0x54F7, 0x6474, 0xE638, 0xFF3B, 0xF6FA, 0xF71B, 0xF6FB, 0xF6FB, 0xF6FB, 0xF6FB, 0xF6FA,
    0xF6DA, 0xFF1B, 0xDE37, 0xD4F3, 0xED96, 0xED76, 0xED75, 0xED35, 0xD4D3, 0xE555, 0xF5B6, 0xC493,
    0xBDD9, 0xF73F, 0xDE1D, 0xEE9E, 0xCD9B, 0x7312, 0x8393, 0xD5FC, 0xEEFF, 0xCDBB, 0x9416, 0xE6BF,
    0xE69E, 0xCDFC, 0xCDDB, 0xA497, 0x9415, 0x8BF5, 0xBCB4, 0xFE99, 0xFEB9, 0xBD15, 0xBD37, 0xE638,
    0xFF1A, 0xFF1A, 0xFF1B, 0xFEF9, 0xE658, 0xCDB6, 0xB4B4, 0xACB4, 0xA4D5, 0x83B1, 0x72EE, 0x6AAD,
    0x7B2F, 0xB452, 0x9BD2, 0x9C17, 0x83D5, 0x6476, 0x759A, 0x7DBA, 0x759A, 0x75BA, 0x85FA, 0x85DA,
    0x85DB, 0x7DBA, 0x757A, 0x6D79, 0x6D79, 0x6D79, 0x6D79, 0x6D7A, 0x6D9A, 0x759A, 0x759A, 0x7D99,
    0x7599, 0x7DB9, 0x6D17, 0x5455, 0x5C96, 0x6D38, 0x863C, 0x8E5D, 0x8E5C, 0x965B, 0x85FA, 0x7DDA,
    0x8E1B, 0x8DFA, 0x85DA, 0x7579, 0x6D58, 0x7579, 0x7D99, 0x7D99, 0x7599, 0x7DBA, 0x8E1B, 0x7DB9,
    0x8DFA, 0x965C, 0x965C, 0x8E1A, 0x8E19, 0x8DF8, 0x95F8, 0x9619, 0x85D8, 0x7D97, 0x9619, 0x9E5B,
    0x965B, 0x8E1A, 0x7D57, 0x95D9, 0x95B8, 0xA65A, 0xAEFD, 0x9EBD, 0x85B8, 0x6D15, 0x7D56, 0x8DD9,
    0x7D77, 0xA69B, 0xAF1D, 0x9F1D, 0xA6FD, 0x7D78, 0x85B8, 0x9E5B, 0x9E19, 0xA63A, 0xA619, 0xB67B,
    0xBEDD, 0xC6BC, 0xB63B, 0x9D98, 0x8D56, 0x9597, 0x9DD8, 0x9DD8, 0xA5F9, 0xA5F9, 0x9DD8, 0x8D36,
    0x8D76, 0xA619, 0xB67B, 0xBEDC, 0xDFFF, 0xBEBB, 0x9516, 0x9556, 0x9556, 0x9556, 0x8CF5, 0xA597,
    0xBE5A, 0xB639, 0xB639, 0xB619, 0xB619, 0xAE19, 0xADF8, 0x9D97, 0x7CB5, 0x5BB1, 0x4B2F, 0x5B90,
    0x6412, 0x6C74, 0x8D78, 0xA69B, 0xBF3E, 0xBF5E, 0xA67B, 0x8DD9, 0x8DF9, 0xADD8, 0xAD76, 0xAD76,
    0x8D57, 0x4C74, 0x64F6, 0x7517, 0x6CB5, 0x6474, 0x5C34, 0x5C74, 0x4C13, 0x4BD2, 0xB619, 0x5433,
    0x96DD, 0x8619, 0x6492, 0x74D3, 0x6CD3, 0x6CD3, 0x5C31, 0x9659, 0xB7DF, 0xA77E, 0xA77E, 0x9F3E,
    0x9F5E, 0x971E, 0xB79F, 0xFFFF, 0xD7DF, 0xBF1D, 0x8E5B, 0x7516, 0x5392, 0x8E3B, 0x2A6C, 0x5390,
    0xF7FF, 0xDF5F, 0xADFA, 0xA5D9, 0xADB9, 0x7CF5, 0x863B, 0x863B, 0x7DFA, 0x9472, 0xCD76, 0x84D5,
    0x5455, 0x9CF4, 0xEE18, 0xF639, 0xFEBA, 0xFF1B, 0xEE99, 0xF6FA, 0xF6FB, 0xF6FB, 0xF6FB, 0xF6FB,
    0xF6DA, 0xFF3B, 0xCDD6, 0xDD14, 0xED96, 0xED75, 0xE535, 0xD4D3, 0xE555, 0xED96, 0xE514, 0xBD97,
    0xEF5E, 0xC599, 0xE67E, 0xE69E, 0xCD9C, 0x5A90, 0x5A8E, 0xEEBF, 0xDE3C, 0xDE5D, 0xBD7A, 0xDE5C,
    0xB4F7, 0xCD56, 0x9392, 0x7B55, 0x8B95, 0x6AD2, 0xBD35, 0xFF3B, 0xFEFA, 0xFF7B, 0xFF1A, 0xEE38,
    0xBD15, 0x93F2, 0x72CF, 0x51ED, 0x414B, 0x416B, 0x5A0D, 0x5A4D, 0x49CB, 0x51CB, 0x520C, 0x5A0B,
    0x418A, 0x20E7, 0x3927, 0x6435, 0x6DBA, 0x75DA, 0x759A, 0x759A, 0x7DBA, 0x8DFB, 0x85FA, 0x7DBA,
    0x6D79, 0x6D59, 0x6D79, 0x6D7A, 0x6D7A, 0x6D7A, 0x759A, 0x75BA, 0x759A, 0x7579, 0x7599, 0x7D99,
    0x7DDA, 0x7599, 0x5475, 0x5496, 0x64F7, 0x85FB, 0x8E7D, 0x8E5C, 0x7599, 0x861B, 0x8E1B, 0x8DFB,
    0x7DBA, 0x7579, 0x7DBA, 0x7599, 0x7DB9, 0x7DBA, 0x7DBA, 0x7DDA, 0x85FA, 0x85FA, 0x8E1B, 0x967C,
    0x967C, 0x8E3A, 0x8E1A, 0x9619, 0xA67A, 0x9E5A, 0x95F9, 0x7D77, 0x6D36, 0x85B8, 0x8DD8, 0x8DD9,
    0x85B8, 0x9E3A, 0x9DF9, 0x9E1A, 0xA67B, 0x9EDD, 0xA6FD, 0x8E19, 0x7D56, 0x9E5A, 0xAEBC, 0x9E7B,
    0x8E1A, 0x967C, 0xB73E, 0xC77E, 0xA67B, 0x9E7B, 0xAEDD, 0xA65B, 0xA619, 0xB67B, 0xBE9B, 0xC69C,
    0xBE7B, 0xA5D8, 0x74D4, 0x6C72, 0x8D77, 0xAE5A, 0x9DD8, 0xA5D8, 0xA5D8, 0x8D56, 0x8D36, 0x7CD4,
    0x84F5, 0x9556, 0x9D77, 0xB69B, 0xDFFF, 0xB67B, 0x8CD4, 0x94F5, 0x8CD4, 0x8CD4, 0x9515, 0x8CF5,
    0xA576, 0xB639, 0xADF9, 0xADF9, 0xADF8, 0xADF8, 0xADD8, 0xAD97, 0x9D76, 0x8D16, 0x7CB5, 0x95D9,
    0xB6FD, 0xC75F, 0xBF1D, 0xB6DC, 0xBF1E, 0xAEDC, 0x7D97, 0x7536, 0x3BB0, 0x4412, 0x9D97, 0xB65A,
    0x9DF9, 0x64F6, 0x5494, 0x6474, 0x5C74, 0x5C54, 0x5C54, 0x5434, 0x5C54, 0x5C33, 0x9577, 0x2B70,
    0x967B, 0x9EDD, 0x8619, 0x6CB2, 0x7CD3, 0x74F3, 0x74B3, 0x6472, 0x9F7D, 0xA7BF, 0x9F9F, 0x9F9F,
    0x9F9F, 0x9F7F, 0x8E9D, 0xA69C, 0x8E5B, 0x7DFA, 0x8E5B, 0x9E7B, 0x5B91, 0x85B9, 0x5CB6, 0x9D97,
    0xF7FF, 0xD71E, 0xADFA, 0xADFA, 0x9536, 0x7578, 0x863C, 0x861B, 0x8E5C, 0x8D57, 0xFE38, 0xE5D7,
    0xCD35, 0xFE79, 0xFE79, 0xFE79, 0xDDD7, 0xCD35, 0xE618, 0xF71B, 0xF6FB, 0xF6FB, 0xF6FB, 0xF6FB,
    0xF6DA, 0xFF3C, 0xC575, 0xDD34, 0xED96, 0xE555, 0xE534, 0xED76, 0xED76, 0xED76, 0xED75, 0xC4D4,
    0xD67B, 0xDE5D, 0x8394, 0xA4B7, 0xEEBE, 0xCDDC, 0x8BD5, 0xDE5D, 0xE69E, 0xEEBF, 0xB539, 0x6B12,
    0xC4D4, 0xFE99, 0xDDB7, 0xA475, 0xC577, 0xEEB9, 0xFF7B, 0xF6B9, 0xCD96, 0x9BD2, 0x626F, 0x49CE,
    0x49AD, 0x51EE, 0x6A8F, 0x9391, 0xACD5, 0xDDF8, 0xEDF7, 0xE618, 0xEE99, 0xFEB9, 0xFEDA, 0xFEBA,
    0xEE79, 0xD5F8, 0x6AAD, 0x5C34, 0x7DFC, 0x7579, 0x7DBA, 0x7DBA, 0x7DBA, 0x757A, 0x6D59, 0x6D59,
    0x6D59, 0x6D7A, 0x6D7A, 0x6D9A, 0x759A, 0x75BA, 0x75BA, 0x759A, 0x7579, 0x759A, 0x7DBA, 0x7DBA,
    0x7DDA, 0x64D7, 0x5475, 0x5CB6, 0x6D38, 0x7DB9, 0x85FB, 0x861B, 0x85FA, 0x861B, 0x85FA, 0x7DDA,
    0x75BA, 0x75BA, 0x85FB, 0x85FA, 0x7DB9, 0x7599, 0x85FA, 0x861B, 0x8E1B, 0x965C, 0x965B, 0x861A,
    0x7DB8, 0x963A, 0xA69C, 0x9E3A, 0x961A, 0x8DD9, 0x8DD9, 0x8DD9, 0x7D98, 0x961A, 0x963A, 0x9619,
    0xA65A, 0xA65A, 0xA67C, 0x967C, 0x7598, 0x6D57, 0x7D97, 0x9619, 0x9E3A, 0xA6BC, 0xAF1E, 0xA6DD,
    0x85D9, 0x95F9, 0x9E5A, 0xC79F, 0xA6DD, 0xA67C, 0xB69C, 0xB65A, 0xBE7B, 0xBE9B, 0xBE7B, 0x9597,
    0x8D56, 0x8D77, 0x8536, 0x9597, 0xBE9B, 0xAE5A, 0x8D56, 0x9597, 0xA5F8, 0x9576, 0x9576, 0x9D97,
    0x84D4, 0x84B4, 0x7452, 0xB69B, 0xD7BF, 0xCF1D, 0xBEBC, 0xB65A, 0xBEBB, 0xC73D, 0xB69B, 0x84B4,
    0x8473, 0x9515, 0xB639, 0xB639, 0xAE39, 0xB639, 0xB63A, 0xB67B, 0xB6DD, 0xBF1E, 0xBF5E, 0xBF1D,
    0x95F9, 0xAE9C, 0x8DD8, 0xAEBC, 0xAEDD, 0x7D57, 0x7515, 0x4BD1, 0x9D56, 0x5CD5, 0x6D57, 0x7558,
    0x5CB5, 0x4C54, 0x4C74, 0x5C94, 0x6494, 0x5C74, 0x6495, 0x6C95, 0x6474, 0x5C33, 0x4BD2, 0x43B1,
    0x9E9B, 0x969B, 0x9EFD, 0x863A, 0x6C91, 0x74D2, 0x7513, 0x6C71, 0x7554, 0xAFFF, 0xA7DF, 0x9F9F,
    0x86BC, 0x75BA, 0x64F9, 0x6D79, 0x9EDC, 0xA6DC, 0x9E9B, 0x8E5B, 0x6474, 0x6454, 0x9EBD, 0xDF5E,
    0xF7FF, 0xD71D, 0xB61B, 0xBE5B, 0x8D57, 0x7E1B, 0x8E3C, 0x8E1B, 0x861B, 0x75DA, 0xA514, 0xFE9A,
    0xFEBA, 0xFE59, 0xD5B7, 0x8473, 0x9472, 0xDDB7, 0xF6BA, 0xF6FB, 0xFEFB, 0xF699, 0xEE99, 0xF6FB,
    0xF6FB, 0xF6DA, 0xCCF3, 0xED76, 0xED76, 0xED76, 0xED76, 0xED76, 0xED76, 0xED76, 0xED75, 0xED55,
    0xD4D3, 0xC558, 0x5A90, 0xA4B6, 0xEEBF, 0xE67E, 0xACD8, 0xD63C, 0xC59A, 0xC599, 0xAC95, 0x93D3,
    0xCD56, 0xF699, 0xFEFA, 0xFF7B, 0xFF3B, 0xD5D7, 0x9C13, 0x72D0, 0x520F, 0x5A4F, 0x8351, 0xB493,
    0xD5B6, 0xF699, 0xFF9C, 0xFFFE, 0xFFFD, 0xFF7B, 0xFF5B, 0xFF3B, 0xFF1A, 0xFEDA, 0xF6B9, 0xF699,
    0xF678, 0xFF1B, 0xEE99, 0x64B6, 0x7DBB, 0x7579, 0x7579, 0x6D79, 0x6D5A, 0x6D59, 0x6D79, 0x6D7A,
    0x6D7A, 0x759A, 0x75BA, 0x75BA, 0x75BA, 0x75BA, 0x759A, 0x757A, 0x75BA, 0x7DDA, 0x7DBA, 0x7DDA,
    0x6D18, 0x5454, 0x5455, 0x64D6, 0x7DDA, 0x7DDA, 0x7DDA, 0x85DA, 0x7DB9, 0x8E1B, 0x85DA, 0x7DDA,
    0x8E5C, 0x863C, 0x7DFB, 0x7DDA, 0x85FA, 0x7DDA, 0x8E1B, 0x967C, 0x965B, 0x8619, 0x7DB8, 0x7DB8,
    0x85D8, 0x961A, 0x95F9, 0x95D8, 0x9619, 0x963A, 0x8E19, 0x9E5B, 0x85D9, 0x9619, 0xA65A, 0xA67B,
    0xA6BC, 0x965B, 0x861A, 0x85B8, 0x9619, 0xA69B, 0xAEDC, 0x967B, 0x7DB9, 0x8E3A, 0xAEDD, 0xAEFD,
    0x965B, 0x8E1A, 0xA6FD, 0xB6FD, 0xAE3A, 0xB65A, 0xBE7B, 0xC6BC, 0xBE7B, 0x9DB8, 0x8D56, 0x9DD8,
    0xB67B, 0xBE9C, 0xC6FC, 0xCF5E, 0xC73D, 0xA5F9, 0x9DD8, 0xB67A, 0xCEFC, 0xA5B7, 0xADF9, 0xBE7B,
    0x8D15, 0x84B4, 0x9D97, 0xC6DC, 0xB597, 0xBE19, 0xCF1D, 0xBE9B, 0xAE19, 0xB67A, 0xB65A, 0x9D77,
    0xAE3A, 0xB6BC, 0xBEFD, 0xC75E, 0xC75E, 0xBF5E, 0xBF5E, 0xBF3E, 0xB6FD, 0xAE7B, 0xA619, 0x9DB8,
    0x84F5, 0xAE9C, 0xA6BC, 0x64F5, 0x43F1, 0x43B0, 0x5C11, 0x5453, 0xBE9B, 0xB67B, 0x8D77, 0x5CB4,
    0x5C94, 0x5453, 0x4C53, 0x5453, 0x6CD5, 0x6CF6, 0x6CD5, 0x6474, 0x5C33, 0x5C13, 0x5C13, 0x5C13,
    0x9E9A, 0x9E9B, 0x969B, 0x9F1D, 0x86DB, 0x74D2, 0x7492, 0x7D13, 0x6C51, 0x85F7, 0x971D, 0x7DDA,
    0x759A, 0x75DA, 0x8E1B, 0x8E3B, 0x965B, 0x8E3B, 0x7DD9, 0x861B, 0x7D78, 0x5BB1, 0x963A, 0xEFBE,
    0xF7FF, 0xD6FD, 0xBE3B, 0xBE5B, 0x8557, 0x863B, 0x8E1B, 0x85FB, 0x863C, 0x8578, 0xB4B2, 0xDDD7,
    0xCD76, 0x7494, 0x5412, 0xB555, 0xFE7A, 0xF659, 0xF639, 0xFE9A, 0xE5D7, 0xEE38, 0xF71B, 0xFF1B,
    0xF6FB, 0xE5F7, 0x9C72, 0xE535, 0xED96, 0xED76, 0xED76, 0xED76, 0xED76, 0xED76, 0xED55, 0xE555,
    0xF575, 0xCD37, 0xA4D9, 0xCDBB, 0xEEBF, 0xEE9F, 0xD61D, 0x7B53, 0xCD15, 0xEDB7, 0xF5D7, 0xFEDA,
    0xFF5C, 0xFF1B, 0xEE79, 0xB4B4, 0x72F0, 0x520E, 0x41CD, 0x41CC, 0x520D, 0x7B30, 0x8B71, 0x8371,
    0x8371, 0x9413, 0x8BF3, 0x7B50, 0x8370, 0x8BF1, 0xA453, 0xB4F4, 0xC576, 0xD5F7, 0xEE79, 0xF6DA,
    0xFEFA, 0xFF1A, 0xFF1B, 0x8C10, 0x657A, 0x6D7A, 0x6D59, 0x6D79, 0x6D7A, 0x6D7A, 0x6D7A, 0x759A,
    0x75BA, 0x7DBA, 0x7DBB, 0x7DBA, 0x7DBA, 0x75BA, 0x759A, 0x7579, 0x7DBA, 0x7DB9, 0x7DB9, 0x7558,
    0x5454, 0x4C54, 0x5475, 0x7578, 0x7DDA, 0x7DDA, 0x7DDA, 0x7599, 0x7DB9, 0x85FA, 0x85FA, 0x861B,
    0x861B, 0x861C, 0x863C, 0x85FB, 0x8E3B, 0x965C, 0x967B, 0x85FA, 0x8E1A, 0x965A, 0x8E1A, 0x963B,
    0x95F9, 0x95F9, 0x9E5A, 0x965A, 0x8E1A, 0x963A, 0x9E7B, 0xA67B, 0xAE7B, 0xAEBC, 0x9EBC, 0x8E5B,
    0x7556, 0x64D4, 0x7D98, 0x9E7B, 0xB71D, 0xAF1D, 0xAF3E, 0xA6DD, 0x7578, 0x8DFA, 0xAEFD, 0xAEFE,
    0x967B, 0x9E3A, 0xBF3D, 0xB65A, 0xBE9B, 0xC6BC, 0xBE7B, 0x9DD8, 0x74B4, 0x7CF6, 0xB67A, 0xAE39,
    0xAE5A, 0xC73D, 0xCF3D, 0xAE5A, 0x9D97, 0xAE5A, 0xB67B, 0xBE9B, 0xB65A, 0xAE7B, 0xBF1D, 0x9E1A,
    0x9D57, 0xADB7, 0xC6DC, 0xB596, 0xB5D8, 0xC69B, 0xB5B7, 0xA576, 0x8493, 0x8473, 0x8C93, 0xB67B,
    0xBEFD, 0xA5D8, 0xB69B, 0xB6DC, 0xB69B, 0xB6BB, 0xAE5B, 0xAE3A, 0xAE19, 0xAE39, 0xAE3A, 0xA619,
    0xB6FD, 0xAE7B, 0x7473, 0x4370, 0x3BB0, 0x4C32, 0x64D4, 0x6D15, 0x5CB4, 0x6CD5, 0xA5B8, 0xB619,
    0xB5F9, 0x7D16, 0x4C94, 0x6D16, 0x7D37, 0x6CF6, 0x6495, 0x5C54, 0x5C33, 0x5C13, 0x5BF3, 0x53D2,
    0x9E7A, 0x9EBB, 0x9EDB, 0x96BC, 0x975E, 0xA7BE, 0x8554, 0x7492, 0x7D14, 0x6C51, 0x7577, 0x8E9D,
    0x9EBD, 0x969C, 0x7DBB, 0x6D5A, 0x75BA, 0x863A, 0x85F9, 0x7DD9, 0x865C, 0x5C54, 0x7D37, 0xFFFF,
    0xF7FF, 0xD6FD, 0xBE5C, 0xB61A, 0x7D99, 0x863C, 0x85FB, 0x861B, 0x861B, 0x7DFB, 0xB556, 0xEDF7,
    0xACD3, 0x8CB4, 0xEE18, 0xFE79, 0xF659, 0xF639, 0xE5D7, 0xBCB2, 0xCD35, 0xFEBA, 0xF6BA, 0xDE38,
    0xDE18, 0xE596, 0x6517, 0x8CF5, 0xF534, 0xED96, 0xED76, 0xED76, 0xED75, 0xED76, 0xED75, 0xED76,
    0xDCF4, 0xD619, 0xCDDC, 0xCDFB, 0xCDDB, 0xC579, 0xC558, 0x9C14, 0xF618, 0xFEBA, 0xFEDA, 0xDE18,
    0xACB3, 0x8390, 0x5A4D, 0x398B, 0x292A, 0x2929, 0x396B, 0x49ED, 0x522E, 0x51ED, 0x51ED, 0x628F,
    0x72D0, 0x624E, 0x49AC, 0x49AC, 0x418B, 0x394B, 0x394A, 0x310A, 0x3109, 0x3149, 0x41AA, 0x5A2C,
    0x7B6F, 0xAC93, 0xD658, 0xE533, 0x84B5, 0x657A, 0x6D7A, 0x6D7A, 0x6D7A, 0x759A, 0x7DBA, 0x7DBA,
    0x7DBA, 0x7DDA, 0x75BA, 0x75BA, 0x75BA, 0x759A, 0x7579, 0x7599, 0x7D99, 0x7D99, 0x7D99, 0x5C75,
    0x4C34, 0x5455, 0x64F7, 0x75DA, 0x75B9, 0x7DDA, 0x85FB, 0x85FA, 0x7599, 0x6D58, 0x7DDA, 0x861B,
    0x7E1B, 0x8E7D, 0x96BE, 0x969D, 0x969C, 0x8E7B, 0x8E3A, 0x85F9, 0x963A, 0x8DF9, 0x8DF9, 0x8E3A,
    0x9E9B, 0x967B, 0x85FA, 0x85D9, 0x85B8, 0x9E5A, 0xAEBC, 0xAEBB, 0x9E9B, 0x8E3A, 0x7577, 0x6CF4,
    0x7535, 0x8DF9, 0xAF1D, 0xBF7F, 0xBF5F, 0xAEFD, 0xAEFE, 0xA6BD, 0x9E9C, 0x9EBD, 0xA6DE, 0xAEDD,
    0xB6BC, 0xC73D, 0xCF5E, 0xC6BC, 0xAE3A, 0x9597, 0x7D15, 0x6C73, 0x6C72, 0x8535, 0x8D56, 0x9DF9,
    0xB6BB, 0x9DD8, 0x9576, 0x8D56, 0x8D56, 0x9D97, 0xB65A, 0xC71E, 0xA65B, 0x9E3A, 0xA65A, 0xB63A,
    0xBDF8, 0xC6BB, 0xC6FC, 0xBDF8, 0xCF9F, 0xD75E, 0xBDF8, 0x9D56, 0x9577, 0xADF9, 0xAE5A, 0xC71D,
    0xA5D8, 0x9515, 0x8CF5, 0x84B4, 0x9536, 0xADF9, 0xB65A, 0xAE5A, 0xAE5A, 0xAE3A, 0xAE3A, 0xB71D,
    0xAEBC, 0x9D98, 0x9D98, 0x84F6, 0x6474, 0x64B4, 0x5CB4, 0x4C33, 0x4412, 0x3BF2, 0x3BF2, 0x74D5,
    0xAE19, 0x95D9, 0x6516, 0x64F6, 0x74F6, 0x74F6, 0x6495, 0x6454, 0x5BF3, 0x53D2, 0x53B2, 0x53B1,
    0x9E7A, 0xA69A, 0xA6BB, 0x9EDC, 0x9EFC, 0x9F9E, 0x9EFD, 0x7D75, 0x74B2, 0x7CF3, 0x74B2, 0x8E5A,
    0x965C, 0x7DBA, 0x75BA, 0x7DFB, 0x7DFA, 0x863A, 0x8E9B, 0x863A, 0x865C, 0x64D6, 0x8494, 0xFFFF,
    0xF7FF, 0xCEDC, 0xBE5B, 0xB5F9, 0x6CD5, 0x865B, 0x861B, 0x7DFB, 0x85FB, 0x861C, 0x7D58, 0xF5F7,
    0xFEBB, 0xFE9A, 0xFE7A, 0xEE38, 0xD596, 0xCD56, 0xA40E, 0xB4B0, 0xDDD6, 0xDDB7, 0xC514, 0xD596,
    0xF618, 0x94F5, 0x7E5C, 0x7E5C, 0x94F5, 0xF596, 0xED76, 0xED55, 0xED76, 0xED76, 0xED55, 0xED75,
    0xD4B3, 0xDE9C, 0xE6BE, 0x8395, 0x93F4, 0xE5D6, 0xF5D7, 0xFE9A, 0xE5B7, 0xA452, 0x62CE, 0x41AB,
    0x2929, 0x314A, 0x41CB, 0x520B, 0x72EE, 0xA432, 0xB4F5, 0xC556, 0xDDD7, 0xE69A, 0xEEFB, 0xF6FA,
    0xEE79, 0xE678, 0xEE78, 0xE638, 0xE5F7, 0xDDB6, 0xCD55, 0xBCD4, 0xA452, 0x8B90, 0x72CE, 0x520B,
    0x3949, 0x20A7, 0x3949, 0x7AEF, 0xDD33, 0x6CF6, 0x75BB, 0x759A, 0x7DBA, 0x7DBA, 0x7DDB, 0x7DBA,
    0x75BA, 0x75BB, 0x7DDB, 0x7DFC, 0x75BB, 0x759A, 0x7579, 0x7DB9, 0x7D99, 0x7DB9, 0x64F7, 0x4C14,
    0x4C55, 0x5475, 0x6D58, 0x75B9, 0x7DFA, 0x75B9, 0x85FA, 0x8E1B, 0x7DDA, 0x861B, 0x863C, 0x96FF,
    0x9F3F, 0x9EFF, 0x8EBE, 0x7DFA, 0x8E5B, 0x8E5B, 0x9E9C, 0x9E7B, 0x961A, 0x961A, 0x963A, 0x965B,
    0x8E3A, 0x85D8, 0x961A, 0xA67B, 0xAEBB, 0xAEBC, 0x9E9C, 0x861A, 0x7598, 0x963A, 0xA69B, 0xA6BC,
    0xAF3E, 0xB75F, 0xBF7F, 0xAF1E, 0x965B, 0x85D9, 0x9E9C, 0xAF1E, 0xB75F, 0xBF5F, 0xBF3F, 0xC73F,
    0xCF3E, 0xD79F, 0xB67B, 0x8D56, 0x7CD4, 0x7CD4, 0x7493, 0x84F4, 0xA619, 0xA65A, 0xB6DC, 0xAE5A,
    0x9577, 0xA5D8, 0x9D97, 0x8D15, 0x9556, 0x9597, 0xA65B, 0xAE9C, 0xA63B, 0xB63A, 0xC65A, 0xC67A,
    0xBDD8, 0xBE39, 0xCF1D, 0xD77E, 0xCF5D, 0xBEBB, 0xADF8, 0xAE39, 0xBE9B, 0xBE7A, 0x8CF5, 0x8452,
    0x8452, 0x8493, 0x84D4, 0x8D36, 0x9556, 0x9D98, 0xAE3A, 0xB65A, 0xAE19, 0xAE5B, 0xB71E, 0xAE9B,
    0xA5D8, 0xA5B8, 0xA5D9, 0xA5D9, 0x9597, 0x7CF5, 0x6C94, 0x6473, 0x5C53, 0x5412, 0x5474, 0x5CF5,
    0x7557, 0x7D77, 0x6D16, 0x64F6, 0x7516, 0x6CB5, 0x5C13, 0x53D2, 0x53B2, 0x53D2, 0x53B2, 0x53D2,
    0xA679, 0xA69A, 0xA6BA, 0xA6DB, 0x9EFC, 0x975E, 0x96DC, 0xA75E, 0x96BA, 0x74D3, 0x74D3, 0x7492,
    0x7DD9, 0x8E9C, 0x8E3B, 0x861B, 0x7DDA, 0x863A, 0x96DB, 0x8E7A, 0x8639, 0x7598, 0x9556, 0xFFFF,
    0xF7FF, 0xD6FD, 0xC69C, 0xBE3A, 0x6494, 0x5CD6, 0x7DDA, 0x863C, 0x861B, 0x861B, 0x865C, 0x9556,
    0xD575, 0xDDB7, 0xCD55, 0xBD14, 0xDDB6, 0xFE7A, 0xEE17, 0xC551, 0xA42D, 0xB4B2, 0xF659, 0xFE38,
    0x8CD5, 0x6DBB, 0x7DFB, 0x759A, 0x6DDB, 0x9556, 0xF596, 0xED76, 0xE555, 0xED75, 0xE555, 0xF575,
    0xCCB4, 0xE6FD, 0xCE1B, 0x9435, 0xB495, 0xFE9A, 0xE5F8, 0x730F, 0x3189, 0x39AA, 0x39AA, 0x39AA,
    0x6ACE, 0xC535, 0xEE38, 0xFEFA, 0xFF3B, 0xFF3B, 0xFF3B, 0xFF9C, 0xFFDE, 0xFF7C, 0xFEFA, 0xF6DA,
    0xFEFA, 0xFEFA, 0xFEFA, 0xFF1A, 0xFF1A, 0xFF1A, 0xFF1A, 0xFF3A, 0xFF1B, 0xFF1A, 0xFEFA, 0xF6B9,
    0xE638, 0xC535, 0x9C11, 0x41AB, 0xC493, 0xCD34, 0x6539, 0x7DDB, 0x7DBA, 0x75BA, 0x759A, 0x759A,
    0x75BA, 0x7DFC, 0x7E1C, 0x75DB, 0x7579, 0x7599, 0x85BA, 0x85BA, 0x7DBA, 0x7578, 0x5454, 0x4C34,
    0x4C14, 0x64F6, 0x861B, 0x85FB, 0x85FA, 0x85FA, 0x8E3B, 0x8E5C, 0x8EBD, 0x9F1F, 0xA73F, 0x96DE,
    0x865C, 0x8E7D, 0x96BE, 0x867D, 0x969D, 0x969C, 0x9E9B, 0x9EBC, 0x9E9C, 0x9E9C, 0x9E7B, 0x965A,
    0x9E5B, 0xA67B, 0xAE9B, 0xAE7B, 0x963A, 0x861A, 0x75D9, 0x861A, 0xA6FD, 0xB73E, 0xB77F, 0xBF7F,
    0xB75F, 0xB73E, 0x9E5B, 0x7DB8, 0x85D9, 0x9E9C, 0x9E7C, 0xB6FD, 0xBEFD, 0xBEFE, 0xC73F, 0xC73F,
    0xBEBC, 0x9E19, 0x8515, 0xA619, 0xAE5A, 0x7CB3, 0x7CD4, 0x9E1A, 0xB6DC, 0xC75F, 0xBEFD, 0x95B9,
    0xA619, 0xBE9B, 0xADF9, 0xA5F9, 0x95B8, 0x9E1A, 0xA65B, 0xB65A, 0xC67B, 0xCEBC, 0xCEBC, 0xC65A,
    0xC619, 0xC5F8, 0xBDF8, 0xAD96, 0x94D4, 0x9D55, 0xB5F8, 0xBE7A, 0xC6FD, 0xA5F8, 0x7C93, 0x8CF4,
    0x9556, 0x9DB8, 0xA619, 0xAE3A, 0xAE7B, 0xA65A, 0x9D98, 0x9D98, 0xB6DC, 0xB6FD, 0xAE3A, 0xA5B8,
    0xA5D9, 0xA5F9, 0xA5F9, 0xA5D8, 0xA5D8, 0x9597, 0x74B4, 0x6C94, 0x74F5, 0x8557, 0x8578, 0x7557,
    0x6D57, 0x6D57, 0x5D16, 0x5474, 0x6433, 0x5BF2, 0x53D2, 0x53D2, 0x53D2, 0x53D2, 0x53B2, 0x53B2,
    0xA679, 0xA699, 0xA6BA, 0xA6DB, 0xA6DC, 0x9F5D, 0x9F5D, 0x9EBB, 0x96BC, 0x8E7B, 0x7D96, 0x7CF3,
    0x7491, 0x8E19, 0x8E5C, 0x7DBA, 0x861A, 0x8E9B, 0x8E7B, 0x8E3A, 0x8E3A, 0x7DF9, 0xA619, 0xFFFF,
    0xFFFF, 0xDF1D, 0xC67B, 0xB619, 0x8DFA, 0x9EFD, 0xA73E, 0x96DD, 0x861B, 0x865C, 0x8E7C, 0x867D,
    0x74F6, 0xD555, 0xEDF7, 0xFE59, 0xFE9A, 0xE5D7, 0xA453, 0x420D, 0xACB3, 0xFEBB, 0xF618, 0x84D5,
    0x659B, 0x7DDB, 0x75DB, 0x75FB, 0x7DFB, 0x6DDB, 0x8516, 0xED95, 0xED76, 0xE555, 0xED55, 0xF575,
    0xC4D3, 0x8C36, 0x9C38, 0x9C34, 0xFE79, 0xBCF5, 0x2948, 0x18C7, 0x39AA, 0x41EB, 0x41EB, 0xAC93,
    0xFEDA, 0xFF1B, 0xF6FB, 0xF6BA, 0xF699, 0xF6DA, 0xFF5C, 0xF75C, 0xF6DA, 0xF6BA, 0xF6DA, 0xF6DA,
    0xF6DA, 0xF6DA, 0xF6DA, 0xF6DA, 0xF6B9, 0xF6B9, 0xF6B9, 0xF699, 0xF699, 0xF699, 0xF699, 0xF6B9,
    0xF6D9, 0xFEDA, 0xFF9D, 0xD5D7, 0xCC30, 0xFDD6, 0x9CB3, 0x659B, 0x759A, 0x759A, 0x75BA, 0x75BB,
    0x75BA, 0x75BA, 0x759A, 0x7D9A, 0x85DA, 0x8E1B, 0x85FA, 0x7DBA, 0x7599, 0x5C75, 0x43F3, 0x4BF3,
    0x5CD6, 0x863C, 0x8E5C, 0x861B, 0x8E7C, 0x8E7D, 0x8EBE, 0x9F3F, 0x9F3F, 0x96DE, 0x861B, 0x85FA,
    0x861B, 0x969D, 0x9F1F, 0xAF7F, 0xA71F, 0xA6DD, 0x9E9C, 0x967B, 0x9E7B, 0xA6BC, 0xA6BC, 0xA6BC,
    0xAEBC, 0xA65A, 0x95F9, 0x7D98, 0x7E1A, 0x9F1E, 0xA71D, 0xAF3E, 0xB75F, 0xB73F, 0xAF3E, 0xAF1E,
    0xA6DD, 0x85B8, 0x85B9, 0x9E9C, 0xAEFE, 0xB6DD, 0xB6BD, 0xB6BD, 0xBEFE, 0xBEFE, 0xA65B, 0x8557,
    0x8DD8, 0x7D35, 0x8D36, 0xB67A, 0xBEBB, 0xA65A, 0xB6DD, 0x9E5A, 0xA67B, 0xBF1E, 0x95D9, 0x8D56,
    0xAE19, 0xAE19, 0x95B8, 0xA63B, 0xAE7B, 0xBE9B, 0xC69C, 0xCEDD, 0xCEDC, 0xC67B, 0xC619, 0xC619,
    0xC5F8, 0xAD76, 0x9D35, 0x8CB3, 0x8D15, 0xBE9B, 0xC6DC, 0xD79F, 0xBEDC, 0xAE19, 0xBEDC, 0xBEDC,
    0xBEFC, 0xB6BC, 0xB69B, 0xA63A, 0x9DD8, 0x8D15, 0x9577, 0xAE9B, 0xA63A, 0xA5B8, 0xA5D8, 0xA5F9,
    0xA5F9, 0xA5F9, 0xA5D9, 0xA5D8, 0x9598, 0x9598, 0x9598, 0x8D77, 0x8578, 0x8D98, 0x8DB9, 0x8598,
    0x7D37, 0x6494, 0x53F2, 0x5BF2, 0x63F2, 0x5BF2, 0x5BF2, 0x5BF2, 0x53D2, 0x53D2, 0x4BB1, 0x4BB1,
    0xA679, 0xA6B9, 0xAEBA, 0xAEDB, 0xA6DB, 0xA71D, 0x9F7E, 0x969B, 0x969B, 0x9E7B, 0x9EDD, 0x96BC,
    0x8596, 0x7491, 0x7D36, 0x8E7B, 0x8E7B, 0x7DB9, 0x7DDA, 0x8E5B, 0x8E3A, 0x7E1A, 0xAE9B, 0xFFFF,
    0xFFFF, 0xDF3D, 0xCEBC, 0xC63A, 0xA6BB, 0xAF3E, 0x969C, 0x861B, 0x861B, 0x861B, 0x85FB, 0x861B,
    0x863C, 0x8DB8, 0x9D57, 0x9CD5, 0xB4F2, 0x7B52, 0x39D1, 0x4A31, 0xFE7A, 0xF678, 0x6AD0, 0x4B55,
    0x7E3B, 0x759A, 0x759A, 0x6D9A, 0x75BA, 0x7DFB, 0x6DFC, 0x7D57, 0xDD76, 0xF5B6, 0xE535, 0xED55,
    0xE534, 0x9BB2, 0xA436, 0x8BD5, 0xA432, 0x31AA, 0x39AA, 0x628D, 0x2969, 0x62AE, 0xDDF8, 0xFF1B,
    0xF6B9, 0xF699, 0xF699, 0xF6DA, 0xFF5C, 0xFF7C, 0xF6FB, 0xF6DA, 0xF6DA, 0xF6FA, 0xF6DA, 0xF6DA,
    0xF6DA, 0xF6DA, 0xF6DA, 0xF6DA, 0xF6DA, 0xF6DA, 0xF6B9, 0xF6B9, 0xF6B9, 0xF6B9, 0xF699, 0xF699,
    0xF699, 0xF678, 0xFEBA, 0xE699, 0xD450, 0xE514, 0xF574, 0x7CB5, 0x6DDC, 0x7DBA, 0x7DBB, 0x7DBA,
    0x75BA, 0x7DDB, 0x85FB, 0x85FB, 0x7DDB, 0x7DBA, 0x7599, 0x7599, 0x64D6, 0x43F2, 0x4413, 0x5496,
    0x7E1C, 0x96DE, 0x8E7D, 0x8E9D, 0x96FF, 0x9F3F, 0x9F3F, 0x96DD, 0x863B, 0x7DDA, 0x861A, 0x9E9C,
    0x9E9C, 0xA6DE, 0xAF9F, 0xB7BF, 0xAF3F, 0xA6FD, 0x9EBC, 0x965B, 0xA6BC, 0xAEDD, 0xAEDD, 0xA67B,
    0x961A, 0x85F9, 0x863B, 0x9EFD, 0xB77F, 0xB75F, 0xAF3F, 0xA6DD, 0xA6DD, 0x965B, 0x8DF9, 0xA69C,
    0xA67C, 0x8DFA, 0xA6BD, 0xB6DD, 0xAE7B, 0xB67C, 0xBEBD, 0xB6BD, 0xA65B, 0x95B8, 0x7D36, 0x7D76,
    0x8DF8, 0x8536, 0xAE3A, 0xA63A, 0x9E3A, 0xBF1E, 0xBF1E, 0xB6DD, 0xC73F, 0xAE3A, 0xA5D8, 0xAE3A,
    0x9DD9, 0x95D9, 0xAE7B, 0xBEBC, 0xCEDC, 0xCEFD, 0xCEDD, 0xCE7B, 0xC639, 0xCE39, 0xC5F8, 0xAD76,
    0x94F4, 0xA555, 0xBE39, 0x9535, 0x9D35, 0xA577, 0xAE19, 0xBE7A, 0xB639, 0xC6BB, 0xBE7A, 0xA5D8,
    0xA5F9, 0x9D97, 0x9577, 0x9D77, 0x9516, 0x9DB8, 0xAE7B, 0x9D77, 0x94F5, 0x9556, 0xA5B8, 0xA5F9,
    0xADF9, 0xA5D8, 0xA5D8, 0x9D98, 0x9598, 0x9598, 0x95B8, 0x9E1A, 0x9E1A, 0x8DB8, 0x8537, 0x74B5,
    0x6453, 0x6433, 0x6433, 0x6433, 0x6412, 0x6412, 0x5BF2, 0x53F2, 0x53D2, 0x4BD2, 0x4BB2, 0x4BD2,
    0xAE99, 0xAE99, 0xAEBA, 0xAEDA, 0xAEDB, 0xAEFC, 0x9F7E, 0x9EFD, 0x9EBB, 0x9EDC, 0x9E9B, 0x9EDC,
    0x9EFD, 0x8E5B, 0x7D76, 0x7D96, 0x85FA, 0x861A, 0x865B, 0x865B, 0x8E5B, 0x7E3A, 0xA65A, 0xFFFF,
    0xFFFF, 0xE77D, 0xCEBB, 0xCE7B, 0x8DD9, 0x867C, 0x8E7C, 0x8E5C, 0x861B, 0x85FB, 0x7DDB, 0x861B,
    0x8E9C, 0x865C, 0x6D7A, 0x65DA, 0x7477, 0xA45A, 0x83D4, 0x62D3, 0xCD76, 0x9431, 0x4C33, 0x51F1,
    0x6497, 0x6DDA, 0x75BA, 0x7E1B, 0x7E3B, 0x7E1B, 0x75BB, 0x65BB, 0x6D38, 0xCD76, 0xFDF7, 0xE556,
    0xE535, 0xF575, 0xDCF3, 0xED35, 0x6ACD, 0x528D, 0x93F2, 0x20E7, 0x6B0F, 0xF6DA, 0xFEFA, 0xEE99,
    0xF699, 0xF6B9, 0xFF1B, 0xFF7C, 0xFF1B, 0xF6BA, 0xF6DA, 0xF6DA, 0xF6DA, 0xF6DA, 0xF6DA, 0xF6DA,
    0xF6DA, 0xF6DA, 0xF6DA, 0xF6DA, 0xF6DA, 0xF6DA, 0xF6B9, 0xF6B9, 0xF6B9, 0xF6B9, 0xF699, 0xF699,
    0xF699, 0xF699, 0xFEB9, 0xEEBA, 0xCC71, 0xE4B2, 0xED34, 0xDCF3, 0x6D17, 0x7DFC, 0x7DBA, 0x7DDB,
    0x85FC, 0x861C, 0x7DDB, 0x759A, 0x7599, 0x7579, 0x7558, 0x6D38, 0x4C14, 0x43F3, 0x4C13, 0x6D7A,
    0x867D, 0x8E9D, 0x96DE, 0x971F, 0x9F1F, 0x96BD, 0x861B, 0x7DD9, 0x861A, 0x967C, 0x9E9C, 0xA6DC,
    0x9EBD, 0xA6DD, 0xA71E, 0xA75F, 0xAF7F, 0xAF3E, 0xA6DD, 0xAEDD, 0xAEFD, 0xA69C, 0x963B, 0x861A,
    0x8E7C, 0x9EDE, 0xAF5F, 0xB75F, 0xAF3F, 0xA71E, 0x9E9D, 0x85D9, 0x7DB9, 0x8E1A, 0x9E5B, 0x85F9,
    0x9E5B, 0xA67B, 0xAE3B, 0xB67B, 0xBEBD, 0xB69C, 0x9DF9, 0x8D97, 0x8D98, 0x9619, 0x8D97, 0x963A,
    0xB6BC, 0xC75E, 0xCF5F, 0xA63A, 0xA67B, 0xBF3E, 0xB6DD, 0xB67B, 0xA5F9, 0xAE19, 0xAE3A, 0x95D8,
    0xA65A, 0xC6DC, 0xCEFD, 0xD6FD, 0xD6DD, 0xCE7B, 0xCE39, 0xCE39, 0xCE39, 0xAD76, 0xA576, 0xB5F8,
    0xBE39, 0xBE59, 0xC659, 0xADB7, 0xA5D8, 0xBEDC, 0xBE9B, 0xADF8, 0xB65A, 0xB67A, 0xAE39, 0xAE19,
    0xA5D8, 0x9577, 0x9577, 0x9D76, 0xA5B8, 0xAE3A, 0x9536, 0x9515, 0x9536, 0x9536, 0x9D57, 0xA5B8,
    0x9DB8, 0x9DB8, 0x9D98, 0x9598, 0x9598, 0x9578, 0x9598, 0x95B8, 0x95B8, 0x9577, 0x7CB4, 0x6C74,
    0x6C94, 0x6C74, 0x6433, 0x6412, 0x5BF2, 0x5BF2, 0x53F2, 0x53D2, 0x4BB2, 0x53D2, 0x53D2, 0x53D2,
    0xAE99, 0xAE99, 0xAEBA, 0xAEDA, 0xAEDB, 0xAEFC, 0xA73D, 0x9F7D, 0xA71C, 0xA6FC, 0x9E9C, 0x969B,
    0x8E3B, 0x967B, 0x9F1D, 0x969C, 0x861A, 0x8E5B, 0x7DFA, 0x861A, 0x863A, 0x863B, 0x85F9, 0x9DF8,
    0xE73C, 0xF7DF, 0xD6DB, 0xD6BB, 0x9E19, 0x9F5E, 0x9F5E, 0x96BC, 0x8E5C, 0x8E3B, 0x861B, 0x861B,
    0x861C, 0x861B, 0x7E3B, 0x7D59, 0xA47D, 0xAD77, 0x8C14, 0x6B16, 0x4210, 0x7BF2, 0x6DB8, 0x5374,
    0x5272, 0x7E5B, 0x865C, 0x863C, 0x7E1B, 0x75DA, 0x75DB, 0x75DB, 0x75FB, 0x6559, 0xAD35, 0xFE18,
    0xEDD7, 0xE515, 0xE515, 0xF576, 0xAC12, 0x9433, 0x3169, 0x5AAD, 0xFF1B, 0xF6BA, 0xEE79, 0xF699,
    0xFEFA, 0xFF5C, 0xFF1B, 0xF6BA, 0xF6BA, 0xF6DA, 0xF6DA, 0xF6DA, 0xF6DA, 0xF6DA, 0xF6FA, 0xF6DA,
    0xF6DA, 0xF6DA, 0xF6DA, 0xF6DA, 0xF6DA, 0xF6DA, 0xF6B9, 0xF6B9, 0xF6B9, 0xF6B9, 0xF6B9, 0xF699,
    0xF699, 0xF699, 0xF699, 0xF71B, 0xCC91, 0xE4D2, 0xDCB2, 0xF574, 0xBCB2, 0x6D9A, 0x7DDB, 0x7E3D,
    0x86BF, 0x75DB, 0x6D59, 0x6D79, 0x7579, 0x7578, 0x7558, 0x5C74, 0x4BF3, 0x4C14, 0x5434, 0x7DB9,
    0x8E9D, 0x9EFE, 0x9F1F, 0x969D, 0x861B, 0x7DBA, 0x85FA, 0x963B, 0x9E9C, 0x9EBC, 0xA6BC, 0xA6DD,
    0xA6DD, 0x9EBD, 0xA71E, 0xAF9F, 0xB7DF, 0xB79F, 0xAF1F, 0xA6BD, 0x8E1A, 0x861A, 0x863B, 0x8E7C,
    0x96BD, 0xA6DD, 0xAF1F, 0xA6FE, 0x8E3B, 0x8E3B, 0x85D9, 0x85B9, 0x7537, 0x8598, 0x9E3B, 0xA65B,
    0xAE5B, 0xAE5B, 0xBE9C, 0xB69C, 0x9DD9, 0x95B8, 0x9E19, 0x9E3A, 0xBF3E, 0xBF1D, 0xBEDC, 0xCFBF,
    0xCF5E, 0xB69B, 0xA61A, 0xBF3E, 0xBF5F, 0xAE5B, 0x9577, 0x9556, 0xA5F8, 0x9597, 0x9DF9, 0xBEBC,
    0xCE9B, 0xCE9B, 0xDF5F, 0xDF5F, 0xDF3E, 0xCE5A, 0xCE5A, 0xBDD8, 0x9D15, 0xADB7, 0xD6DB, 0xCEBB,
    0xADF8, 0x9D56, 0xADD8, 0xCEFD, 0xC71D, 0xBEBC, 0xBE7A, 0xC69B, 0xBE9B, 0xAE39, 0x9D97, 0x9D97,
    0x9D97, 0x9D98, 0x8D36, 0x9D97, 0xA5D8, 0x9536, 0x9536, 0x9D56, 0x9536, 0x9516, 0x9515, 0x9516,
    0x9557, 0x9D77, 0x9577, 0x9598, 0x9598, 0x9577, 0x8D57, 0x8D36, 0x8D16, 0x9598, 0xA65B, 0x95D8,
    0x7494, 0x6433, 0x6413, 0x5BF2, 0x5BF2, 0x53F2, 0x53D2, 0x53D2, 0x53D2, 0x53B1, 0x53B2, 0x4B92,
    0xAE78, 0xAE78, 0xB6BA, 0xB6DB, 0xAEDB, 0xAF1C, 0xAF3C, 0xA77E, 0xAF9E, 0xA75D, 0x9EDB, 0x965B,
    0x963B, 0x967C, 0x967B, 0x969B, 0x8E9C, 0x8E3B, 0x861B, 0x8E1A, 0x8E5A, 0x8E3A, 0x865B, 0x75D9,
    0x63F2, 0xBE59, 0xEF7D, 0xE71C, 0xB67A, 0x975D, 0x8E9C, 0x8E7C, 0x8E7C, 0x861B, 0x85FB, 0x85FB,
    0x85FB, 0x8E7C, 0x7579, 0xACBD, 0x7C79, 0xC6FA, 0x9C98, 0x6AF6, 0x5AB2, 0x8472, 0x6D9A, 0x759A,
    0x41B0, 0x757A, 0x7E3C, 0x6D9A, 0x75DB, 0x7E3B, 0x7E1B, 0x75BB, 0x6D99, 0x6DBA, 0x5D7A, 0x84F5,
    0xE5B7, 0xFE18, 0xE576, 0xE514, 0xFD75, 0x72EE, 0x39CB, 0xEEBA, 0xF6B9, 0xEE79, 0xF6FA, 0xFF3C,
    0xFF3B, 0xF6BA, 0xF699, 0xF6DA, 0xF6DA, 0xF6DA, 0xF6DA, 0xF6DA, 0xF6DA, 0xF6DA, 0xF6FA, 0xF6FA,
    0xF6DA, 0xF6DA, 0xF6DA, 0xF6DA, 0xF6DA, 0xF6DA, 0xF6B9, 0xF6B9, 0xF6B9, 0xF6B9, 0xF6B9, 0xF699,
    0xF699, 0xF699, 0xF698, 0xF71B, 0xCD13, 0xE492, 0xE4D3, 0xDCD2, 0xF554, 0x9494, 0x6DBB, 0x75BA,
    0x6DBA, 0x6D58, 0x6D58, 0x7579, 0x7D78, 0x7D99, 0x64D6, 0x4BF3, 0x4C34, 0x5474, 0x7D99, 0x9F1E,
    0x9EFF, 0x8E7C, 0x85DA, 0x85DA, 0x85FA, 0x963B, 0x9E9C, 0xA6DD, 0x9E7B, 0xA6DD, 0x9EBC, 0x965A,
    0x9EBC, 0x9EDD, 0xAF3E, 0xBFBF, 0xB7FF, 0xAF9F, 0x969D, 0x863B, 0x8E9C, 0x8E5B, 0x8E5B, 0x8E3B,
    0x9EBD, 0x967C, 0x9EBD, 0x965B, 0x85B8, 0x961A, 0x8DB9, 0x961A, 0x9E5B, 0xA65B, 0xAE5B, 0xB67C,
    0xBEBD, 0xB69C, 0x95D8, 0x8536, 0x8576, 0x8DD9, 0x9E5B, 0xB6DD, 0xC75E, 0xC73E, 0xCF9F, 0xBEBC,
    0xA5B8, 0xA5F9, 0xB6DC, 0xC73E, 0xAE5A, 0x9556, 0x9DB7, 0xA5D8, 0xC67B, 0xBE59, 0xC67B, 0xCE9B,
    0xD6FD, 0xDF7F, 0xDF9F, 0xDF9F, 0xD6DC, 0xBDD8, 0x9D35, 0xA576, 0xBE39, 0xCE9B, 0xCEBB, 0xB5F8,
    0xADF8, 0xB63A, 0xC6FD, 0xBEDC, 0xB69C, 0xB67B, 0xA5F9, 0xB659, 0xB619, 0x9D77, 0x8D35, 0x9576,
    0x9536, 0x9D77, 0xA5D8, 0xA5F9, 0x8CF5, 0x9D35, 0x9D56, 0x9536, 0x9515, 0x9515, 0x8CF5, 0x8CD5,
    0x8CD5, 0x9536, 0x9557, 0x9557, 0x9577, 0x9557, 0x8D36, 0x9578, 0xA65B, 0x9E5B, 0x9598, 0x9556,
    0x8D36, 0x7474, 0x63F2, 0x5BF2, 0x53F2, 0x53F2, 0x53D2, 0x5BD2, 0x53D2, 0x4B91, 0x4350, 0x4351,
    0xAE78, 0xAE78, 0xAE99, 0xB6FA, 0xB6FB, 0xAF1B, 0xAF1C, 0xA75D, 0xA77D, 0xA6BB, 0xA6FC, 0x9E7B,
    0x965B, 0x967C, 0x9E7C, 0x969B, 0x965B, 0x8E5B, 0x8E5A, 0x861A, 0x8E5A, 0x8E7A, 0x863A, 0x8EDB,
    0x7516, 0x6473, 0xCEFB, 0xEF7D, 0xC69A, 0x7DF9, 0x867B, 0x8E9C, 0x863B, 0x7E1B, 0x865B, 0x7E1B,
    0x85FB, 0x7E3B, 0x94FB, 0xB4DD, 0x64F7, 0xEFBE, 0x9CB8, 0x6AF7, 0x7373, 0x8CF4, 0x75DA, 0x8E9C,
    0x4A31, 0x5BD5, 0x763B, 0x7E1B, 0x7E1C, 0x75BA, 0x6D9A, 0x6D7A, 0x6D9A, 0x759A, 0x7DDB, 0x763C,
    0x8598, 0xC556, 0xFE18, 0xF5F8, 0xF5F7, 0x7B0E, 0x9432, 0xFF1B, 0xEE99, 0xFF3C, 0xFF3B, 0xF6BA,
    0xF699, 0xF6BA, 0xF6BA, 0xF6BA, 0xF6DA, 0xF6DA, 0xF6DA, 0xF6DA, 0xF6DA, 0xF6DA, 0xF6DA, 0xF6FA,
    0xF6DA, 0xF6DA, 0xF6DA, 0xF6DA, 0xF6DA, 0xF6DA, 0xF6B9, 0xF6B9, 0xF6B9, 0xF6B9, 0xF6B9, 0xF6B9,
    0xF699, 0xF699, 0xF679, 0xFF1B, 0xCD75, 0xDC71, 0xE4F3, 0xE4D2, 0xE513, 0xE4F2, 0x6CB6, 0x6D9A,
    0x6D38, 0x6D58, 0x7D99, 0x7D99, 0x7D99, 0x7558, 0x5454, 0x5454, 0x5CB6, 0x7579, 0x8EBD, 0x8E7C,
    0x85FA, 0x7DB9, 0x7DDA, 0x8E1A, 0x965B, 0x9E9C, 0x9E9C, 0xA6DD, 0xA6DC, 0x9E9C, 0x965A, 0x9E9B,
    0xA6DD, 0xAEDD, 0xAEFE, 0xA71E, 0xA75F, 0xA77F, 0xA75F, 0x96FF, 0x9EFE, 0xA6BD, 0xA6DD, 0xAF3F,
    0xAF3F, 0xA6BD, 0x9E5B, 0x85B9, 0x95F9, 0x8DDA, 0x9E5B, 0xAE7C, 0xAE5B, 0xB65B, 0xB69C, 0xAE9C,
    0x9E1A, 0x8DB8, 0x95B8, 0x95B7, 0x9E1A, 0x9E1A, 0xAEBD, 0xBEFD, 0xAE5B, 0xAE3A, 0xB6BB, 0xB63A,
    0xC6DC, 0xCF3E, 0xC71D, 0xA5D8, 0x9535, 0x9D97, 0xB619, 0xC639, 0xC65A, 0xCEDC, 0xDF5E, 0xDF9F,
    0xDF9F, 0xDF9F, 0xD6FD, 0xBE19, 0xAD97, 0xA576, 0xB5F8, 0xC67A, 0xC67A, 0xB619, 0xA5B7, 0xADF8,
    0xB67B, 0xC71D, 0xCF3D, 0xC6DC, 0xBE9B, 0xB63A, 0xA5F8, 0xA5D8, 0xA5D8, 0x9D97, 0x8D15, 0x9536,
    0x9D56, 0xB65A, 0xAE19, 0x9536, 0x8D16, 0x9515, 0x9D56, 0x9535, 0x9515, 0x8CF5, 0x8CF5, 0x84D5,
    0x84B4, 0x84B4, 0x8CF5, 0x8D36, 0x9516, 0x9557, 0x9DFA, 0xA67C, 0x9DD9, 0x8516, 0x84F6, 0x7D16,
    0x8516, 0x8D57, 0x7CD5, 0x5C13, 0x5BD2, 0x6413, 0x5BF2, 0x4BB1, 0x4370, 0x3B50, 0x4391, 0x5C33,
    0xAE98, 0xAE98, 0xB698, 0xB6DA, 0xBEFA, 0xB6FB, 0xAF1C, 0xAF5C, 0xA79D, 0xA6FC, 0x9E9B, 0xA6BC,
    0x9EBC, 0x9E7C, 0x9E7C, 0x969B, 0x969B, 0x967B, 0x8E9A, 0x9EFB, 0x9EFC, 0x96DB, 0x8E9A, 0x8EDB,
    0x8619, 0x63F2, 0x8E19, 0xEF7E, 0xE71C, 0x8E79, 0x86BC, 0x7E3A, 0x865B, 0x867B, 0x7E3A, 0x75FA,
    0x7E1B, 0x7DBA, 0xB4FD, 0x8CFB, 0x75B9, 0xFFDE, 0xB57A, 0x6AD7, 0xA537, 0x8CD4, 0x6539, 0x6DFA,
    0x4AD2, 0x52F4, 0x7E5C, 0x75BB, 0x659A, 0x6579, 0x6D9A, 0x6DBA, 0x7DFB, 0x863C, 0x8E7D, 0x8E3C,
    0x7E3C, 0x6599, 0x94D4, 0xED96, 0xFE38, 0xEDB7, 0xC534, 0xFF3C, 0xFF3C, 0xF6DA, 0xF699, 0xF6BA,
    0xF6BA, 0xF6BA, 0xF6BA, 0xF6BA, 0xF6DA, 0xF6DA, 0xF6DA, 0xF6DA, 0xF6DA, 0xF6DA, 0xF6DA, 0xF6FA,
    0xF6DA, 0xF6DA, 0xF6DA, 0xF6DA, 0xF6DA, 0xF6DA, 0xF6D9, 0xF6B9, 0xF6B9, 0xF6B9, 0xF6B9, 0xF699,
    0xF699, 0xF69A, 0xF699, 0xFF1B, 0xD5F6, 0xD471, 0xE4F3, 0xE4D2, 0xDCB2, 0xED13, 0xBC92, 0x6559,
    0x7559, 0x7579, 0x85B9, 0x7DB9, 0x85D9, 0x64B6, 0x5C75, 0x64F7, 0x6517, 0x7578, 0x85FA, 0x8E1A,
    0x965B, 0x8E3B, 0x965B, 0x967C, 0x967C, 0x9EBC, 0x9E9B, 0x967B, 0x9E9B, 0x9E7B, 0xA6DC, 0xAEDD,
    0xA69C, 0x9E5B, 0x8E3B, 0x86BC, 0xA79F, 0xBFFF, 0xAFBF, 0x9EBE, 0x9E7C, 0xA6BD, 0xAF1F, 0xAEFE,
    0xAEBD, 0x961A, 0x7D99, 0x7599, 0x9E3B, 0xAE7C, 0xAE5B, 0xB65B, 0xB67C, 0xA65B, 0x95F9, 0x8DD9,
    0x9E19, 0xBF1D, 0xCF7F, 0xC6FD, 0xA63A, 0xAE7B, 0xAE5B, 0xA5B8, 0xA596, 0xB67A, 0xBEBC, 0xC6DC,
    0xCF7E, 0xC6FD, 0xC6DC, 0xB5F9, 0xADD8, 0xBE19, 0xCE9B, 0xD71D, 0xDF9F, 0xE7DF, 0xE7BF, 0xE75E,
    0xD6DC, 0xB5B8, 0x9D35, 0xBE18, 0xC69A, 0xC67A, 0xC67A, 0xC6BB, 0xCF1D, 0xCEFD, 0xAE39, 0xA619,
    0xAE5A, 0xB69B, 0xC6FC, 0xCEFC, 0xADF8, 0x9D76, 0xA5B8, 0x9556, 0x9D77, 0x9D97, 0xADD8, 0xADD8,
    0xB619, 0xB65A, 0x9535, 0x8D15, 0x84D4, 0x7CB4, 0x94F5, 0x9535, 0x8CF5, 0x8CD5, 0x8CD4, 0x8CD4,
    0x84B4, 0x84B4, 0x84B4, 0x8CD5, 0x9557, 0x9E1A, 0xA63A, 0x9578, 0x8516, 0x8557, 0x8537, 0x8537,
    0x8557, 0x8578, 0x9577, 0x8D16, 0x7473, 0x5BF2, 0x4B91, 0x4391, 0x4BD2, 0x5C34, 0x6454, 0x5C13,
    0xAE98, 0xAE98, 0xB698, 0xB6D9, 0xBEDA, 0xB6FB, 0xAF1B, 0xAF3C, 0xAFDE, 0xA71C, 0xA6DC, 0xA6BC,
    0x9E7C, 0x9E9C, 0x9EBC, 0x9EBB, 0x96BB, 0x96BB, 0xA73D, 0xA77D, 0x9EFC, 0x96DB, 0x9EFB, 0x9F1C,
    0xA79D, 0x7CD5, 0x85B8, 0xAEBA, 0xFF9E, 0x9619, 0x761A, 0x8E9B, 0x869C, 0x7E3B, 0x7E1A, 0x861B,
    0x7E5B, 0x955B, 0xBCDD, 0x74F8, 0x85D9, 0xFFFF, 0xA517, 0x7318, 0xC5DB, 0x84D4, 0x54D8, 0x761B,
    0x5374, 0x5272, 0x6DDA, 0x657A, 0x6D9A, 0x75DA, 0x7DFB, 0x863C, 0x865C, 0x861B, 0x75DA, 0x759A,
    0x6D99, 0x75BA, 0x657A, 0x6CD6, 0xBCF4, 0xFE59, 0xEE18, 0xE69A, 0xF6BA, 0xF699, 0xF6B9, 0xF6BA,
    0xF6B9, 0xF6BA, 0xF6BA, 0xF6BA, 0xF6BA, 0xF6DA, 0xF6DA, 0xF6DA, 0xF6DA, 0xF6DA, 0xF6DA, 0xF6DA,
    0xF6FA, 0xF6DA, 0xF6DA, 0xF6DA, 0xF6DA, 0xF6DA, 0xF6DA, 0xF6B9, 0xF6B9, 0xF6B9, 0xF6B9, 0xF6B9,
    0xF699, 0xF699, 0xF699, 0xFEDA, 0xDE58, 0xD450, 0xE4F3, 0xE4D2, 0xE4D3, 0xDCD2, 0xF513, 0x8C73,
    0x6D9A, 0x85D9, 0x85FA, 0x8E1A, 0x7D98, 0x5C75, 0x5CB6, 0x5CB6, 0x5C95, 0x7D99, 0x963B, 0x963B,
    0x963B, 0x9E7C, 0x9E9D, 0x967C, 0x9E9C, 0x965B, 0xA6BC, 0x9E9B, 0xA6BC, 0xAEBD, 0xA69C, 0x9E5B,
    0x7DD9, 0x8E5C, 0xA73F, 0xA79F, 0xBFFF, 0xC7FF, 0xAF5F, 0xA6DE, 0xAEFF, 0xAEDE, 0xA69C, 0x961B,
    0x8DFA, 0x9E9D, 0xAEDE, 0xB6BD, 0xB67C, 0xB67C, 0xB67B, 0xAE5B, 0x8DD9, 0x85B8, 0x95F9, 0x8DD9,
    0x95F9, 0xA63A, 0xAE5B, 0xB6BC, 0xBEFD, 0xAE3A, 0xA5F8, 0xA5D8, 0xAE39, 0xC6FD, 0xA5D8, 0xC73D,
    0xC6FC, 0xCF3D, 0xB619, 0xC65A, 0xD6FD, 0xDF5F, 0xE7BF, 0xE7DF, 0xE79F, 0xDF3E, 0xCE7B, 0xB5B7,
    0x9D14, 0x9514, 0xBE39, 0xCEDB, 0xC6DB, 0xB67B, 0xBEDC, 0xD75E, 0xD75E, 0xC6FC, 0xAE5A, 0xB67B,
    0xB67B, 0xAE39, 0xBE7A, 0xB619, 0x9D56, 0x9D77, 0x9D77, 0x9556, 0x8CF4, 0x9D76, 0xA5B8, 0xBE7A,
    0xD73D, 0xA5D8, 0x8CD4, 0x84D4, 0x84B3, 0x84D4, 0x8CF4, 0x8CF4, 0x94F5, 0x8CD5, 0x8CD5, 0x84D5,
    0x84B4, 0x8CD5, 0x8CD5, 0x8CF5, 0x9578, 0x8D98, 0x8537, 0x8537, 0x8D77, 0x8557, 0x8558, 0x8598,
    0x8D99, 0x8557, 0x7CF5, 0x8D57, 0xA61A, 0x7D16, 0x4391, 0x4391, 0x4BB1, 0x5BD2, 0x6413, 0x6412,
    0xAE98, 0xAE78, 0xB678, 0xB6D9, 0xBEDA, 0xBEFB, 0xB71B, 0xAF1C, 0xAF7D, 0xA77D, 0xA69C, 0x9E9C,
    0xA6DC, 0xA6FC, 0xA6FC, 0x9EDB, 0x9EBB, 0x9EDB, 0x9F1C, 0x96DB, 0x8E7A, 0x9EFB, 0xAF7D, 0xA71C,
    0x96FC, 0x85D8, 0x7474, 0x75D8, 0xE73C, 0xCEFC, 0x761A, 0x867B, 0x863A, 0x865B, 0x8E7C, 0x8E7C,
    0x7E3A, 0xB55D, 0x9419, 0x6D99, 0x9E3A, 0xF79E, 0x4210, 0x8378, 0xAD1C, 0x7473, 0x6D79, 0x7E3C,
    0x5374, 0x5272, 0x75FB, 0x75FB, 0x7E1C, 0x7E1B, 0x7E1B, 0x7DDB, 0x75BA, 0x6D9A, 0x6D9A, 0x6D9A,
    0x6D7A, 0x6D59, 0x757A, 0x7E1C, 0x75DC, 0x8D17, 0xCCF4, 0xDD74, 0xF6FA, 0xF699, 0xF6B9, 0xF6BA,
    0xF6BA, 0xF6B9, 0xF6BA, 0xF6BA, 0xF6BA, 0xF6DA, 0xF6DA, 0xF6DA, 0xF6DA, 0xF6DA, 0xF6DA, 0xF6DA,
    0xF6DA, 0xF6DA, 0xF6DA, 0xF6DA, 0xF6DA, 0xF6DA, 0xF6DA, 0xFEDA, 0xFEDA, 0xFEDA, 0xFEDA, 0xF6B9,
    0xF6B9, 0xF699, 0xF699, 0xFEB9, 0xE6DA, 0xCC50, 0xE4F3, 0xDCD2, 0xE4D2, 0xE4D2, 0xE4F3, 0xDCB1,
    0x7D36, 0x8E5B, 0x8E1A, 0x8DFA, 0x6495, 0x5C95, 0x5CB6, 0x64B6, 0x7D79, 0x9E7C, 0x963B, 0x8DFA,
    0x8E3B, 0x8E3A, 0x963B, 0x9E7B, 0x9E7C, 0xA6BC, 0xA6BC, 0xAEBD, 0xA69C, 0x963B, 0x85FA, 0x7E1B,
    0x8EBC, 0xAF7F, 0xAF9F, 0xB79F, 0xBFDF, 0xCFFF, 0xCFDF, 0xC7DF, 0xA6DE, 0x961B, 0x8599, 0x8E1B,
    0xAEDD, 0xB6DD, 0xB69C, 0xB69C, 0xB69C, 0xAE5B, 0x95F9, 0x8597, 0x95D9, 0xAEBC, 0xA65B, 0x95F9,
    0x9E1A, 0xAE5B, 0xC6FE, 0xCF3E, 0xC69B, 0xB639, 0xAE19, 0xA597, 0xB67B, 0xB65A, 0xBE7A, 0xC6FC,
    0xB67A, 0xD71D, 0xCE7A, 0xDF5E, 0xE7DF, 0xE7BF, 0xDF5E, 0xD6FD, 0xCE5A, 0xB5D8, 0xA596, 0xA5D8,
    0xB67A, 0xD75E, 0xD79F, 0xC73D, 0xC71D, 0xC6DC, 0xD73D, 0xDF5E, 0xD75E, 0xC6FC, 0xB65A, 0xB65A,
    0xB639, 0xBE7A, 0xC67A, 0xA597, 0x9D56, 0x9D97, 0xA597, 0xADD8, 0xA597, 0xB619, 0xB619, 0xCF1C,
    0xBEBB, 0x84D4, 0x8D35, 0x9D97, 0xAE19, 0xBE3A, 0xB61A, 0x9D98, 0x9556, 0x9516, 0x8CF5, 0x8CD5,
    0x8CD5, 0x8CB4, 0x8CF5, 0x84F5, 0x7CD5, 0x74B5, 0x74D5, 0x7CD6, 0x8537, 0x8D98, 0x8D99, 0x8537,
    0x84F6, 0x84F6, 0x8D36, 0x8D78, 0x8D98, 0xA63A, 0x8D77, 0x4B6F, 0x32CD, 0x32CD, 0x5B90, 0x5390,
    0xAE77, 0xAE78, 0xB678, 0xB6DA, 0xBEFA, 0xBEFA, 0xB6FB, 0xB71B, 0xAF3C, 0xA79E, 0xA6BD, 0xA6BC,
    0xA6FD, 0xA6DC, 0x9EBB, 0x9EBB, 0x96BB, 0x96DB, 0x96BB, 0x8E9B, 0x9F1C, 0xA79D, 0x96FB, 0x8E7A,
    0x8E7B, 0x8E9B, 0x7CB5, 0x7DB8, 0x8E39, 0xEF1C, 0x8619, 0x867B, 0x8E7C, 0x8E9C, 0x8E7C, 0x867B,
    0x861A, 0xA45A, 0x7BF7, 0x765C, 0xAEBB, 0x9476, 0x39B0, 0x8C37, 0xACDE, 0x6BF4, 0x6D99, 0x7E5C,
    0x5333, 0x5293, 0x867C, 0x7DFB, 0x75DB, 0x75DA, 0x6DBA, 0x6D9A, 0x6D9A, 0x6D9A, 0x6D79, 0x6D59,
    0x6D59, 0x7DDB, 0x861C, 0x7DDB, 0x7579, 0x6559, 0x64F7, 0x8C52, 0xF699, 0xF6BA, 0xF699, 0xF6BA,
    0xF6BA, 0xF6B9, 0xF6BA, 0xF6BA, 0xF6BA, 0xF6DA, 0xF6DA, 0xF6DA, 0xF6DA, 0xF6DA, 0xF6DA, 0xF6DA,
    0xF6DA, 0xF6DA, 0xF6FA, 0xF6DA, 0xF6DA, 0xFF1A, 0xFF1A, 0xFF3B, 0xFF5B, 0xFF7C, 0xFF3C, 0xFF1B,
    0xFEFA, 0xFEBA, 0xF699, 0xF699, 0xEF1B, 0xCCB2, 0xE4D3, 0xE4D2, 0xE4D2, 0xE4D3, 0xDCD2, 0xECF3,
    0xB491, 0x7DFA, 0x963C, 0x6D17, 0x5434, 0x64B6, 0x5CB6, 0x6CF7, 0x961A, 0x963B, 0x8E3B, 0x965B,
    0x965B, 0x967C, 0x9E9B, 0x9E9B, 0xA6BC, 0xA6DD, 0x9E7C, 0x963B, 0x861B, 0x863B, 0x96FE, 0xAF9F,
    0xAF5F, 0xA73F, 0xA6FE, 0xA6BC, 0xAF1D, 0xBFBF, 0xCFDF, 0xB75F, 0x967D, 0xA67C, 0xAEBD, 0xB6FE,
    0xB6BD, 0xB67B, 0xAE5B, 0x9E1A, 0x8DD9, 0xA67B, 0xA65B, 0xA67B, 0xAEBC, 0x9DFA, 0x7D36, 0xAE3A,
    0xBE9B, 0xBEBB, 0xBE9B, 0xB619, 0xAE19, 0xB65A, 0xB63A, 0x9D97, 0xBEDC, 0xBE5A, 0xCEFC, 0xD77E,
    0xD75F, 0xD77E, 0xD73E, 0xDFBF, 0xDF9F, 0xDF3E, 0xD6FD, 0xC6BC, 0xBEBB, 0xBEFC, 0xCF5E, 0xD79F,
    0xD77E, 0xC6FC, 0xB65A, 0xA5B8, 0xB619, 0xC6DC, 0xD71D, 0xD73D, 0xC69B, 0xAE19, 0xBE7A, 0xB639,
    0xBE5A, 0xCE9B, 0xA597, 0x9535, 0xA5B7, 0xC69B, 0x9D76, 0x8D14, 0xB619, 0xBE7A, 0xBE5A, 0xC73E,
    0x95D8, 0xA63A, 0xBEFD, 0xCF3F, 0xCF1E, 0xC6DD, 0xB65B, 0xADF9, 0xA597, 0x9515, 0x8CD4, 0x8CD4,
    0x84B4, 0x84D4, 0x7CD5, 0x74B4, 0x6C53, 0x6433, 0x6C33, 0x74D6, 0x8558, 0x8D57, 0x8516, 0x84F5,
    0x84D5, 0x84D5, 0x84F6, 0x9557, 0x9577, 0x9577, 0xA5D9, 0xA5F9, 0x6412, 0x3B0F, 0x6413, 0x7D16,
    0xAE98, 0xAE98, 0xB678, 0xBED9, 0xBEFA, 0xBEDA, 0xB6DA, 0xB6FB, 0xAF3B, 0xAF7D, 0xAF7E, 0xB6FC,
    0xA71D, 0x9EDC, 0x969B, 0x9EBB, 0x96BA, 0x96BA, 0x9F1B, 0xAF9D, 0xB79D, 0xA71B, 0x9EDB, 0xA73C,
    0x9EFC, 0x96BC, 0x8598, 0x7CD6, 0x867B, 0xB67A, 0xBEBB, 0x8EDD, 0x96BC, 0x969C, 0x8E7C, 0x8EDC,
    0x8579, 0x9B78, 0x7C98, 0x871E, 0x74D6, 0x49B1, 0x8C36, 0xD6BB, 0x943C, 0x6B15, 0x6D78, 0x86BD,
    0x4A72, 0x5B74, 0x761B, 0x6D9A, 0x6DBA, 0x6D9A, 0x6D99, 0x6D99, 0x6D99, 0x6D59, 0x6D59, 0x75BB,
    0x861D, 0x85FC, 0x6D7A, 0x6559, 0x6D59, 0x759A, 0x861C, 0x75DB, 0xB576, 0xFEFA, 0xF699, 0xF6BA,
    0xF6BA, 0xF6B9, 0xF6BA, 0xF6BA, 0xF6BA, 0xF6BA, 0xF6DA, 0xF6DA, 0xF6DA, 0xF6DA, 0xF6DA, 0xF6DA,
    0xF6DA, 0xF6DA, 0xF6FA, 0xF6DA, 0xFEFA, 0xFF5B, 0xFF7C, 0xFFDD, 0xFFFF, 0xFFFF, 0xFFFF, 0xFFBE,
    0xFF5C, 0xFEDA, 0xF6BA, 0xF698, 0xFF5C, 0xCD13, 0xE492, 0xE4D3, 0xE4D3, 0xE4D3, 0xE4D3, 0xE4F3,
    0xE4B1, 0x8D15, 0x85FB, 0x5C13, 0x5C95, 0x64B6, 0x64B6, 0x7D79, 0x965B, 0x8E3B, 0x965B, 0x9E9C,
    0x9E7C, 0x9E7B, 0x9E7B, 0xA6BD, 0x9EBD, 0x965C, 0x967C, 0x96BD, 0x96DE, 0xA77F, 0xB7BF, 0xAF5F,
    0x9EBD, 0x8E1A, 0x9E5B, 0xA6BC, 0x9EBC, 0xA71D, 0xC79F, 0xC79F, 0xC77F, 0xC75F, 0xB6FE, 0xB69C,
    0xAE3A, 0xAE3A, 0x95B8, 0x8DD9, 0xAE9C, 0xAE9C, 0xAE7B, 0xBEDC, 0xB67B, 0xA5F9, 0xAE19, 0xB63A,
    0xB65A, 0xB639, 0xAE19, 0xADF9, 0xBE5A, 0xBE9B, 0xADF9, 0xB63A, 0xBE7B, 0xC63A, 0xD6BC, 0xD77F,
    0xD79F, 0xD7BF, 0xD7DF, 0xDFDF, 0xCF3E, 0xBE9B, 0xB69B, 0xC71D, 0xD77F, 0xCF1D, 0xB65A, 0xADF8,
    0xADB8, 0xA577, 0x9D57, 0xADF8, 0xBE7A, 0xAE19, 0xADF8, 0xBE7A, 0xA5B7, 0xA5B7, 0xB5F8, 0xB619,
    0xC69A, 0xBE59, 0xA597, 0x9D56, 0xC69B, 0xB619, 0x7C73, 0x84B3, 0x8CF4, 0x7CD4, 0xB6BC, 0xBEDC,
    0xBEBC, 0xD77F, 0xD73E, 0xC6BC, 0xBE3A, 0xBE19, 0xB5D8, 0xAD97, 0xA556, 0x9D36, 0x8CF5, 0x84B4,
    0x8D16, 0x8537, 0x74D5, 0x6C53, 0x6432, 0x6453, 0x6C95, 0x6C54, 0x7C94, 0x84F5, 0x84D5, 0x84F5,
    0x84F5, 0x8D37, 0x8D57, 0x9557, 0x9597, 0xA5D8, 0xAE19, 0xB65A, 0xBE9B, 0xA619, 0x6CB5, 0x5C33,
    0xAE98, 0xB678, 0xAE78, 0xB6B9, 0xBED9, 0xBEDA, 0xB6BA, 0xB6BA, 0xAEFB, 0xAF5D, 0xAFBE, 0xBFBE,
    0xAF3E, 0xA6DC, 0xA6DB, 0x9EBA, 0x9EDB, 0x9EDA, 0xA73B, 0x9F1C, 0x969A, 0x969A, 0x9EBB, 0x969B,
    0x969B, 0x969B, 0x969B, 0x7C95, 0x9E9C, 0x9EFD, 0xB618, 0x9E9C, 0x9EDC, 0x967C, 0x8E7C, 0x86BB,
    0x84D7, 0x9B98, 0x859A, 0x7DFA, 0x4A32, 0x5AB4, 0xDEBB, 0xEF3B, 0xA518, 0x72B6, 0x73D6, 0x5CB6,
    0x416F, 0x64B7, 0x6DDA, 0x6D99, 0x6D9A, 0x6D9A, 0x6D7A, 0x6559, 0x6D79, 0x75BB, 0x8E3C, 0x8E3C,
    0x7DBA, 0x6D59, 0x6D79, 0x7DDA, 0x861C, 0x863C, 0x7DDA, 0x759B, 0x74F7, 0xEE78, 0xF6BA, 0xF69A,
    0xF6BA, 0xF6B9, 0xF6BA, 0xF6BA, 0xF6BA, 0xF6BA, 0xF6DA, 0xF6DA, 0xF6DA, 0xF6DA, 0xF6DA, 0xF6DA,
    0xF6DA, 0xF6DA, 0xF6FA, 0xF6FA, 0xFEFA, 0xFF3B, 0xFFDD, 0xFFFF, 0xFFFF, 0xFFFF, 0xFFFF, 0xFFFF,
    0xFF5C, 0xFEFB, 0xFEBA, 0xF678, 0xFF5C, 0xD595, 0xDC71, 0xE4D3, 0xE4D3, 0xE4D3, 0xE4D3, 0xDCD2,
    0xECF3, 0xC4B2, 0x5C75, 0x5C34, 0x64F6, 0x64D6, 0x6D17, 0x8E1A, 0x9E9C, 0x963A, 0x9E7B, 0x9E7B,
    0x9E7B, 0x9E7C, 0x9E9C, 0x967C, 0x8E7C, 0x9F1E, 0xB7BF, 0xB7DF, 0xAF9F, 0xAF3E, 0x9E7C, 0x961A,
    0x9E3A, 0x8DF9, 0x9E5B, 0x9E7C, 0x967B, 0xBF5E, 0xDFFF, 0xEFFF, 0xEFFF, 0xDFDF, 0xB6BD, 0xAE1A,
    0xAE5A, 0xA63A, 0x9E3A, 0xAEDD, 0xBEFD, 0xB69B, 0xBE9C, 0xB65A, 0xB67B, 0xB65A, 0xAE19, 0xAE19,
    0xAE19, 0xA5D8, 0xA5F9, 0x9D97, 0xB639, 0xB5F9, 0xBE5A, 0xE79F, 0xDF3E, 0xDF1E, 0xD6BC, 0xD69B,
    0xD6FC, 0xDF3D, 0xCF1D, 0xC6DC, 0xBEBB, 0xBEBB, 0xCF1D, 0xC6FD, 0xBEBC, 0xBE7A, 0xC67A, 0xBE19,
    0xB619, 0xBE39, 0xADB8, 0xC67A, 0xCEBA, 0xA5B8, 0xA5B7, 0xADF9, 0xADD8, 0xA5B7, 0xA597, 0xA597,
    0xA5B8, 0x9D77, 0x9D77, 0x9515, 0xBE39, 0xA576, 0x7C72, 0x7C93, 0x7452, 0x9D97, 0xD79F, 0xC69B,
    0xCE9B, 0xC65A, 0xBDF8, 0xBDD8, 0xBDD8, 0xB5D8, 0xADB7, 0xAD97, 0xA577, 0xA577, 0x9D56, 0x8CD5,
    0x7CF5, 0x7D78, 0x74D6, 0x6C33, 0x6433, 0x6412, 0x6412, 0x6C12, 0x6BF1, 0x7473, 0x9577, 0x9DD9,
    0xA61A, 0xAE5B, 0xAE3A, 0xA61A, 0xA5F9, 0xA5F9, 0xAE3A, 0xB67B, 0xBE9B, 0xC6FD, 0xB65A, 0x84F5,
    0xAE98, 0xAE78, 0xB698, 0xB698, 0xB6B9, 0xB6B9, 0xB6B9, 0xB6BA, 0xB6FB, 0xAF3C, 0xAFBE, 0xAF3D,
    0xAEFC, 0xAF5C, 0xAF1C, 0xA71B, 0xA71B, 0x9EDB, 0x9EFB, 0x9EDB, 0x9EFB, 0x9EFB, 0x9E9B, 0x9EBB,
    0x9EBC, 0xA6DD, 0xAF5F, 0x8D57, 0x8D77, 0xA75F, 0x9E7B, 0x963A, 0x969C, 0x863B, 0x969C, 0x96DD,
    0x94F8, 0xA3FA, 0x63B4, 0x62F4, 0x51F2, 0xBDD9, 0xF79D, 0xD65A, 0xDEDA, 0x73B4, 0x6AD5, 0x49D0,
    0x63B5, 0x6DB9, 0x6D9A, 0x6D9A, 0x6D7A, 0x6579, 0x6D7A, 0x7DDB, 0x863D, 0x8E5D, 0x7DDB, 0x6D79,
    0x6D79, 0x7DDB, 0x861C, 0x861C, 0x7DBA, 0x7579, 0x7579, 0x75BA, 0x655A, 0xB555, 0xFEFB, 0xF699,
    0xF6BA, 0xF6B9, 0xF6B9, 0xF6BA, 0xF6BA, 0xF6BA, 0xF6DA, 0xF6DA, 0xF6DA, 0xF6DA, 0xF6DA, 0xF6DA,
    0xF6DA, 0xF6DA, 0xF6FA, 0xF6FA, 0xF6FA, 0xFF3B, 0xFFBD, 0xFFFF, 0xFFFF, 0xFFFF, 0xFFFF, 0xFFDF,
    0xFF5C, 0xFEFB, 0xFEBA, 0xF699, 0xFF1C, 0xDE17, 0xDC71, 0xE4F3, 0xE4D3, 0xE4D3, 0xE4D3, 0xE4D2,
    0xDCD3, 0xECD2, 0x6B8F, 0x54B6, 0x6CF7, 0x6D17, 0x7D98, 0x965B, 0x9E7B, 0x9E5B, 0x9E9C, 0x9EBD,
    0x9E9C, 0x8E5C, 0x8E5C, 0x8EBD, 0xA77F, 0xAF9F, 0xAF5F, 0xAF1E, 0x9E9C, 0x961A, 0x961A, 0x9E5B,
    0xA69C, 0xA69C, 0xAEBD, 0xAE9C, 0xB6BC, 0xCF9E, 0xEFFF, 0xFFFF, 0xF7FF, 0xC71D, 0x9E1A, 0xA63B,
    0xAE5B, 0x9E1A, 0x95B8, 0xB6BC, 0xBF1D, 0xB69C, 0xB69C, 0xAE19, 0xB65B, 0x9DB8, 0x9D97, 0xAE19,
    0xAE19, 0xB63A, 0x9D98, 0xADD8, 0xC69B, 0xDF7E, 0xEFFF, 0xF7FF, 0xDF9F, 0xDF3E, 0xDF1E, 0xE75E,
    0xDF5E, 0xB63A, 0x94F5, 0xAD96, 0xB5F8, 0xC67A, 0xBE59, 0xAD97, 0xBE18, 0xBE39, 0xC67A, 0xBE39,
    0xB619, 0xB5D8, 0xB619, 0xC69A, 0xB639, 0xB5F9, 0xADF8, 0xA5D8, 0xA597, 0xA596, 0x9D76, 0xA5B7,
    0xA597, 0x8CF5, 0x8CD4, 0x8492, 0x9D55, 0x8493, 0x7451, 0x8CF4, 0xAD76, 0xCEBB, 0xCEFC, 0xBDB8,
    0xBDD8, 0xBDD8, 0xBDF8, 0xBDF8, 0xB5D8, 0xADB7, 0xAD97, 0xADB8, 0xADF8, 0xADD8, 0xA597, 0x9D57,
    0x9557, 0x8515, 0x74B4, 0x7494, 0x7473, 0x7453, 0x7473, 0x7494, 0x7CD5, 0x7CD5, 0x8D57, 0x9DFA,
    0xA5F9, 0x9DB8, 0x9D98, 0x9D98, 0x9D98, 0x9DB8, 0xAE1A, 0xBE7B, 0xB63A, 0xBE5A, 0xCEDC, 0xD75E,
    0xAED9, 0xAE98, 0xAE77, 0xB698, 0xB6B9, 0xBEDA, 0xB6DA, 0xBEBA, 0xB6DA, 0xB73C, 0xAF9D, 0xAF7D,
    0xAF1C, 0xA6DB, 0xA6FB, 0xAF3B, 0xA71B, 0xA6DB, 0xA6FB, 0x9EFB, 0x9EFB, 0xA6FB, 0xAF1C, 0xB75D,
    0xB75E, 0xB73E, 0xB75E, 0xA69C, 0x8475, 0x9E9C, 0x969C, 0x9EBC, 0xA6DD, 0xA6FD, 0x9E9C, 0x8E9B,
    0x8CD9, 0x8B97, 0x7B55, 0x5A32, 0x63D4, 0xF7FE, 0xF75D, 0xDEBB, 0xEF1C, 0x9D97, 0x63B4, 0x4A31,
    0x6DDA, 0x75DB, 0x6D9A, 0x6D79, 0x759A, 0x7DDB, 0x8DFC, 0x85FC, 0x75BA, 0x6D79, 0x6D59, 0x759A,
    0x85FB, 0x7DDA, 0x759A, 0x6D59, 0x6D59, 0x6D79, 0x759A, 0x7DBB, 0x75FC, 0x6CF6, 0xEE58, 0xF6DA,
    0xF69A, 0xF6B9, 0xF6B9, 0xF6BA, 0xF6BA, 0xF6BA, 0xF6DA, 0xF6DA, 0xF6DA, 0xF6DA, 0xF6DA, 0xF6DA,
    0xF6DA, 0xF6DA, 0xF6FA, 0xF6FA, 0xF6FA, 0xFF1B, 0xFF7C, 0xFFDE, 0xFFFF, 0xFFFF, 0xFFFF, 0xFFDF,
    0xFF5D, 0xFEDB, 0xFEBA, 0xF699, 0xFEFB, 0xDE99, 0xD450, 0xE4F3, 0xE4D2, 0xE4D3, 0xE4D3, 0xE4D2,
    0xDCD2, 0xECF3, 0xC450, 0x5C74, 0x6D17, 0x7538, 0x8E1A, 0x9E5B, 0x9E7C, 0xA6DD, 0x9EBD, 0x8E7C,
    0x863C, 0x8E9D, 0x8EBD, 0x9F1F, 0xA73F, 0x969D, 0xA6BD, 0x9E5B, 0x9E3A, 0xA69C, 0x9E7C, 0x8E3B,
    0x9E7C, 0xA67C, 0xAE7B, 0xAE9B, 0xBF1D, 0xCFBF, 0xDFBE, 0xDFFE, 0xDFDF, 0xE7BF, 0xBEFE, 0xA65C,
    0xAE5B, 0xBEDD, 0xC73E, 0xC77F, 0xC77F, 0xC73E, 0xC6DD, 0xB65A, 0xB65B, 0xB63A, 0xBE7B, 0xB65A,
    0xB619, 0xC69B, 0xC6BC, 0xD71E, 0xE79F, 0xE7BF, 0xF7DF, 0xE77E, 0xDF3E, 0xDF5F, 0xD75F, 0xCF1E,
    0xAE1A, 0x9D56, 0xAD97, 0xADB7, 0xADD8, 0xBE39, 0xB639, 0xB619, 0xBE5A, 0xB619, 0xBE19, 0xBE39,
    0xBE59, 0xC659, 0xC67A, 0xBE5A, 0xADD8, 0xADB7, 0xADD8, 0xA576, 0xADB7, 0xBE39, 0x9D56, 0x9D55,
    0x9535, 0x8493, 0x7C72, 0x7431, 0x7432, 0x8CD4, 0xAD97, 0xC619, 0xC619, 0xC639, 0xC639, 0xB5B7,
    0xBDD8, 0xBDF8, 0xB5D8, 0xB5B7, 0xB597, 0xADB7, 0xADB8, 0xADB8, 0xA5B7, 0xA5B8, 0xA5D8, 0xA5F9,
    0xA61A, 0xA619, 0x9597, 0x7493, 0x7432, 0x6BF1, 0x63D1, 0x63D1, 0x63D1, 0x63F2, 0x5B90, 0x5B90,
    0x7474, 0x84F6, 0x8D16, 0x9D97, 0xA5D9, 0xADF9, 0xADF9, 0xB639, 0xBE7A, 0xBE7B, 0xBE9B, 0xBE7A,
    0xB6FA, 0xB6B9, 0xAE78, 0xB678, 0xB698, 0xB6FA, 0xBEDA, 0xBEBA, 0xBEDA, 0xB71B, 0xAF7D, 0xAFBE,
    0xA6FC, 0xA71B, 0xB79D, 0xB79D, 0xAF5C, 0xA73B, 0xAF5C, 0xAF3C, 0xAF3D, 0xBF9E, 0xC77E, 0xC79E,
    0xBF9E, 0xB75E, 0xB71D, 0xAF1E, 0x84D5, 0x95D9, 0xBF7F, 0xAEFD, 0x9EBC, 0x967B, 0x967C, 0xA73E,
    0x8518, 0x9BB8, 0xA3F9, 0x7CB6, 0x8F1D, 0xC6FB, 0xFF7D, 0xDEBB, 0xF73D, 0x9D77, 0x7336, 0x6B96,
    0x75FA, 0x6D7A, 0x759A, 0x85DB, 0x8DDB, 0x85BB, 0x6D7A, 0x6D59, 0x6D59, 0x7579, 0x759A, 0x759A,
    0x757A, 0x6D59, 0x6D59, 0x6D5A, 0x75BA, 0x863C, 0x8E5C, 0x7DDB, 0x7579, 0x5D39, 0xA535, 0xFEFA,
    0xF69A, 0xF6B9, 0xF6B9, 0xF6B9, 0xF6BA, 0xF6BA, 0xF6BA, 0xF6DA, 0xF6DA, 0xF6DA, 0xF6DA, 0xF6DA,
    0xF6DA, 0xF6DA, 0xF6DA, 0xF6FA, 0xF6FA, 0xFF1A, 0xFF3C, 0xFF9E, 0xFFDF, 0xFFFF, 0xFFFF, 0xFFBF,
    0xFF5D, 0xFEDB, 0xFEDA, 0xF69A, 0xFEDA, 0xE6DA, 0xD471, 0xE4F3, 0xE4D2, 0xE4D2, 0xE4D2, 0xE4D2,
    0xE4D3, 0xDCD3, 0xECD2, 0x7C11, 0x6537, 0x8578, 0x965B, 0x9E9C, 0x9EDD, 0x8E9D, 0x8E5C, 0x8E9D,
    0xA73F, 0xA77F, 0x96BE, 0xA71F, 0xA6DE, 0xA69C, 0xA69C, 0xA6BC, 0xA6BC, 0x9E9C, 0xA6BD, 0xA67C,
    0xA67C, 0xB6BD, 0xB6DC, 0xB6BC, 0xAE9B, 0xAEBB, 0xC77D, 0xD7FF, 0xF7FF, 0xFFFF, 0xEFFF, 0xD79F,
    0xDFBF, 0xD7DF, 0xCFFF, 0xC7BF, 0xC77F, 0xC71E, 0xC71F, 0xC71E, 0xC71D, 0xC6DD, 0xB65A, 0xA5D8,
    0xB619, 0xCE9B, 0xD6BC, 0xD6BC, 0xD6FD, 0xE77F, 0xEFBF, 0xDF3F, 0xD73E, 0xC6FD, 0xC6DC, 0xC6BC,
    0xBDF9, 0xC65A, 0xCEBB, 0xCEFC, 0xCEFD, 0xC6BB, 0xCEFD, 0xC6BC, 0xB63A, 0xB5F8, 0xBE39, 0xC659,
    0xBE5A, 0xBE5A, 0xC65A, 0xADD8, 0xA597, 0xA596, 0x9D55, 0xB5F9, 0xBE5A, 0xADB7, 0x8CB3, 0x7C72,
    0x8D15, 0x7CB3, 0x7C72, 0x9535, 0xBDF9, 0xC63A, 0xC619, 0xBDF8, 0xBDD7, 0xC639, 0xBE5A, 0xBDD7,
    0xBDD8, 0xB5D8, 0xB5D7, 0xB5B7, 0xB5D8, 0xADB8, 0xAD97, 0xA576, 0xA577, 0xA5B8, 0xA5F9, 0xA63A,
    0xA5D9, 0x8D16, 0x7432, 0x63B0, 0x63B0, 0x638F, 0x532E, 0x530E, 0x4B2F, 0x4B4F, 0x5350, 0x5370,
    0x5B6F, 0x7C53, 0x9516, 0x9536, 0xADD8, 0xB63A, 0xB65A, 0xB69B, 0xBE9B, 0xBE7A, 0xBE5A, 0xB618,
    0xB6F9, 0xAED9, 0xAE98, 0xAE78, 0xAE78, 0xB6D9, 0xB6FA, 0xBEFA, 0xBEDA, 0xB6DB, 0xAF3C, 0xAF7D,
    0xAF5D, 0xAF1B, 0xB79D, 0xBFBE, 0xBFBD, 0xAF5C, 0xB77D, 0xBF9E, 0xBF9E, 0xBFBE, 0xBF7E, 0xC79E,
    0xBF5E, 0xB73E, 0xB73D, 0xC79F, 0xAE7B, 0x84B5, 0xA6FD, 0x967B, 0x9EBC, 0xA6FD, 0xA6FD, 0x9EFD,
    0x8518, 0x8335, 0x7D59, 0x86BD, 0x6DDB, 0x95F9, 0xFF7D, 0xDE9B, 0xFF9E, 0x94B6, 0x5A33, 0x6C34,
    0x6D99, 0x7DDA, 0x7DDA, 0x7DBB, 0x6D7A, 0x6D59, 0x6D5A, 0x757A, 0x757A, 0x6D79, 0x6D79, 0x6D59,
    0x6D59, 0x6D5A, 0x7DFB, 0x96BE, 0x9EDE, 0x8E3C, 0x6D7A, 0x6539, 0x6D38, 0x6D7A, 0x64B6, 0xDE17,
    0xFEDA, 0xF699, 0xF6B9, 0xF6B9, 0xF6BA, 0xF6BA, 0xF6BA, 0xF6BA, 0xF6DA, 0xF6DA, 0xF6DA, 0xF6DA,
    0xF6DA, 0xF6DA, 0xF6DA, 0xF6DA, 0xF6FA, 0xFF1A, 0xFF1B, 0xFF5D, 0xFFBE, 0xFFBE, 0xFFBE, 0xFF7E,
    0xFF3D, 0xFEFB, 0xFEDA, 0xF6BA, 0xFEBA, 0xEF3C, 0xCC91, 0xE4D2, 0xE4D2, 0xE4D2, 0xE4D2, 0xE4D2,
    0xE4D3, 0xDCD2, 0xED13, 0xBC30, 0x64D6, 0x85B9, 0x967C, 0x8E5B, 0x8E5C, 0x96BD, 0x96FE, 0xA75F,
    0xAF7F, 0xAF3F, 0xAF1E, 0xA6BD, 0x9E7B, 0x9E9C, 0xA6DD, 0xA6BD, 0x9E5B, 0xA67C, 0xB71E, 0xBF7F,
    0xC77F, 0xB6FD, 0xA65B, 0xA67B, 0xB73D, 0xC7BF, 0xEFFF, 0xF7FF, 0xFFFF, 0xFFFF, 0xFFFF, 0xF7FF,
    0xE7FF, 0xD7FF, 0xD7FF, 0xCFBF, 0xB6DD, 0xAEBC, 0xC77F, 0xBF3E, 0xCF5E, 0xB67B, 0xBE5B, 0xCE9C,
    0xCE9B, 0xCE7A, 0xCE5A, 0xD6BC, 0xDF3E, 0xEFBF, 0xCF1D, 0xBE7B, 0xADF9, 0xB639, 0xBE3A, 0xC69B,
    0xD71D, 0xC6FD, 0xC71D, 0xD75E, 0xBE9B, 0xCEDC, 0xC69B, 0xB5D8, 0xADB7, 0xA597, 0xB619, 0xB5D8,
    0xBE19, 0xC65A, 0xB5D8, 0xAD97, 0xADD8, 0xADF8, 0xBE39, 0xB5D8, 0x9D35, 0x9515, 0x8D36, 0x8D37,
    0x8D77, 0xA5D9, 0xC67B, 0xCE9B, 0xC619, 0xBDD8, 0xBDB7, 0xBDD8, 0xBDB7, 0xBE19, 0xBE39, 0xBDD8,
    0xB5B7, 0xB5B7, 0xB5D8, 0xB5B7, 0xAD97, 0xA576, 0xADB7, 0xAE19, 0xB63A, 0xB65B, 0xAE3A, 0xA5B7,
    0x84B3, 0x6BF0, 0x6C11, 0x6C31, 0x6BF0, 0x6BD0, 0x5B8F, 0x4B4F, 0x42EE, 0x42ED, 0x42CE, 0x42EE,
    0x534F, 0x63B1, 0x8D56, 0xAE7B, 0xA65B, 0xAE3A, 0xB63A, 0xB639, 0xBE39, 0xBE59, 0xC679, 0xC67A,
    0xB6D9, 0xB6D9, 0xB6D9, 0xAE98, 0xB658, 0xB699, 0xB6FA, 0xBEFB, 0xBEFB, 0xB6BA, 0xB6FB, 0xAF5D,
    0xAF9E, 0xB75C, 0xBF9D, 0xB77D, 0xB77C, 0xBF9D, 0xC7BE, 0xC7BE, 0xC7BE, 0xBF9E, 0xBF5E, 0xBF5E,
    0xC77F, 0xCF9F, 0xC77F, 0xB73D, 0xAF1D, 0x7C54, 0x9E3A, 0xB75E, 0xAEFD, 0xA6DD, 0x9E9D, 0x8E9C,
    0x9CB9, 0x8C58, 0x7E5B, 0x7DDA, 0x7DFB, 0x6D99, 0xD69A, 0xDE9A, 0xCE5A, 0x8434, 0x8C75, 0x9517,
    0x6CD5, 0x75DA, 0x7579, 0x6D59, 0x6D79, 0x757A, 0x757A, 0x6D7A, 0x6D7A, 0x6D7A, 0x6D59, 0x6D59,
    0x7DDB, 0x969D, 0x9EBE, 0x861C, 0x6D59, 0x6518, 0x6518, 0x6D38, 0x6D58, 0x7559, 0x657A, 0x8D15,
    0xFEDA, 0xF699, 0xF6B9, 0xF6B9, 0xF6BA, 0xF6BA, 0xF6BA, 0xF6BA, 0xF6DA, 0xF6DA, 0xF6DA, 0xF6DA,
    0xF6DA, 0xF6DA, 0xF6DA, 0xF6DA, 0xF6FA, 0xF6FA, 0xFEFA, 0xFF1B, 0xFF5C, 0xFF7D, 0xFF7D, 0xFF5D,
    0xFF3C, 0xFEFB, 0xFEDA, 0xFEBA, 0xF699, 0xF75D, 0xCCD2, 0xE4D2, 0xE4D2, 0xE4D3, 0xE4D3, 0xE4D2,
    0xE4D2, 0xE4D2, 0xE4F3, 0xE4B1, 0x7432, 0x7599, 0x85FA, 0x8E5C, 0x9EDE, 0xA75F, 0xAF5F, 0xA6FE,
    0xA6DD, 0xA69C, 0xA69C, 0xA6DD, 0xA6DD, 0x967C, 0x965C, 0x9E3B, 0xAEBD, 0xBF5F, 0xC7BF, 0xBF9F,
    0xAEDD, 0x9E7B, 0xA6DD, 0xC7FF, 0xCFFF, 0xCFFF, 0xDFFF, 0xF7FF, 0xFFFF, 0xFFFF, 0xFFFF, 0xFFFF,
    0xEFFF, 0xD7DF, 0xCF7F, 0xC73E, 0xCF7E, 0xD7FF, 0xD7DF, 0xCF7F, 0xD77F, 0xD71E, 0xD6BC, 0xCE7B,
    0xCE7B, 0xD6BC, 0xE75E, 0xDF7F, 0xD73E, 0xBE7B, 0xA5B8, 0xA597, 0xB619, 0xCEDC, 0xC6BC, 0xCF1C,
    0xCF1C, 0xB619, 0xB619, 0xC65A, 0xC67A, 0xB5F8, 0xA597, 0xA577, 0xADB8, 0xBE19, 0xA576, 0xA576,
    0xC67A, 0xC67A, 0xB61A, 0xAE3A, 0xCEDC, 0xD6DC, 0xB5F8, 0xA576, 0xA5F9, 0xA65B, 0xBEFE, 0xC73E,
    0xD73E, 0xD6FD, 0xCE3A, 0xBDF8, 0xBE19, 0xC639, 0xC639, 0xC63A, 0xBDF9, 0xBE19, 0xBE39, 0xB597,
    0xB5B7, 0xB5B7, 0xB5B7, 0xAD97, 0xADB7, 0xB619, 0xBE9B, 0xBEBC, 0xBE9B, 0xADD8, 0x8CD4, 0x7411,
    0x6C11, 0x7C72, 0x7C72, 0x6C11, 0x7431, 0x84B3, 0x7C72, 0x7494, 0x6C74, 0x5C12, 0x7CD5, 0x8DB8,
    0x9E3A, 0x9E5B, 0x8578, 0x7494, 0x9D76, 0xADB7, 0xB5D7, 0xBE39, 0xBE39, 0xBE5A, 0xBE7A, 0xBE9A,
    0xAEF9, 0xAEB9, 0xB6DA, 0xB6FA, 0xAE78, 0xB699, 0xBEFA, 0xBEFA, 0xBF1B, 0xBEDB, 0xBEDB, 0xB77D,
    0xAFBE, 0xBF9D, 0xB75C, 0xB77D, 0xC7DE, 0xC7DE, 0xC7BE, 0xBFBF, 0xB77E, 0xBF5D, 0xCF7E, 0xCF9F,
    0xC77E, 0xB71D, 0xAEFD, 0xB6FD, 0xC79F, 0x9DD9, 0x9517, 0xBF7F, 0xA69D, 0x9E7C, 0x967C, 0x8DFA,
    0xB439, 0x8D39, 0x7DFB, 0x7DDA, 0x7DDA, 0x6DDA, 0x74D5, 0xDEBB, 0xCE5B, 0xC639, 0xE75C, 0xAD97,
    0x8495, 0x6517, 0x75DB, 0x7579, 0x6D59, 0x6D7A, 0x6D79, 0x6D59, 0x6D59, 0x6559, 0x6D7A, 0x861B,
    0x861C, 0x6D99, 0x5CD7, 0x5CD7, 0x5CF8, 0x6538, 0x6D38, 0x6D59, 0x7579, 0x759A, 0x7DDB, 0x6539,
    0xC5B6, 0xFEFB, 0xF699, 0xF6B9, 0xF6B9, 0xF6BA, 0xF6BA, 0xF6BA, 0xF6DA, 0xF6DA, 0xF6DA, 0xF6DA,
    0xF6DA, 0xF6DA, 0xF6DA, 0xF6DA, 0xF6DA, 0xF6FA, 0xFEFA, 0xFEFB, 0xFF1C, 0xFF3C, 0xFF3C, 0xFF3C,
    0xFF1C, 0xFEDB, 0xFEBB, 0xF6BA, 0xF699, 0xFF7D, 0xCD34, 0xE4B2, 0xE4D3, 0xE4D3, 0xE4F3, 0xE4F3,
    0xE4D3, 0xE4D3, 0xDCD3, 0xED13, 0xAC30, 0x7DDA, 0xA6BD, 0x9EBD, 0xA6DE, 0xA6FE, 0xA6DD, 0x9E9C,
    0x9E5B, 0x9E7C, 0xAF1E, 0xB75F, 0xAEFE, 0xA69C, 0xAE7C, 0xB6BC, 0xBF1E, 0xBF3E, 0xAEFD, 0xA6BC,
    0xAF3E, 0xB79F, 0xBFBF, 0xC7BF, 0xC7BF, 0xBF3E, 0xBF1D, 0xDFBF, 0xFFFF, 0xFFFF, 0xFFFF, 0xF7FF,
    0xDFBF, 0xCF7F, 0xCFBF, 0xCFFF, 0xD7FF, 0xC75F, 0xD77F, 0xDF7E, 0xD6BC, 0xCE5A, 0xCE7A, 0xD6BC,
    0xE77E, 0xE77F, 0xCEFC, 0xADD7, 0xA5D9, 0xA5B8, 0xADF9, 0xADD8, 0xCEDC, 0xD6FC, 0xBE3A, 0xC659,
    0xB618, 0xB5F8, 0xB5F8, 0x9D56, 0x9D36, 0x9535, 0x9D97, 0xB619, 0xADD8, 0xA556, 0x9D55, 0xBE39,
    0xBE5A, 0xB63A, 0xCF1D, 0xCEFD, 0xCF1C, 0xCEFD, 0xAE5B, 0xAEBD, 0xB6FE, 0xCF5F, 0xDF7F, 0xDF1D,
    0xCE7A, 0xC619, 0xC65A, 0xCE9C, 0xCE9B, 0xC67A, 0xC639, 0xBDF8, 0xB5D7, 0xB5B7, 0xC67A, 0xC69B,
    0xB619, 0xB619, 0xB619, 0xB65A, 0xC6DC, 0xCF1D, 0xC6DD, 0xADD8, 0x8CB3, 0x6BF0, 0x6BCF, 0x6BF0,
    0x7431, 0x7C52, 0x8CB3, 0x8D15, 0x9577, 0x9DF9, 0x9E3A, 0x9E5B, 0xA6BC, 0x963A, 0x8DB8, 0x8556,
    0x6C53, 0x4B50, 0x42EE, 0x4ACD, 0x5B6F, 0x9D56, 0xBE19, 0xB618, 0xBE39, 0xBE5A, 0xBE5A, 0xBE7A,
    0xB6FA, 0xAE99, 0xAE78, 0xB6FA, 0xB6F9, 0xB6B9, 0xBEFA, 0xBEDA, 0xBEDA, 0xBEBA, 0xBEDB, 0xBF5D,
    0xB79E, 0xBFBE, 0xC7BE, 0xCFFF, 0xCFFF, 0xBF7D, 0xBF5D, 0xC77E, 0xCFBF, 0xCFBF, 0xBF3D, 0xAEDC,
    0xB6FC, 0xBF1E, 0xCF7F, 0xCF9F, 0xCF9F, 0xBF3E, 0x7C54, 0xA65B, 0x9E5C, 0x8E1B, 0x8E3B, 0x9C98,
    0x9C18, 0x7DFA, 0x85DB, 0x7DDB, 0x75BB, 0x7D79, 0xCEBC, 0xFFFF, 0xCE9B, 0xBE39, 0xC65A, 0xC67A,
    0x9D57, 0x94F7, 0x5CB6, 0x6D9A, 0x6D7A, 0x6D59, 0x6559, 0x653A, 0x6539, 0x6559, 0x6D59, 0x5D18,
    0x54B7, 0x54B7, 0x5CF8, 0x6518, 0x6538, 0x6D59, 0x6D79, 0x759A, 0x759A, 0x759A, 0x759A, 0x6DBB,
    0x74D5, 0xF678, 0xF6BA, 0xF6B9, 0xF6B9, 0xF6B9, 0xF6BA, 0xF6BA, 0xF6DA, 0xF6DA, 0xF6DA, 0xF6DA,
    0xF6DA, 0xF6DA, 0xF6DA, 0xF6DA, 0xF6DA, 0xF6DA, 0xF6FA, 0xFEFA, 0xFEFB, 0xFF1C, 0xFF1C, 0xFEFC,
    0xFEFB, 0xFEDB, 0xFEBA, 0xF6BA, 0xF699, 0xFF7D, 0xD5B6, 0xDC71, 0xE4F3, 0xE4F3, 0xE4F3, 0xE4F3,
    0xE4F3, 0xE4F3, 0xE4F3, 0xE513, 0xD471, 0x8577, 0xA6FE, 0xA6BD, 0x963B, 0x965B, 0xA69C, 0x965B,
    0x965C, 0xAEFE, 0xAF1E, 0xAEDD, 0xAE9C, 0xB6BC, 0xB6BC, 0xAE9B, 0xA63A, 0xAEBC, 0xB71D, 0xB71E,
    0xBF3E, 0xB6FD, 0xAE9C, 0xB6DC, 0xB69C, 0xB69B, 0xCF5E, 0xEFDF, 0xFFFF, 0xFFFF, 0xFFFF, 0xFFFF,
    0xEFBF, 0xD77F, 0xE7FF, 0xD77F, 0xCEFE, 0xD6FD, 0xCEBC, 0xCE7B, 0xCE7B, 0xD6BC, 0xDF3D, 0xDF5E,
    0xC6BC, 0xADD8, 0x8CF5, 0xADD8, 0xB63A, 0xADF9, 0xADD8, 0xBE39, 0xCEDC, 0xBE3A, 0xADB8, 0xBE39,
    0xB5D8, 0xB619, 0xADD8, 0xA556, 0x9D56, 0xA5D8, 0xC67A, 0xBE19, 0xA576, 0x9D35, 0x9D56, 0xA597,
    0xB619, 0xBE3A, 0xB65A, 0xB69B, 0xBEFD, 0xAEDD, 0xBEFE, 0xC6FD, 0xD71D, 0xD6DC, 0xC639, 0xBDF8,
    0xC619, 0xC65A, 0xC65A, 0xC639, 0xC618, 0xC5F8, 0xB5B7, 0xB5D7, 0xBE19, 0xC69B, 0xC6DD, 0xCF3E,
    0xC71D, 0xBE9B, 0xBE7A, 0xC73D, 0xC73E, 0xAE19, 0x84B3, 0x73F0, 0x7431, 0x84D4, 0x9556, 0xA5D8,
    0xAE59, 0xB6BC, 0xC75E, 0xB6DC, 0xA69C, 0x9DD8, 0x7CF4, 0x9D97, 0x8CF5, 0x6BF1, 0x42CD, 0x42CE,
    0x42ED, 0x42CD, 0x3ACD, 0x42EE, 0x430E, 0x5B6F, 0x9515, 0xB639, 0xB639, 0xB639, 0xB65A, 0xB67A,
    0xB6FA, 0xAEB9, 0xAE58, 0xAE99, 0xB71A, 0xB71A, 0xB6FA, 0xBEDA, 0xB699, 0xB659, 0xBEBA, 0xB6FC,
    0xBF9E, 0xBFDE, 0xCFDF, 0xCFFF, 0xC7DF, 0xCFDF, 0xD7FF, 0xD7BF, 0xBF3E, 0xB6DC, 0xB6FC, 0xC75E,
    0xD7BF, 0xDFDF, 0xD7BF, 0xC75E, 0xB6DD, 0xAEBE, 0x8538, 0x7CD6, 0xAE9D, 0xC6BD, 0xD6BB, 0xDE5A,
    0xADB9, 0x7D9A, 0x8DFB, 0x75BA, 0x95BA, 0xEF5D, 0xFFFF, 0xFFFF, 0xCE7A, 0xB5F8, 0xC65A, 0xC65A,
    0xB5D8, 0x9D17, 0xA558, 0x6495, 0x6559, 0x7DFB, 0x759A, 0x6539, 0x5CF8, 0x5CD8, 0x54D7, 0x5CD7,
    0x64F8, 0x6518, 0x6D38, 0x6D59, 0x6D59, 0x6D7A, 0x7579, 0x757A, 0x757A, 0x757A, 0x6D79, 0x759A,
    0x657A, 0x9D14, 0xFEDA, 0xF69A, 0xF6BA, 0xF6B9, 0xF6BA, 0xF6BA, 0xF6BA, 0xF6DA, 0xF6DA, 0xF6DA,
    0xF6DA, 0xF6DA, 0xF6DA, 0xF6DA, 0xF6DA, 0xF6DA, 0xF6FA, 0xF6FA, 0xFEFB, 0xFEFB, 0xFEFC, 0xFEFB,
    0xFEFB, 0xFEDA, 0xF6BA, 0xF699, 0xF699, 0xFF7D, 0xD617, 0xDC71, 0xE513, 0xE4F3, 0xE4F3, 0xE4F3,
    0xE4F3, 0xE4F3, 0xE4F3, 0xE4F3, 0xECF3, 0xA4F4, 0x96BD, 0x9E5B, 0x9E5B, 0x9E7B, 0x9E5B, 0x9E7C,
    0xA6DD, 0xB6FE, 0xB6DC, 0xB6BC, 0xB69B, 0xAE7B, 0xA619, 0x9DF9, 0xA63A, 0xAEBC, 0xB6BC, 0xB69C,
    0xB69B, 0xAE5B, 0xAE3A, 0xA619, 0xB69B, 0xBEBC, 0xBEBC, 0xCF1D, 0xF7FF, 0xFFFF, 0xFFFF, 0xFF9F,
    0xFFBF, 0xEFBF, 0xDF1E, 0xD67C, 0xCE7B, 0xCEBC, 0xD6DD, 0xD6DC, 0xDF1D, 0xDF5E, 0xBE7B, 0x9D96,
    0xADD8, 0xA5B7, 0x9D35, 0xB63B, 0xA597, 0x9D56, 0x9D56, 0xB619, 0xBE5A, 0xBE5A, 0xBE5A, 0xADB8,
    0xADB8, 0xBE59, 0xC65A, 0xC69B, 0xC6BC, 0xD6DC, 0xCE7B, 0xBE39, 0xA576, 0xA596, 0xADD8, 0xADB7,
    0xCE9A, 0xD73D, 0xBEDD, 0xB6DD, 0xBEBC, 0xC69B, 0xCE7A, 0xC639, 0xC619, 0xC5F8, 0xC5F8, 0xC619,
    0xC619, 0xC5F8, 0xC5F8, 0xC5F8, 0xBDD8, 0xB5D7, 0xB5D8, 0xBDF9, 0xC69C, 0xCF1E, 0xC6DC, 0xB619,
    0xB5F7, 0xC69A, 0xCF5E, 0xCF7E, 0xBF1D, 0xB69B, 0xBEDB, 0xC75D, 0xD7BF, 0xDFDF, 0xD7DF, 0xD7BF,
    0xBF3D, 0xBEDC, 0x9D56, 0x7410, 0x9D34, 0xAD95, 0x8CF3, 0x8CD4, 0x7C52, 0x63B0, 0x4B2E, 0x3A8C,
    0x42ED, 0x4B0E, 0x3ACD, 0x3ACD, 0x3AEE, 0x4B2F, 0x5370, 0x84D4, 0xAE19, 0xAE39, 0xB65A, 0xBEDC,
    0xB73A, 0xB6B9, 0xAE79, 0xAE78, 0xB6D9, 0xB75B, 0xBF3A, 0xBEDA, 0xB699, 0xAE38, 0xAE39, 0xB67A,
    0xBF1C, 0xB7BE, 0xD7FF, 0xE7FF, 0xDFFF, 0xDFFF, 0xCFBF, 0xC73E, 0xC75E, 0xCFBF, 0xD7BF, 0xD7DF,
    0xD7BF, 0xCF7F, 0xB6FD, 0xB69C, 0xAE9D, 0xAE9D, 0xB67C, 0xD69B, 0xFFDF, 0xFFBE, 0xEF1C, 0xFFDE,
    0xFFBE, 0xB5F9, 0x757A, 0xB63B, 0xFFDF, 0xFFFF, 0xF77D, 0xFF9E, 0xD69A, 0xBDF9, 0xC67A, 0xBE3A,
    0xC67A, 0x9516, 0xADBA, 0xADB9, 0x8CD5, 0x6CD6, 0x5D39, 0x5CD7, 0x5CD7, 0x5CD7, 0x64F8, 0x64F8,
    0x6518, 0x6D39, 0x6D59, 0x6D79, 0x6D59, 0x6D59, 0x6D59, 0x6D59, 0x6D79, 0x6D79, 0x757A, 0x759A,
    0x7DBB, 0x64F8, 0xCDB5, 0xFEFB, 0xF69A, 0xF6BA, 0xF6BA, 0xF6BA, 0xF6BA, 0xF6DA, 0xF6DA, 0xF6DA,
    0xF6DA, 0xF6DA, 0xF6DA, 0xF6DA, 0xF6DA, 0xF6FA, 0xF6DA, 0xF6FA, 0xFEFB, 0xFEFB, 0xFEFB, 0xFEDB,
    0xFEDA, 0xF6BA, 0xF6B9, 0xF6BA, 0xF699, 0xFF5C, 0xDE79, 0xD471, 0xE513, 0xE4F3, 0xE4F3, 0xE4F3,
    0xE4F3, 0xE4F3, 0xE4F3, 0xDCF3, 0xED34, 0xBCB3, 0x965B, 0x963B, 0x963B, 0x963B, 0xA65B, 0xAEDC,
    0xB6DC, 0xB6BC, 0xB69B, 0xAE5B, 0x9DF9, 0x9DF9, 0x9E3A, 0xA6BC, 0xAEBC, 0xA63B, 0xA63A, 0xB6BC,
    0xB6BC, 0xA619, 0x9597, 0x9577, 0xAE1A, 0xBEBC, 0xC75E, 0xCF9E, 0xDF5E, 0xF75E, 0xFF9F, 0xFF5F,
    0xFF7F, 0xF6FE, 0xDEBC, 0xD71D, 0xDF3F, 0xDF3E, 0xD6DC, 0xCEDC, 0xCEFD, 0xAE19, 0xADF8, 0xADB7,
    0xB63A, 0xAE19, 0xADF9, 0xA5D8, 0xA597, 0xB5F8, 0xB619, 0xB5F8, 0xBE19, 0xC65A, 0xBE5A, 0xBE39,
    0xB619, 0xBE39, 0xBE5A, 0xBE5A, 0xCE9B, 0xB5F8, 0xA576, 0xB618, 0xADB7, 0xADB7, 0x9D55, 0xA576,
    0xAE19, 0xBEBB, 0xBE7B, 0xBE19, 0xC639, 0xCE39, 0xC619, 0xC619, 0xC619, 0xC619, 0xC619, 0xC619,
    0xC618, 0xC5F8, 0xBDD7, 0xBDB7, 0xB5B7, 0xB597, 0xB5B7, 0xC67B, 0xC6FD, 0xBE7A, 0xB5D7, 0xBD96,
    0xBDD7, 0xB65B, 0x8D97, 0x7472, 0x8493, 0x8D35, 0x9DB8, 0xA5F9, 0x9DD8, 0x8D77, 0x8D77, 0x9597,
    0xA5F9, 0x8D36, 0x84D4, 0x8D76, 0x9DD8, 0xA5F8, 0xAE18, 0xB5F7, 0x7C92, 0x63D1, 0x6BF1, 0x42EE,
    0x328C, 0x32AC, 0x430E, 0x3AEE, 0x3AEE, 0x3B2F, 0x4370, 0x5390, 0x7CD5, 0xB69B, 0xBEFD, 0xBEFE,
    0xB73B, 0xB6FA, 0xAE99, 0xAE78, 0xAE99, 0xB71A, 0xBF3B, 0xBEFA, 0xB658, 0xAE38, 0xAE39, 0xB65A,
    0xB69B, 0xB73D, 0xCFDF, 0xE7FF, 0xDFFF, 0xD7DF, 0xD7DF, 0xDFFF, 0xDFFF, 0xD7BF, 0xD79F, 0xCF7E,
    0xC71E, 0xC6FE, 0xC6FE, 0xB6BD, 0xBE9D, 0xE75E, 0xFFFF, 0xFFFF, 0xFFFF, 0xEF3D, 0xFF7D, 0xFF7D,
    0xF77D, 0xE6FC, 0xBE19, 0xFFFF, 0xFFBE, 0xF75D, 0xF75D, 0xFFBE, 0xE6FC, 0xB5D8, 0xC67A, 0xC63A,
    0xC67A, 0xADB8, 0x9D38, 0xADDA, 0xB5DA, 0x6C54, 0x54D7, 0x64F7, 0x5CF8, 0x6518, 0x6518, 0x6D39,
    0x6D59, 0x6D59, 0x6D59, 0x6D59, 0x6D59, 0x6D59, 0x6D59, 0x6D79, 0x7579, 0x757A, 0x757A, 0x757A,
    0x7579, 0x75BB, 0x74D6, 0xEE58, 0xF6DA, 0xF6BA, 0xF6BA, 0xF6BA, 0xF6BA, 0xF6DA, 0xF6DA, 0xF6DA,
    0xF6DA, 0xF6DA, 0xF6DA, 0xF6DA, 0xF6DA, 0xF6DA, 0xF6FA, 0xF6FA, 0xF6FA, 0xFEFA, 0xF6DA, 0xF6BA,
    0xF6BA, 0xF6BA, 0xF6BA, 0xF6BA, 0xF699, 0xFF1B, 0xEF1B, 0xCC71, 0xE513, 0xE4F3, 0xE513, 0xE4F3,
    0xE4F3, 0xE4F3, 0xE4F3, 0xE4F3, 0xE513, 0xD4D3, 0x95FA, 0x963B, 0xA65B, 0xAE7B, 0xAE9B, 0xB69B,
    0xB69C, 0xB6BC, 0xA65A, 0x9E1A, 0xA69C, 0xAEFE, 0xB71E, 0xAEBC, 0xAE5B, 0xA61A, 0xB69C, 0xAE3A,
    0xA5F9, 0xA619, 0xAE1A, 0xB69C, 0xBF1E, 0xBF3E, 0xBEDC, 0xBE9B, 0xC67B, 0xEEBC, 0xFF1E, 0xFF7F,
    0xFF9F, 0xFF9F, 0xF7BF, 0xE7DF, 0xDF7F, 0xCEDC, 0xB65A, 0xADF9, 0xA5D8, 0xBE5A, 0xC6BB, 0xC6DC,
    0xC6DD, 0xB65A, 0xB63B, 0xA5B8, 0xBE39, 0xC65A, 0xBE19, 0xB5B7, 0xBE19, 0xBE19, 0xC65A, 0xB5F9,
    0xBE39, 0xCEBB, 0xBE39, 0xA597, 0xADF8, 0xADB8, 0xA597, 0x9D56, 0xA555, 0x9D35, 0xA597, 0xAE3A,
    0xB639, 0xBDF8, 0xC639, 0xCE39, 0xCE39, 0xCE39, 0xCE39, 0xC639, 0xC639, 0xC619, 0xC5F8, 0xC5F8,
    0xBDD7, 0xB5B7, 0xB5B7, 0xB597, 0xB596, 0xBE18, 0xC6BC, 0xBE9B, 0xB5F8, 0xBD97, 0xBDB7, 0xA5B8,
    0x8D98, 0x74D4, 0x7432, 0x7C93, 0x7CB3, 0x84F5, 0x8D77, 0x9DF9, 0x9E3A, 0xA63A, 0xB6BC, 0xC71D,
    0xC75E, 0xB6FD, 0xAE9B, 0x9DB8, 0x9D76, 0xADB7, 0xBE17, 0xAD96, 0x7472, 0x7432, 0x7C73, 0x63F1,
    0x53B1, 0x3ACD, 0x3B2E, 0x4390, 0x3B50, 0x3B2F, 0x3B50, 0x4BD2, 0x5413, 0x7D16, 0xAE9C, 0xB6DC,
    0xB75B, 0xAF1A, 0xAEB9, 0xAE98, 0xAE78, 0xB6D9, 0xBF1A, 0xBF1B, 0xB679, 0xAE38, 0xAE19, 0xB639,
    0xB67B, 0xB6DC, 0xBFBE, 0xDFFF, 0xDFFF, 0xE7FF, 0xE7FF, 0xDFFF, 0xD79F, 0xCF5E, 0xC73E, 0xCF7F,
    0xCF5F, 0xC71E, 0xAE7C, 0xCEBC, 0xFFBF, 0xFFFF, 0xFFFF, 0xFFFF, 0xFFFF, 0xEF3D, 0xFFBE, 0xFF9D,
    0xF77D, 0xEF3C, 0xDEBB, 0xFFBF, 0xFF7E, 0xFF9E, 0xFF9E, 0xFFBE, 0xEF3D, 0xB5B8, 0xC67B, 0xC65A,
    0xC65A, 0xBE39, 0x9517, 0xADDA, 0xADBA, 0x7C95, 0x54B7, 0x6518, 0x6518, 0x6539, 0x6D39, 0x6D39,
    0x6D39, 0x6539, 0x6538, 0x6D39, 0x6D39, 0x6D59, 0x6D5A, 0x757A, 0x7579, 0x757A, 0x757A, 0x7D9A,
    0x7D9A, 0x7D9A, 0x759B, 0x94F4, 0xFEDA, 0xF6BA, 0xF6BA, 0xF6BA, 0xF6BA, 0xF6DA, 0xF6DA, 0xF6DA,
    0xF6DA, 0xF6DA, 0xF6DA, 0xF6DA, 0xF6DA, 0xF6FA, 0xF6FA, 0xF6FA, 0xF6FA, 0xF6DA, 0xF6DA, 0xF6BA,
    0xF6BA, 0xF6BA, 0xF6BA, 0xF6BA, 0xF699, 0xFEFB, 0xEF5C, 0xCC92, 0xE4F3, 0xE4F3, 0xE4F3, 0xE4F3,
    0xE513, 0xE4F3, 0xE513, 0xE513, 0xE513, 0xDCF3, 0xA65B, 0xAE9C, 0xAE9B, 0xAE9C, 0xB6BC, 0xAE9B,
    0xAE7A, 0xA639, 0x9E19, 0xBF1D, 0xB6FD, 0x9E3A, 0xAE3A, 0xBEFD, 0xB6BC, 0xC6FD, 0xA619, 0x9DD8,
    0xB67B, 0xC73E, 0xCFBF, 0xC79F, 0xB6DD, 0xAE3B, 0xB61A, 0xBE5A, 0xD69B, 0xF71D, 0xFF9F, 0xFFFF,
    0xFFFF, 0xFFFF, 0xF7DF, 0xCF1E, 0xB69B, 0xA65A, 0xA619, 0xA5F9, 0xBEBC, 0xCF1D, 0xCF3E, 0xE7DF,
    0xCF3E, 0xA61A, 0xAE3B, 0xA5B7, 0xA576, 0xB5F8, 0xBE39, 0xAD97, 0xAD97, 0xB619, 0xB619, 0x9D77,
    0xADD8, 0xB5F8, 0xA597, 0xADB8, 0xB5F8, 0xB5D8, 0xB5F8, 0xAD97, 0xA597, 0xB67B, 0xC6FD, 0xCEDC,
    0xCE7A, 0xCE3A, 0xCE39, 0xCE39, 0xCE39, 0xCE39, 0xCE39, 0xCE19, 0xC5F8, 0xC5D8, 0xBDF8, 0xBDF8,
    0xBDF8, 0xB5B7, 0xB596, 0xBDD8, 0xC69B, 0xC6DC, 0xBE39, 0xBDB7, 0xBD97, 0xA597, 0x8D77, 0x7D16,
    0x7494, 0x7C73, 0x7C93, 0x7C72, 0x7C72, 0x8D14, 0xA619, 0xAE7B, 0x95D8, 0xC6FC, 0xEFDF, 0xF7FF,
    0xCF5E, 0xCF7E, 0xC6BB, 0x8CD3, 0x8492, 0x9514, 0x9535, 0x8CF4, 0x7C72, 0x8CD4, 0x8D15, 0x7CB4,
    0x6C53, 0x432F, 0x4350, 0x5433, 0x43D2, 0x3B70, 0x3B70, 0x3B70, 0x43B1, 0x5412, 0x7516, 0xA69B,
    0xB77C, 0xB71B, 0xAEDA, 0xAE98, 0xAE78, 0xAEB9, 0xB699, 0xBEFA, 0xB699, 0xAE18, 0xAE19, 0xAE39,
    0xB67A, 0xBEBC, 0xAF1D, 0xCFDF, 0xE7FF, 0xDFDF, 0xD77E, 0xCF3E, 0xD75E, 0xDFBF, 0xDFDF, 0xCF5F,
    0xBEDD, 0xA61C, 0xD6FD, 0xFFFF, 0xFFFF, 0xFFFF, 0xFFFF, 0xFFFF, 0xFFBF, 0xEF3D, 0xFFBE, 0xFF7D,
    0xF75D, 0xF75D, 0xD67B, 0xF77E, 0xFFBE, 0xFFBE, 0xFF9E, 0xFF9E, 0xFFBE, 0xAD98, 0xC65A, 0xC65A,
    0xC63A, 0xC65A, 0x9D37, 0xADDA, 0xB5FA, 0x8CF6, 0x54B6, 0x6D59, 0x6D39, 0x6D39, 0x6D38, 0x6D38,
    0x6539, 0x6539, 0x6D39, 0x6D59, 0x6D59, 0x6D7A, 0x757A, 0x757A, 0x757A, 0x7D7A, 0x7D7A, 0x7D9A,
    0x7D9A, 0x7DBA, 0x85DB, 0x7558, 0xC595, 0xFEFA, 0xF6BA, 0xF6BA, 0xF6BA, 0xF6DA, 0xF6DA, 0xF6DA,
    0xF6DA, 0xF6DA, 0xF6FA, 0xF6DA, 0xF6FA, 0xF6FA, 0xF6FA, 0xF6FA, 0xF6FA, 0xF6DA, 0xF6DA, 0xF6DA,
    0xF6BA, 0xF6BA, 0xF6BA, 0xF6BA, 0xF6BA, 0xFEDA, 0xF77D, 0xD4D3, 0xE4B2, 0xE4B3, 0xE4B2, 0xE4D3,
    0xE513, 0xE513, 0xE513, 0xE513, 0xE513, 0xDD35, 0xAE7B, 0xAEBC, 0xB6BC, 0xAEBC, 0xAE5A, 0xA619,
    0x9E19, 0xA63A, 0xA65A, 0xAE7B, 0x9E19, 0x9DF9, 0xA63A, 0xAE5A, 0xA619, 0x9DD9, 0xA63A, 0xC73E,
    0xC79F, 0xC75E, 0xBF1E, 0xBEBD, 0xB67C, 0xBE5B, 0xBE3A, 0xC69C, 0xD71E, 0xEFBF, 0xFFFF, 0xFFFF,
    0xFFFF, 0xF75F, 0xD69D, 0xB67C, 0xBF3E, 0xB6DD, 0xAE5B, 0xBEBC, 0xCF1D, 0xCEFD, 0xC6DC, 0xBE9C,
    0xAE19, 0xA61B, 0xA597, 0xB5F8, 0xB5D8, 0xA597, 0xA576, 0x9515, 0x9D76, 0xADF9, 0x9D77, 0x8D15,
    0x9D76, 0x9515, 0x8CF4, 0x9D76, 0xADB8, 0xB619, 0xB67B, 0xB69B, 0xCF5E, 0xDF9F, 0xD73E, 0xCE9B,
    0xCE5A, 0xC639, 0xCE39, 0xCE39, 0xC639, 0xCE18, 0xC5F8, 0xC5F8, 0xC65A, 0xC69B, 0xC69B, 0xBE39,
    0xBDD8, 0xBDD8, 0xC67A, 0xC6DC, 0xC65A, 0xBDD8, 0xBDB8, 0xAD98, 0x9578, 0x8536, 0x7CD4, 0x7C93,
    0x7C73, 0x7431, 0x6BCF, 0x8C92, 0xC679, 0xD6DB, 0xCEDB, 0x9556, 0x9535, 0xA5F8, 0xCF3D, 0xD79E,
    0xDFDF, 0xD77E, 0xC67A, 0xCE99, 0x9D96, 0x7CB4, 0x8D15, 0x9557, 0x9597, 0x9597, 0x8D77, 0x7CF5,
    0x6C74, 0x5C12, 0x53D2, 0x6474, 0x4B91, 0x3B2F, 0x3B4F, 0x332F, 0x3B50, 0x43D1, 0x5433, 0x6CB4,
    0xB79D, 0xB75B, 0xB6FA, 0xAE99, 0xAE79, 0xAED9, 0xAE39, 0xB699, 0xB6B9, 0xAE38, 0xADF8, 0xAE19,
    0xB67A, 0xBE9B, 0xBF1D, 0xB77E, 0xD79F, 0xD79E, 0xDFBF, 0xE7DF, 0xE7FF, 0xD77F, 0xBEDE, 0xB69D,
    0xB65C, 0xE71E, 0xFFFF, 0xFFFF, 0xFFFF, 0xFFFF, 0xFFFF, 0xFFFF, 0xF79E, 0xEEFC, 0xFFBE, 0xFF7E,
    0xF73D, 0xF75D, 0xD67A, 0xEF5D, 0xFFDF, 0xFFBE, 0xFFBF, 0xFF9E, 0xFFFF, 0xB5D8, 0xA5B8, 0xC67A,
    0xBE3A, 0xC67A, 0xA557, 0xA5BA, 0xB61B, 0xA578, 0x5C96, 0x6D59, 0x6D18, 0x6518, 0x6D38, 0x6D39,
    0x6D39, 0x6D59, 0x6D59, 0x7559, 0x757A, 0x757A, 0x757A, 0x7D9A, 0x7D9A, 0x7D9A, 0x7D9A, 0x85BB,
    0x85DB, 0x85DA, 0x85DA, 0x8E3C, 0x8578, 0xEEDA, 0xFF3C, 0xF6BA, 0xF6BA, 0xF6DA, 0xF6DA, 0xF6DA,
    0xF6DA, 0xF6DA, 0xF6DA, 0xF6DA, 0xF6FA, 0xF6FA, 0xF6FA, 0xF6FA, 0xF6FA, 0xF6DA, 0xF6DA, 0xF6DA,
    0xF6BA, 0xF6BA, 0xF6BA, 0xF6BA, 0xF6BA, 0xF6DA, 0xFFBE, 0xD554, 0xE4D3, 0xE513, 0xE4D3, 0xE4B2,
    0xE513, 0xE514, 0xE513, 0xE513, 0xE513, 0xDD96, 0xAE9B, 0xB69C, 0xA65A, 0xAE7B, 0xAE7B, 0xA65A,
    0xAE7B, 0xAE7B, 0xA61A, 0x9DF9, 0x9DF9, 0xAE5A, 0xC6FD, 0xA65A, 0x9E1A, 0xAEBD, 0xC77F, 0xBF1D,
    0xB67B, 0xB65B, 0xBEBD, 0xC6FE, 0xC6FE, 0xC6FD, 0xD73E, 0xDF7F, 0xE79F, 0xEF7F, 0xF77F, 0xF73E,
    0xEEBE, 0xE69E, 0xE75F, 0xDF9F, 0xBF3F, 0xAE5B, 0xAE3A, 0xCEFD, 0xADD8, 0x9515, 0xADB8, 0xB618,
    0xA578, 0xADD9, 0xB5F8, 0xBE39, 0xB5F8, 0xA5B8, 0x9536, 0x9D56, 0x9536, 0x9536, 0x9536, 0x8D15,
    0x9556, 0x9D97, 0xA5F9, 0xA619, 0xA63A, 0xAE7B, 0xBEDD, 0xD75E, 0xD73E, 0xD6DC, 0xCE7B, 0xC639,
    0xC639, 0xCE39, 0xC619, 0xC618, 0xC618, 0xCE5A, 0xCEBC, 0xCEFD, 0xCEDD, 0xC67B, 0xBDF8, 0xBDD7,
    0xC659, 0xCEDC, 0xCE9B, 0xC5F8, 0xC5B7, 0xADD8, 0x9577, 0x84F5, 0x84F6, 0x7C94, 0x7431, 0x7411,
    0x7410, 0x6BF0, 0x7C30, 0xCE79, 0xD6BB, 0xBE38, 0x9555, 0x7CB3, 0x8D56, 0xAE7B, 0xB6BC, 0xA65B,
    0xCF1D, 0xD6FB, 0xCF1C, 0xBE9B, 0x9DD8, 0x8D98, 0x8D78, 0x8536, 0x8D57, 0x8D57, 0x8557, 0x7CF5,
    0x74F5, 0x6CB5, 0x53D1, 0x4B90, 0x436F, 0x434F, 0x4350, 0x3B2F, 0x3B50, 0x3B50, 0x4391, 0x4BD2,
    0xBFDE, 0xB75C, 0xB71B, 0xB6DA, 0xAEB9, 0xAED9, 0xAE59, 0xAE38, 0xB699, 0xB679, 0xAE19, 0xADF8,
    0xB639, 0xBE9B, 0xBF1D, 0xAF1D, 0xCF9F, 0xDFBF, 0xCF5E, 0xC6FD, 0xBEDD, 0xBEDD, 0xC71E, 0xCEFE,
    0xEF5D, 0xFFFF, 0xFFFF, 0xFFFF, 0xFFFF, 0xFFFF, 0xFFFF, 0xFFFF, 0xF79E, 0xE6DB, 0xFFBE, 0xFF5E,
    0xF73D, 0xF75D, 0xDE9B, 0xEF5D, 0xFFDF, 0xFFBE, 0xFFBE, 0xFFBF, 0xFFDF, 0xDEBB, 0x9516, 0xB639,
    0xC65A, 0xC65A, 0xB5D8, 0x9517, 0xBE3B, 0xB61B, 0x6474, 0x6518, 0x6D38, 0x6D39, 0x6D39, 0x6D39,
    0x6D59, 0x6D59, 0x757A, 0x757A, 0x7D7A, 0x7D7A, 0x7D9A, 0x7D9A, 0x859A, 0x85DB, 0x8DFB, 0x8DDB,
    0x8DDB, 0x8E1B, 0x967D, 0x9E9D, 0x969E, 0x9D97, 0xFEFA, 0xF6BA, 0xF6DA, 0xF6DA, 0xF6DA, 0xF6DA,
    0xF6DA, 0xF6DA, 0xF6DA, 0xF6FA, 0xF6FA, 0xF6FA, 0xF6FB, 0xF6FA, 0xF6FA, 0xF6FA, 0xF6DA, 0xF6DA,
    0xF6DA, 0xF6DA, 0xF6DA, 0xF6BA, 0xF6BA, 0xF6BA, 0xFFBE, 0xD596, 0xE4D3, 0xE534, 0xE534, 0xE4F3,
    0xE513, 0xE514, 0xE514, 0xE513, 0xE534, 0xDDD6, 0x9E1A, 0xA63A, 0xAE9B, 0xB6DC, 0xAE9B, 0xA63A,
    0x9E1A, 0x9DF9, 0xA63A, 0xA63A, 0xA63A, 0xBEBC, 0xBEDC, 0xB6BC, 0xAE9C, 0xB6BC, 0xA63B, 0xA5FA,
    0xB63A, 0xBEBD, 0xCF5F, 0xD7BF, 0xD7BF, 0xDF9F, 0xD75F, 0xD71E, 0xCEBC, 0xBE3A, 0xB5D9, 0xC61B,
    0xE6BE, 0xEF1F, 0xDEDD, 0xD6DE, 0x9DB9, 0x8D36, 0x94F5, 0xADD8, 0xA576, 0xADD8, 0xBE7B, 0xA5F9,
    0xAE3B, 0xB63A, 0xB65A, 0xAE3A, 0xA619, 0x9557, 0x8CF5, 0x8D15, 0x9536, 0x9557, 0x9DB8, 0x9DB8,
    0x9DF9, 0xA65B, 0xA65B, 0xAE19, 0xB639, 0xC65A, 0xCE7B, 0xCE7B, 0xCE9B, 0xCE7B, 0xC63A, 0xC619,
    0xC619, 0xCE19, 0xCE5A, 0xCEBC, 0xD73E, 0xD73E, 0xCEBC, 0xBE19, 0xBDB7, 0xBDB7, 0xC639, 0xCEDC,
    0xD6DC, 0xC639, 0xBDB7, 0xB5D8, 0x9DD9, 0x8D57, 0x7C73, 0x7C52, 0x7C52, 0x7411, 0x7410, 0x7410,
    0x6BF0, 0x7410, 0x9D34, 0xCE9A, 0xB5F8, 0xBE79, 0xD71C, 0x9DF9, 0x9E1A, 0xD79E, 0xDF7E, 0x9DD8,
    0xA619, 0xBEDC, 0xA63B, 0x9598, 0x9DB8, 0x9598, 0x8D15, 0x84F5, 0x84D5, 0x8D16, 0x7CD5, 0x8D16,
    0x9DF9, 0x8D98, 0x5C32, 0x4BB0, 0x4390, 0x4390, 0x5C54, 0x4BD2, 0x3B2F, 0x3B2F, 0x3B4F, 0x4371,
    0xCFFF, 0xB75C, 0xB71B, 0xAEFB, 0xAEDA, 0xAEBA, 0xAE79, 0xAE18, 0xAE38, 0xB659, 0xB619, 0xADF8,
    0xADF9, 0xBE7A, 0xBEBB, 0xB71D, 0xB73E, 0xB69C, 0xB69C, 0xCEFD, 0xDF9E, 0xE7DF, 0xD75F, 0xD6FE,
    0xFFFF, 0xFFFF, 0xFFFF, 0xFFFF, 0xFFFF, 0xFFFF, 0xFFFF, 0xFFFF, 0xF79E, 0xE6BB, 0xFF9E, 0xFF5E,
    0xF73D, 0xF73D, 0xDE9B, 0xE71D, 0xFFFF, 0xFFBE, 0xFFBE, 0xFFBF, 0xFFBF, 0xF77D, 0x9D57, 0xA5B8,
    0xBE39, 0xC65A, 0xC639, 0x6C74, 0x7CD5, 0xADB9, 0x9D78, 0x5496, 0x6D59, 0x6539, 0x6D59, 0x755A,
    0x757A, 0x757A, 0x7D7A, 0x7D9A, 0x7D9A, 0x7D9A, 0x859A, 0x85BA, 0x8DFB, 0x8E1C, 0x8E1C, 0x8E1C,
    0x8E5D, 0x965D, 0x965C, 0x961B, 0x961B, 0x7D79, 0xC596, 0xFF1B, 0xF6BA, 0xF6BA, 0xF6DA, 0xF6DA,
    0xF6DA, 0xF6DA, 0xF6DA, 0xF6FA, 0xF6FA, 0xF6FA, 0xF6FA, 0xF6FB, 0xF6FB, 0xF6FB, 0xF6FA, 0xF6DA,
    0xF6DA, 0xF6DA, 0xF6DA, 0xF6DA, 0xF6BA, 0xF6BA, 0xFFBE, 0xDE17, 0xE4D3, 0xE534, 0xE534, 0xE514,
    0xE514, 0xE514, 0xE534, 0xDD14, 0xF596, 0xD5D7, 0x95D8, 0xA619, 0x9E19, 0xA63A, 0xAE7B, 0xA63A,
    0x95D9, 0xAE5A, 0xB67B, 0xAE3A, 0xA65A, 0xB6BC, 0xAE7B, 0xA61A, 0xAE5B, 0xA5F9, 0xADF9, 0xB61A,
    0xBEBD, 0xCF9F, 0xD7DF, 0xDF9F, 0xD73E, 0xCEDD, 0xBE5B, 0xADF9, 0xA5D8, 0xA5D8, 0xC67B, 0xCE9D,
    0xDE9D, 0xC5FB, 0xCE3C, 0xE6FE, 0xBE3A, 0x9D56, 0x9D56, 0x9D98, 0xBEBC, 0xBEFD, 0x9E3A, 0xB6DD,
    0xB6BD, 0xA65B, 0xA65B, 0x95D9, 0x8D57, 0x8536, 0x8D57, 0x95B8, 0x9577, 0x8D15, 0x84F4, 0x8D15,
    0x9D98, 0xA5D9, 0xADD8, 0xBDF8, 0xC618, 0xC639, 0xC67B, 0xCEBC, 0xCE9B, 0xC639, 0xC619, 0xCE5A,
    0xD6DC, 0xD73E, 0xDF7F, 0xDF5F, 0xCEDC, 0xBE19, 0xBDD7, 0xBDB7, 0xC619, 0xD6BB, 0xD6DC, 0xC619,
    0xA515, 0x9D35, 0x9DB8, 0x9598, 0x84F5, 0x7C52, 0x7C52, 0x7C52, 0x7410, 0x8492, 0xB5D7, 0x94F4,
    0x84B3, 0x94F4, 0x8CD3, 0x9515, 0xCEBA, 0xD71C, 0xD75D, 0xBEDC, 0xCF5E, 0xDF7E, 0xA63A, 0x95B8,
    0x8D98, 0x8D37, 0x9577, 0x8D36, 0x9577, 0x9576, 0xA5F8, 0x9DD8, 0x7494, 0x7CB4, 0x8D36, 0x9578,
    0xA67B, 0x9E3A, 0x74D5, 0x6494, 0x4BB1, 0x4BB1, 0x5BF2, 0x5C12, 0x4350, 0x3B4F, 0x3B4F, 0x3B70,
    0xD7FF, 0xBF9D, 0xB73B, 0xAF3B, 0xAEFA, 0xAEB9, 0xAE58, 0xAE38, 0xADF8, 0xB638, 0xB618, 0xB5F8,
    0xADF9, 0xB65A, 0xB65A, 0xAEBC, 0xAF1D, 0xBEFD, 0xCF3E, 0xD75F, 0xD75F, 0xCF1E, 0xB67D, 0xE71D,
    0xFFFF, 0xFFFF, 0xFFFF, 0xFFFF, 0xFFFF, 0xFFFF, 0xFFFF, 0xFFFF, 0xF7BE, 0xE6BB, 0xFF7E, 0xFF5E,
    0xF73D, 0xF73D, 0xDEBB, 0xE6FC, 0xFFFF, 0xFFBE, 0xFFBF, 0xFFBF, 0xFF9E, 0xFFDF, 0xB5D8, 0x9D98,
    0xA5B8, 0xBE3A, 0xCE7A, 0x8537, 0x54F8, 0x5C96, 0x8D17, 0x6C54, 0x6539, 0x757A, 0x757A, 0x7D9A,
    0x7D7A, 0x7D9A, 0x7D9A, 0x7D9A, 0x859A, 0x859A, 0x85BA, 0x8DFB, 0x8E1C, 0x8E1C, 0x8E1C, 0x963C,
    0x8E1B, 0x8DFB, 0x8DDB, 0x8DDB, 0x8DDA, 0x8E1C, 0x8537, 0xEE78, 0xFEFB, 0xF6BA, 0xF6DA, 0xF6DA,
    0xF6DA, 0xF6DA, 0xF6DA, 0xF6FA, 0xF6FA, 0xF6FB, 0xF6FB, 0xF6FB, 0xF6FB, 0xF6FA, 0xF6FA, 0xF6FA,
    0xF6DA, 0xF6DA, 0xF6DA, 0xF6DA, 0xF6DA, 0xF6BA, 0xFF9E, 0xE699, 0xDCD2, 0xE534, 0xE534, 0xE534,
    0xE534, 0xE534, 0xE534, 0xE514, 0xFDF7, 0xCDD7, 0x95F9, 0x9DF9, 0x9E19, 0xAE5B, 0xAE7B, 0xA61A,
    0x9DF9, 0xAE5A, 0xA61A, 0xAE7B, 0xA63A, 0x9DF9, 0xA5F9, 0xBE7B, 0xB63A, 0xAE1A, 0xB67C, 0xC75E,
    0xD7DF, 0xD79F, 0xD71E, 0xCEBC, 0xB63A, 0x9DB7, 0x9DB8, 0xBEBC, 0xBEBC, 0xBE9B, 0xC65B, 0xCE3B,
    0xBDB9, 0xCDFB, 0xD65C, 0xCE5B, 0xCEBC, 0xB65A, 0xA63A, 0xAE9C, 0xAEBD, 0xA67C, 0xBEFD, 0xCF5F,
    0xA63A, 0x95D9, 0x8DB9, 0x8DD9, 0x9DFA, 0x9E1A, 0x9DF9, 0x9536, 0x7C72, 0x7C52, 0x84B3, 0x9D56,
    0xADD9, 0xBE19, 0xBDF8, 0xC5F9, 0xC639, 0xC67B, 0xCE7B, 0xC65A, 0xC639, 0xCE5A, 0xD6DC, 0xDF3E,
    0xDF7F, 0xDF5F, 0xCEBC, 0xBDF9, 0xBDB7, 0xBDD7, 0xC5F8, 0xCE5A, 0xCE9B, 0xC639, 0xAD35, 0x8CB3,
    0x8D15, 0x9598, 0x8D57, 0x8493, 0x7C31, 0x7C31, 0x7C31, 0x7411, 0x7410, 0xBE18, 0xD6DB, 0xAD97,
    0xA556, 0xA575, 0x7C92, 0x9D76, 0xB65A, 0xAE5A, 0xAE7B, 0xBEDC, 0xCF3D, 0xBEDC, 0x9DD9, 0x8515,
    0x9556, 0xBE7B, 0xC6BC, 0xBE5A, 0xA5B7, 0x9556, 0x9D98, 0x84F5, 0x7CB4, 0x9598, 0xBEBC, 0xB6FD,
    0x9E3B, 0x9598, 0x8537, 0x8537, 0x74F5, 0x53F2, 0x4B91, 0x4B70, 0x4B50, 0x434F, 0x3B50, 0x3B50,
    0xD7FF, 0xC7DE, 0xB73C, 0xB73B, 0xAEFA, 0xAE99, 0xAE38, 0xAE59, 0xAE18, 0xADF8, 0xAE18, 0xB5F8,
    0xB619, 0xB63A, 0xB63A, 0xAE3B, 0xA6DD, 0xB6FD, 0xC6BC, 0xC6DD, 0xBEBD, 0xB67C, 0xA5DB, 0xE71D,
    0xFFFF, 0xFFFF, 0xFFFF, 0xFFFF, 0xFFFF, 0xFFFF, 0xFFFF, 0xFFFF, 0xFFDF, 0xE69B, 0xF73D, 0xF75D,
    0xF73D, 0xF73D, 0xDEBB, 0xDEFC, 0xFFFF, 0xFFBE, 0xFFBF, 0xFFBF, 0xFF9E, 0xFFDF, 0xD6BB, 0x9D57,
    0xA5D8, 0xA5B8, 0xC67B, 0xA597, 0x5CD8, 0x6D5A, 0x6519, 0x6474, 0x5C75, 0x7D9A, 0x7579, 0x7D9A,
    0x7D9A, 0x859A, 0x859A, 0x859A, 0x85BA, 0x85BA, 0x85DA, 0x8DFB, 0x8DFB, 0x8E1B, 0x8DFB, 0x8DFA,
    0x8DDA, 0x8DFB, 0x8DFB, 0x8DFB, 0x8DFB, 0x8DFB, 0x85FB, 0xA556, 0xFEFA, 0xF6DA, 0xF6DA, 0xF6DA,
    0xF6DA, 0xF6DA, 0xF6DA, 0xF6FA, 0xF6FA, 0xF6FA, 0xF6FA, 0xF6FB, 0xF6FB, 0xF6FB, 0xF6FB, 0xF6FA,
    0xF6DA, 0xF6DA, 0xF6DA, 0xF6DA, 0xF6DA, 0xF6BA, 0xFF7D, 0xE6DB, 0xD4D3, 0xE555, 0xE534, 0xE534,
    0xE534, 0xE534, 0xE534, 0xE534, 0xFE79, 0xBDB7, 0x9E3A, 0xA63A, 0xA65A, 0xAE5A, 0xA63A, 0x9DD9,
    0xA61A, 0xA61A, 0xAE5B, 0xB67B, 0xA63A, 0xB65B, 0xB63A, 0xB63A, 0xB67C, 0xC75E, 0xCFDF, 0xD7BF,
    0xCF1E, 0xC69C, 0xADF9, 0x9577, 0x8D76, 0x9598, 0xA63A, 0xBEBC, 0xAE1A, 0xADD8, 0xADB9, 0xB5B9,
    0xAD99, 0xBDDA, 0xBDDA, 0xBE3C, 0xAE3B, 0x9E3B, 0xAEBC, 0xAE7C, 0x9E5B, 0xB6DD, 0xBEFE, 0x95FA,
    0x8DB9, 0x961A, 0x8DD9, 0x9DD9, 0xBE5A, 0x9D76, 0x8472, 0x7C52, 0x8473, 0x9515, 0xADB7, 0xB5D9,
    0xBDD8, 0xBDD8, 0xBDF9, 0xC65A, 0xC63A, 0xC619, 0xC619, 0xC619, 0xCE3A, 0xD6BC, 0xD71E, 0xD73E,
    0xC69C, 0xBDD8, 0xB597, 0xBDB7, 0xC5D8, 0xC5D8, 0xC5F8, 0xBDD8, 0xB576, 0x9CF4, 0x8CD4, 0x9DB8,
    0x9DF9, 0x9577, 0x84B4, 0x7C52, 0x7431, 0x7431, 0x8472, 0x7C72, 0xA555, 0xE75D, 0xD6DB, 0x9D34,
    0x8CD4, 0x9D97, 0x9DD8, 0x9DFA, 0xA65A, 0xB6BC, 0xBEFC, 0xC71D, 0xC6DC, 0xC6BB, 0x9D96, 0x8CF4,
    0xBE39, 0xBE59, 0xBE59, 0xB63A, 0xA5B8, 0xA5B8, 0x9577, 0x8D36, 0x8578, 0xAE9C, 0xBEFE, 0xA65B,
    0x7D16, 0x7CF5, 0x7CF5, 0x7494, 0x6C94, 0x53D1, 0x4B90, 0x4B91, 0x4B91, 0x4B91, 0x4350, 0x4371,
    0xDFFF, 0xCFFF, 0xB77D, 0xB71B, 0xAEDB, 0xAE9A, 0xAE58, 0xAE38, 0xAE18, 0xADF8, 0xADF8, 0xB5F8,
    0xB619, 0xB63A, 0xB61A, 0xADFA, 0xAE7C, 0xA6DC, 0xBE9C, 0xB65C, 0xAE3B, 0xB65C, 0xBE7C, 0xEF5D,
    0xFFFF, 0xFFFF, 0xFFFF, 0xFFFF, 0xFFFF, 0xFFFF, 0xFFFF, 0xFFFF, 0xFFDF, 0xDE7B, 0xE6DC, 0xF73D,
    0xF71C, 0xEF3D, 0xDEBB, 0xDEDC, 0xFFDF, 0xFFBE, 0xFFBE, 0xFF9F, 0xFF9E, 0xFFBF, 0xF77E, 0x9D57,
    0xA5D8, 0x9D98, 0xADF9, 0xC639, 0x6CF7, 0x7599, 0x7D7A, 0x759A, 0x6D38, 0x7559, 0x7D9A, 0x859A,
    0x859A, 0x859A, 0x85BA, 0x85BA, 0x85BA, 0x8DDB, 0x8DFB, 0x8DFB, 0x8DDB, 0x8DDB, 0x8DDA, 0x8DDB,
    0x8DFB, 0x8DFB, 0x8DFB, 0x8DFB, 0x8DFB, 0x8E1B, 0x965C, 0x85B9, 0xD617, 0xFF1B, 0xF6DA, 0xF6DA,
    0xF6DA, 0xF6DA, 0xF6FA, 0xF6FA, 0xF6FB, 0xF6FB, 0xF6FB, 0xF6FB, 0xF6FB, 0xF6FB, 0xF6FB, 0xF6FB,
    0xF6FA, 0xF6DB, 0xF6DB, 0xF6DA, 0xF6DB, 0xF6DA, 0xFF5D, 0xE71C, 0xD4F3, 0xED55, 0xE534, 0xE534,
    0xE534, 0xE554, 0xE534, 0xED76, 0xFE99, 0xB5D8, 0x9E5B, 0xA63A, 0xAE7B, 0xA63A, 0xA63A, 0xA63A,
    0xA63A, 0xA61A, 0xAE5B, 0xB67B, 0xAE3A, 0xB65B, 0xBEBC, 0xC75E, 0xCFBF, 0xD7FF, 0xD7BF, 0xC6BD,
    0xA5B8, 0x9556, 0x9DB8, 0x95B8, 0x95B8, 0x95D9, 0x9DF9, 0xAE3A, 0xA5F9, 0xADFA, 0x9D97, 0x9D78,
    0xADDA, 0xADDA, 0xBE7E, 0xDF7F, 0xCF5F, 0xB6DD, 0xC73E, 0xBEDD, 0xB67B, 0xA63A, 0x961B, 0x9DFA,
    0xA63B, 0xAE3A, 0x9535, 0x6BCF, 0x94D4, 0x9515, 0x7452, 0x8CF5, 0xAD97, 0xB5B8, 0xB5B7, 0xB597,
    0xB5D8, 0xBE1A, 0xC63A, 0xBDF8, 0xBDB8, 0xBDD8, 0xC5F8, 0xC619, 0xCE7B, 0xD6FD, 0xC65B, 0xB5B8,
    0xB576, 0xBD97, 0xBDB7, 0xC5D8, 0xBDF8, 0xB597, 0xAD56, 0xA535, 0x9515, 0x8D57, 0x9DD8, 0x9DF9,
    0x95B8, 0x9577, 0x9D56, 0xA535, 0x8CB3, 0x8C93, 0x9515, 0x8CD4, 0xC67A, 0xD6DB, 0xCE9A, 0xA5B7,
    0x8D77, 0x9E3B, 0xA67C, 0x9DD9, 0xAE3A, 0xBEDC, 0xB6BC, 0xAE39, 0xADF8, 0x8D15, 0x8CD4, 0xB618,
    0xBE39, 0xB618, 0xB639, 0x9576, 0xAE19, 0xBE9B, 0xB6BC, 0xA69C, 0x9E9D, 0x8DDA, 0x9DFA, 0x9DD9,
    0x8537, 0x9D98, 0x9DD8, 0x8D57, 0x5BF2, 0x53B1, 0x53B1, 0x53F2, 0x5C54, 0x53F3, 0x5BF3, 0x5C13,
    0xD7FF, 0xD7FF, 0xBFBE, 0xB73C, 0xAEFB, 0xAE9A, 0xAE59, 0xAE19, 0xADF8, 0xADD8, 0xADD8, 0xADD8,
    0xB5F9, 0xBE1A, 0xB5DA, 0xADDA, 0xAE3B, 0xA6FD, 0xBEBC, 0xC6BD, 0xD73E, 0xEFDF, 0xE77E, 0xEF3D,
    0xFFFF, 0xFFFF, 0xFFFF, 0xFFFF, 0xFFFF, 0xFFFF, 0xFFFF, 0xFFFF, 0xFFDF, 0xDE7B, 0xE6BB, 0xEF1C,
    0xEF1C, 0xEF3C, 0xDEBB, 0xDEDC, 0xFFDF, 0xFF9E, 0xFF9E, 0xFF9F, 0xFF9E, 0xFF7E, 0xFFDF, 0xB5F9,
    0x9577, 0xA5D8, 0x9D78, 0xB619, 0x8D17, 0x6D39, 0x6D59, 0x6D59, 0x757A, 0x859A, 0x859A, 0x859A,
    0x859A, 0x859A, 0x85BA, 0x85BA, 0x8DDA, 0x8DFA, 0x8DDB, 0x8DDB, 0x8DFB, 0x8DDA, 0x8DFB, 0x8DFB,
    0x8DFB, 0x8DFB, 0x8E1B, 0x8E1B, 0x8E1B, 0x8E3B, 0x963B, 0x8E5C, 0x9577, 0xF6DA, 0xF6FB, 0xF6DA,
    0xF6DA, 0xF6DA, 0xF6FA, 0xF6FB, 0xF6FB, 0xF6FB, 0xF6FB, 0xF6FB, 0xF71B, 0xF71B, 0xF6FB, 0xF71B,
    0xF6FB, 0xF6FB, 0xF6FB, 0xF6FB, 0xF6FB, 0xF6DA, 0xFF3C, 0xEF5D, 0xCD13, 0xED55, 0xE554, 0xE534,
    0xE554, 0xE555, 0xE534, 0xEDD7, 0xFE99, 0xADF8, 0xA65B, 0xAE7B, 0xAE7C, 0xA63A, 0xA63A, 0xA65B,
    0x9E1A, 0xAE5A, 0xB65A, 0xB65B, 0xC6FD, 0xCF5F, 0xCF5E, 0xCF3E, 0xD77F, 0xC6FD, 0xA61A, 0x9598,
    0x95D9, 0xB69C, 0xB6BC, 0x95B8, 0x8D77, 0x8536, 0x8515, 0x9577, 0xADF9, 0xAE3A, 0xAE3A, 0xC6BC,
    0xB67C, 0xBE9D, 0xBE7D, 0xBE7C, 0xCEDD, 0xC69C, 0xB63A, 0xA5F9, 0x9DD9, 0x961B, 0x95D9, 0x8536,
    0x8CF5, 0x8493, 0x6BAF, 0x6BF0, 0x7473, 0x84B4, 0xA597, 0xB5D8, 0xB597, 0xB577, 0xB5B8, 0xBDF9,
    0xBE19, 0xB5D8, 0xB597, 0xBDB7, 0xC5D8, 0xC5F9, 0xC619, 0xC69B, 0xC67B, 0xB5B8, 0xAD56, 0xB576,
    0xBD97, 0xBDF8, 0xBE19, 0xB5D8, 0xAD56, 0xA556, 0x9D56, 0x8D16, 0x8D15, 0x9556, 0x9556, 0x9535,
    0x8D15, 0x9D76, 0xADB7, 0xC659, 0xB639, 0x9556, 0x9577, 0x9556, 0xA597, 0xC6BB, 0xAE5B, 0x95FA,
    0x963B, 0x9DDA, 0x8D15, 0x8D15, 0x8D37, 0x8517, 0x84F5, 0x7CD4, 0x7C93, 0x8D15, 0x84F5, 0x84F5,
    0x84F5, 0xBE7A, 0x9D97, 0xA5D8, 0xBEDD, 0xC75E, 0x9E9D, 0x965C, 0x8DB9, 0x8536, 0x8D98, 0x9598,
    0xA5F9, 0xADF9, 0xB619, 0x8D57, 0x5BF2, 0x5C13, 0x5C33, 0x5C54, 0x6475, 0x6495, 0x6C74, 0x6434,
    0xBFFF, 0xD7FF, 0xC7FF, 0xB73C, 0xB6FB, 0xAEBB, 0xA659, 0xA639, 0xAE19, 0xA5B8, 0xA597, 0xA598,
    0xADD9, 0xB61A, 0xADDA, 0xB5FA, 0xAE1B, 0xA69C, 0xBF3E, 0xEFDF, 0xE7BF, 0xCF3E, 0xAE1C, 0xE6FC,
    0xFFFF, 0xFFFF, 0xFFFF, 0xFFFF, 0xFFFF, 0xFFFF, 0xFFFF, 0xFFFF, 0xFFFF, 0xD67B, 0xDE9B, 0xE6DC,
    0xEF1C, 0xEF1C, 0xDE9B, 0xDEBC, 0xFFBF, 0xFF5D, 0xF77E, 0xF77E, 0xFF7E, 0xFF7E, 0xFFBF, 0xDEBB,
    0x9557, 0xA5D9, 0x9D98, 0x9DB8, 0x9557, 0x6518, 0x7D7A, 0x7D9A, 0x859A, 0x859A, 0x7D9A, 0x859A,
    0x859A, 0x859A, 0x85BA, 0x8DDA, 0x8DDA, 0x8DDA, 0x8DFB, 0x8DFB, 0x8DFB, 0x8DFB, 0x8DFB, 0x8E1B,
    0x8E1B, 0x8E1B, 0x961C, 0x963C, 0x963C, 0x963C, 0x963C, 0x963C, 0x85DA, 0xBDD7, 0xFF1B, 0xF6DA,
    0xF6DB, 0xF6FB, 0xF6FB, 0xF6FB, 0xF6FB, 0xF6FB, 0xF6FB, 0xF6FB, 0xF71B, 0xF71B, 0xF71B, 0xF71B,
    0xF71B, 0xF6FB, 0xF6FB, 0xF6FB, 0xF6FB, 0xF6FB, 0xF71B, 0xF79D, 0xC514, 0xED55, 0xE555, 0xE555,
    0xE555, 0xE555, 0xE534, 0xF5F7, 0xF6BA, 0xA5F9, 0xA65B, 0x9E1A, 0xA65B, 0xAE7B, 0xAE7C, 0xAE7B,
    0xB65B, 0xB67B, 0xBEFD, 0xCF7F, 0xC73E, 0xC6BC, 0xC67B, 0xC6BC, 0xA63A, 0x8577, 0x95D8, 0xAE7B,
    0xAE7B, 0x9DD9, 0x9598, 0x95B8, 0x9DD9, 0x9598, 0x8D56, 0xA61A, 0x9DF9, 0xAE3A, 0xAE5A, 0xA63A,
    0xAE1A, 0xBE5B, 0xADD9, 0xADB9, 0xBE5B, 0xBE7B, 0xB67B, 0xAE7B, 0xB6BC, 0xC73E, 0xC6FD, 0xB65A,
    0xAE19, 0x9556, 0x84F5, 0x8D15, 0x9D56, 0xB5B8, 0xB597, 0xAD77, 0xB5B8, 0xBE19, 0xBE1A, 0xB598,
    0xAD56, 0xB5B8, 0xC65A, 0xCE7B, 0xC65A, 0xBE19, 0xBDF9, 0xB5B8, 0xAD56, 0xAD36, 0xB577, 0xBDD8,
    0xC65B, 0xC67B, 0xADB8, 0x9D57, 0x9516, 0x84F5, 0x7C93, 0x8493, 0x8CD3, 0x8472, 0x8492, 0x8CF5,
    0x84F5, 0xBE9B, 0xDFBF, 0xCF5D, 0x95B8, 0x8515, 0x9D77, 0x9DD8, 0x9DF9, 0x95FA, 0xA65B, 0xCF9F,
    0xD77F, 0xA5D8, 0x7C52, 0x7CB4, 0x7CB4, 0x7474, 0x84D4, 0x9DB7, 0xADF8, 0xB639, 0x9557, 0x7CB4,
    0x8D36, 0x9DD8, 0x9577, 0xC73E, 0xCFBF, 0xC79F, 0x9E1B, 0x8537, 0x8D57, 0x9DFA, 0x9DD9, 0xA5D9,
    0xADF8, 0xADD8, 0x9D98, 0x5BF2, 0x5C33, 0x6474, 0x6C95, 0x74F6, 0x6CB5, 0x6474, 0x5C13, 0x53B1,
    0xC7FF, 0xD7FF, 0xCFFF, 0xB75C, 0xB6DB, 0xAEBB, 0xAE7A, 0xAE39, 0xAE19, 0xADD8, 0xA598, 0xA598,
    0xA598, 0xB63A, 0xB63A, 0xB5FA, 0xB63B, 0xAE9C, 0xAEDD, 0xC6DD, 0xB65C, 0xAE3B, 0x9DBA, 0xD69B,
    0xFFFF, 0xFFFF, 0xFFFF, 0xFFFF, 0xFFFF, 0xFFFF, 0xFFFF, 0xFFFF, 0xFFDF, 0xD65A, 0xDE9B, 0xD69B,
    0xEF1C, 0xEF1C, 0xD69B, 0xE6FC, 0xFF9E, 0xF73D, 0xEF3D, 0xEF3D, 0xEF5D, 0xF75D, 0xFF7E, 0xF77E,
    0x9557, 0xA5D9, 0x9DB8, 0x9DB8, 0x9556, 0x7D18, 0x85BB, 0x7D79, 0x7D9A, 0x7D99, 0x7D9A, 0x859A,
    0x859A, 0x85BA, 0x8DDA, 0x8DDA, 0x8DDA, 0x8DFB, 0x8DFB, 0x8DFB, 0x8E1B, 0x8E1B, 0x8E1B, 0x8E1B,
    0x961C, 0x963C, 0x963C, 0x963C, 0x963B, 0x961B, 0x961B, 0x8DFB, 0x8E1B, 0x8557, 0xEEB9, 0xF6FB,
    0xF6DB, 0xF6DB, 0xF6DA, 0xF6FB, 0xF6FB, 0xF6FB, 0xF6FB, 0xF6FB, 0xF71B, 0xF71B, 0xF71B, 0xF71B,
    0xF71B, 0xF71B, 0xF6FB, 0xF6FB, 0xF6FB, 0xF6FB, 0xF6FB, 0xF79D, 0xCD75, 0xE555, 0xE575, 0xE555,
    0xE555, 0xE555, 0xE534, 0xEDD7, 0xF6BA, 0x95B8, 0xA67B, 0xAE9C, 0xAE9C, 0xAE5B, 0xAE5B, 0xB67B,
    0xBE9C, 0xC73E, 0xC73E, 0xC6BC, 0xC67B, 0xB63A, 0xA5B8, 0x8D36, 0x7D15, 0x8D97, 0xA63A, 0x95B8,
    0x8577, 0x8536, 0x8557, 0x8D98, 0x95D9, 0xA65B, 0xA63A, 0x9DF9, 0x9DF9, 0x9D98, 0x84D5, 0x84B4,
    0xA5D8, 0xCEBB, 0xD71D, 0xE77F, 0xE7BF, 0xDF9E, 0xCF3D, 0xC6DB, 0xC6FC, 0xAE39, 0x9556, 0x8D15,
    0x8D15, 0x9577, 0xA5B8, 0xB5B8, 0xB5D9, 0xBE19, 0xBE1A, 0xBE3A, 0xC63A, 0xBDD8, 0xB556, 0xBDB8,
    0xC69B, 0xD6FE, 0xCEFD, 0xC65A, 0xB5B8, 0xAD56, 0xA556, 0xA535, 0xB576, 0xBDF8, 0xBE5B, 0xBE9C,
    0xB65B, 0x9D98, 0x84F5, 0x7C73, 0x6C11, 0x73F1, 0x7C72, 0x84B3, 0x7C52, 0x7C73, 0x7CF6, 0x7D37,
    0x961A, 0xE7FF, 0xD73C, 0x8D14, 0x7C72, 0x8D35, 0x9DD9, 0x95B8, 0x8DB9, 0x95FA, 0xD77F, 0xDFDF,
    0xC6BB, 0xA5B7, 0xA597, 0x9557, 0x84B4, 0x94F4, 0xA576, 0xB5F8, 0xAE19, 0x9DB7, 0x8D57, 0xA5F9,
    0xBEBC, 0x9E3B, 0xA69C, 0xBF5F, 0xBF7F, 0x9E5B, 0x8516, 0x9577, 0x9DFA, 0x9DFA, 0x8D57, 0x84F6,
    0x9577, 0x8D57, 0x6433, 0x6C95, 0x74F6, 0x6474, 0x6C74, 0x7495, 0x6433, 0x53D1, 0x5BF2, 0x53D1,
    0xC7FF, 0xCFFF, 0xD7FF, 0xBFBE, 0xAEFC, 0xAEDB, 0xAE9B, 0xAE5A, 0xAE19, 0xA5D8, 0xA5B8, 0xA598,
    0xA598, 0xB63A, 0xB63B, 0xB61A, 0xB63B, 0xAE5B, 0xA6BD, 0xA67C, 0xAE1B, 0xAE1B, 0x959A, 0xC61A,
    0xFFFF, 0xFFDF, 0xFFFF, 0xFFFF, 0xFFFF, 0xFFFF, 0xFFFF, 0xFFFF, 0xF7BE, 0xCE3A, 0xDEBB, 0xCE7A,
    0xE6DC, 0xEF1D, 0xCE7B, 0xEEFC, 0xFF5E, 0xEF3D, 0xEF1D, 0xE71D, 0xE71D, 0xE71C, 0xE73D, 0xFF9E,
    0xADD9, 0x9598, 0xA5D9, 0x9DB8, 0x9DB8, 0x74B5, 0x7D99, 0x85BA, 0x7D79, 0x7D99, 0x859A, 0x859A,
    0x859A, 0x85BA, 0x8DDA, 0x8DDA, 0x8DDB, 0x8DFB, 0x8DFB, 0x8DFB, 0x961B, 0x961B, 0x961B, 0x8E1B,
    0x8E1B, 0x8E1C, 0x961C, 0x961B, 0x8E1B, 0x8DFB, 0x8DFB, 0x85DA, 0x8DDA, 0x7DDB, 0xADB7, 0xFF1B,
    0xF6FB, 0xF6BA, 0xF69A, 0xF6BA, 0xF6FB, 0xF71B, 0xF71B, 0xF71B, 0xF71B, 0xF71B, 0xF71B, 0xF71B,
    0xF71B, 0xF71B, 0xF71B, 0xF71B, 0xF71B, 0xF71B, 0xF6FB, 0xFF7D, 0xD5F7, 0xE535, 0xE575, 0xE575,
    0xE555, 0xE575, 0xE554, 0xEDD7, 0xEEBA, 0x95D9, 0xAE9C, 0xAE7C, 0xAE7B, 0xB69B, 0xBE9B, 0xBE9B,
    0xBE9B, 0xBE9C, 0xBE7B, 0xB63A, 0x9D98, 0x7CF5, 0x7CF5, 0x8D77, 0x95F9, 0xA65B, 0x8577, 0x7D36,
    0x8DB9, 0x961A, 0x85D8, 0x8DF9, 0xA67C, 0xAE7B, 0xA61A, 0x9DB8, 0x8CF5, 0x7473, 0x8D56, 0xB67A,
    0xDF5E, 0xCEDC, 0xAE1A, 0x9598, 0xADF9, 0xB619, 0x9515, 0x9D56, 0x84F5, 0x5B6F, 0x5B8F, 0x7411,
    0x94F5, 0xA556, 0xB5D8, 0xBE7C, 0xC69D, 0xBE5B, 0xBE1A, 0xB597, 0xAD56, 0xB598, 0xC65B, 0xCEDD,
    0xCEDC, 0xC67B, 0xB5F9, 0xA556, 0xA536, 0xAD56, 0xAD56, 0xB5B8, 0xADD8, 0x9DB9, 0x8D78, 0x7D16,
    0x74B4, 0x6412, 0x63D0, 0x6BD0, 0x7411, 0x7C52, 0x7C52, 0x6C12, 0x6C53, 0x7537, 0x8DFA, 0xAE9B,
    0xB65A, 0x9535, 0x8CD3, 0x8CF4, 0x8493, 0xBE59, 0xC6DC, 0xBE9B, 0xBE9B, 0xBE7B, 0xBE9B, 0xA5F9,
    0xAE3A, 0xCF1D, 0xBE9B, 0xA597, 0xA576, 0xAD96, 0xA576, 0x9D76, 0xA597, 0x8D16, 0x8DB9, 0xA67C,
    0xA6BD, 0xB73F, 0xB73F, 0xA6BE, 0x965C, 0x6CD5, 0x7CF6, 0x95D9, 0x9DD9, 0x9DB8, 0x84F6, 0x9577,
    0x8D37, 0x7CF6, 0x6C94, 0x7D17, 0x7CD6, 0x6433, 0x5C12, 0x5BF2, 0x53B1, 0x432F, 0x4B6F, 0x434F,
    0xBFFF, 0xBFFF, 0xCFFF, 0xC7FF, 0xAF1C, 0xAEDB, 0xAE9B, 0xAE5A, 0xAE39, 0xADF9, 0xADF9, 0xA598,
    0xA5B8, 0xB61A, 0xB63A, 0xAE1A, 0xB65B, 0xB63B, 0xA69C, 0xA6BD, 0xAE1C, 0xA5FB, 0xA5DB, 0xB5DA,
    0xFF9E, 0xFF9E, 0xFF9E, 0xFFBF, 0xFFDF, 0xFFDF, 0xFFDF, 0xFFFF, 0xF77E, 0xC619, 0xD69B, 0xCE5B,
    0xD69B, 0xEF3D, 0xCE5A, 0xF75D, 0xF75E, 0xEF1D, 0xE71D, 0xDEFD, 0xDEFC, 0xDEDC, 0xDEFC, 0xEF5D,
    0xC65B, 0x9577, 0xA5F9, 0x9D98, 0xA5D9, 0x7CB6, 0x4AF3, 0x7518, 0x85DA, 0x7D79, 0x7D79, 0x7D9A,
    0x859A, 0x8DBA, 0x8DDA, 0x8DDB, 0x8DFB, 0x8DFB, 0x8DFB, 0x8E1B, 0x961B, 0x8E1B, 0x8E1B, 0x8DFB,
    0x8E1B, 0x8E1B, 0x8E1B, 0x8DFB, 0x8DFB, 0x85DA, 0x85DA, 0x85DA, 0x8E1B, 0x8E1B, 0x7D78, 0xE699,
    0xFF1B, 0xF69A, 0xF6BA, 0xF69A, 0xF69A, 0xF6FB, 0xF71B, 0xF71B, 0xF71B, 0xF71B, 0xF71B, 0xF71B,
    0xF71B, 0xF71B, 0xF71B, 0xF71B, 0xF71B, 0xF71B, 0xF6FB, 0xFF5C, 0xD638, 0xDD34, 0xE596, 0xE575,
    0xE575, 0xE575, 0xE555, 0xEDD7, 0xEEBA, 0x9DF9, 0xA65B, 0xAE5B, 0xB67B, 0xBE7B, 0xBE7B, 0xBE7B,
    0xBE5B, 0xAE19, 0x9577, 0x7CD5, 0x74B4, 0x8D98, 0x9DFA, 0x9E1A, 0x8DD9, 0xA67B, 0x95FA, 0x8DD9,
    0x8DDA, 0x961A, 0xA65B, 0xA63A, 0x9D98, 0x9536, 0x9536, 0x9577, 0x9DD9, 0xAE7B, 0xA65B, 0x7CF6,
    0x74B5, 0x5BF2, 0x53B1, 0x5B90, 0x6BD0, 0x8CD4, 0x9515, 0xAE19, 0xADD7, 0x9516, 0xA556, 0xAD77,
    0xAD77, 0xB5FA, 0xBE5B, 0xB5F9, 0xAD57, 0xA515, 0xAD16, 0xB597, 0xBE3A, 0xC65B, 0xBDD9, 0xB577,
    0xA536, 0x9CD4, 0x9CD4, 0x9D15, 0xA556, 0xB5F9, 0xBEBC, 0xBE7C, 0x7CF6, 0x6C95, 0x6C74, 0x5C12,
    0x5BB1, 0x5BB0, 0x63D0, 0x6C11, 0x7432, 0x6C12, 0x6C53, 0x8578, 0x963B, 0xA65B, 0xB65A, 0xB638,
    0xA596, 0x7452, 0x7411, 0x7C72, 0x8CD4, 0xA596, 0xA596, 0x9D56, 0x8CF4, 0x7431, 0x63F1, 0x6453,
    0x8598, 0xA63A, 0x9D97, 0x9D76, 0x9556, 0x9557, 0x8D57, 0x8D36, 0x7CB4, 0x6C95, 0x7D99, 0x85B9,
    0x961A, 0xA65A, 0x95D9, 0x85B9, 0x7D78, 0x7495, 0x8D77, 0x9DF9, 0x9577, 0x84D5, 0x84F6, 0x7CF6,
    0x74B5, 0x6C94, 0x7CD5, 0x74B5, 0x6C74, 0x5BF2, 0x5C12, 0x6432, 0x5BF1, 0x53B1, 0x434F, 0x432F,
    0xB7FF, 0xB7FF, 0xC7FF, 0xCFFF, 0xB77D, 0xAEDC, 0xAE9B, 0xAE7A, 0xAE5A, 0xAE39, 0xADF9, 0xADD9,
    0xADB8, 0xB5F9, 0xB61A, 0xADDA, 0xAE1B, 0xAE3B, 0xA65C, 0xA69D, 0xAE3C, 0xAE3C, 0xAE3D, 0xA5DA,
    0xEF1C, 0xFF9E, 0xFF5D, 0xFF7E, 0xFF9E, 0xFF9E, 0xFF9E, 0xFFFF, 0xEF3D, 0xC61A, 0xD69B, 0xC67B,
    0xC65A, 0xEF1D, 0xBDFA, 0xB5D9, 0xF75D, 0xEF3D, 0xE6FC, 0xDEFC, 0xDEDC, 0xD6DC, 0xD6DB, 0xDEFC,
    0xD6DC, 0x8D37, 0xA5F9, 0xA619, 0xA5F9, 0x95B8, 0x4AD3, 0x4A73, 0x5C35, 0x7DBA, 0x7559, 0x7D99,
    0x85BA, 0x8DDA, 0x8DDB, 0x8DFB, 0x8DFB, 0x95FB, 0x8E1B, 0x8E1B, 0x8DFB, 0x85FB, 0x8DFB, 0x8E1B,
    0x8DFB, 0x8DFB, 0x85DB, 0x85DA, 0x85BA, 0x85DA, 0x8DFB, 0x8DFB, 0x8DFB, 0x8DFA, 0x85DA, 0xADB7,
    0xFEFB, 0xF69A, 0xF69A, 0xF6BA, 0xF69A, 0xF69A, 0xF6FB, 0xF73C, 0xF71B, 0xF71B, 0xF71B, 0xF71B,
    0xF71B, 0xF73B, 0xF71B, 0xF71B, 0xF71B, 0xF71B, 0xF71B, 0xFF3C, 0xDE99, 0xD535, 0xE596, 0xE575,
    0xE575, 0xE575, 0xE555, 0xEDF7, 0xF6BA, 0xA5F9, 0xB67B, 0xB65A, 0xB65A, 0xB67B, 0xB65A, 0x9DD8,
    0x7CF5, 0x6C94, 0x7CF5, 0x95D8, 0x9E5B, 0x9E5B, 0x95FA, 0x965B, 0x9E7C, 0x961B, 0x85DA, 0x8DD9,
    0x8DB9, 0x8D57, 0x7473, 0x6C12, 0x84D5, 0x9D98, 0x8D56, 0x7CD4, 0x8D37, 0x8538, 0x6CB6, 0x4BD2,
    0x53B0, 0x63D0, 0x63AF, 0x638F, 0x5B6E, 0x5BAF, 0x84B4, 0xADB8, 0xA536, 0xA536, 0xA536, 0xAD57,
    0xB5F9, 0xBE3A, 0xB619, 0xB5F8, 0xBE59, 0xC69B, 0xCEFD, 0xD75E, 0xD75E, 0xD73D, 0xD75D, 0xCF3D,
    0xCEFC, 0xBE9B, 0xB5F8, 0xB5D8, 0xBE5B, 0xBE9C, 0xC6FE, 0x7CF6, 0x53D1, 0x5BD1, 0x536F, 0x5390,
    0x5BB0, 0x5BD0, 0x63F1, 0x63F1, 0x63D1, 0x6453, 0x961A, 0xAE9C, 0xA619, 0xA5D8, 0xA597, 0x7C72,
    0x5BAF, 0x7431, 0x6C11, 0x5B8F, 0x536E, 0x534E, 0x5B8F, 0x4B2E, 0x430D, 0x5390, 0x5C53, 0x7517,
    0x95F9, 0xA67B, 0xA67B, 0x9E3B, 0x9E1A, 0x95D9, 0x8DB9, 0x7516, 0x53F2, 0x64B5, 0x7599, 0x64F7,
    0x6CB5, 0x7CF6, 0x6C74, 0x6C75, 0x7D37, 0x95B9, 0x95B9, 0x8557, 0x74B5, 0x6C95, 0x6CD6, 0x6C95,
    0x6C54, 0x6412, 0x6433, 0x6433, 0x53B1, 0x4B70, 0x4B70, 0x5BD1, 0x5BD1, 0x4B90, 0x4370, 0x4370,
    0xB7FF, 0xAFDE, 0xB7DE, 0xCFFF, 0xBF9E, 0xAEDC, 0xAE9B, 0xAE5A, 0xAE3A, 0xAE19, 0xA5F9, 0xADFA,
    0xADD9, 0xADD9, 0xADDA, 0xADBA, 0xADDA, 0xAE1B, 0xA61B, 0xB6BD, 0xDF3E, 0xAE5C, 0xB65C, 0xDF1E,
    0xDEBB, 0xFF7E, 0xFF5D, 0xFF5D, 0xFF5D, 0xFF5D, 0xFF5E, 0xFFBE, 0xDEBB, 0xC61A, 0xCE9B, 0xCE7A,
    0xBE5A, 0xDEFC, 0xB5D9, 0x7D39, 0x9579, 0xD6BB, 0xE71D, 0xD6DC, 0xD6DC, 0xD6BC, 0xD6DC, 0xCEBB,
    0xDF1C, 0x8CB7, 0x73F6, 0x84D7, 0x9577, 0xA619, 0x6C95, 0x4AF4, 0x4A73, 0x53D4, 0x85DA, 0x85BA,
    0x8DDA, 0x8DDA, 0x8DFB, 0x8DFB, 0x8DFB, 0x85FB, 0x85FB, 0x85FB, 0x85FB, 0x8DFB, 0x8DFB, 0x8DFB,
    0x8DDB, 0x85DA, 0x85BA, 0x85DA, 0x85DA, 0x8DDA, 0x8DFA, 0x8DFA, 0x8DFA, 0x95FA, 0x9E3B, 0x95B8,
    0xEE79, 0xF6BB, 0xF69A, 0xF69A, 0xF6BA, 0xF6BA, 0xF69A, 0xF6FB, 0xF73B, 0xF71C, 0xF71C, 0xF71C,
    0xF71C, 0xF73C, 0xF73C, 0xF71C, 0xF71C, 0xF71C, 0xF71B, 0xFF3C, 0xE6DA, 0xCD34, 0xED96, 0xE595,
    0xE575, 0xE575, 0xE555, 0xEDF7, 0xF6BA, 0xADF8, 0xB67B, 0xBE7B, 0xB65B, 0x9597, 0x74B4, 0x6452,
    0x7CF5, 0x95D9, 0x9E5B, 0x9E7C, 0x963B, 0x963B, 0x8DB9, 0x85B9, 0x7D98, 0x7536, 0x7D16, 0x74B4,
    0x7473, 0x6411, 0x5BD1, 0x6432, 0x74B4, 0x7473, 0x5BD1, 0x5C13, 0x7D17, 0x7D37, 0x74B5, 0x63D0,
    0x5BB0, 0x84B4, 0x8453, 0x6390, 0x7C32, 0x8494, 0xA5B9, 0xB5B8, 0xBE1A, 0xC69B, 0xCF1D, 0xDF7E,
    0xD77E, 0xCF1D, 0xCEFD, 0xCF1D, 0xCF3E, 0xCEDD, 0xC67B, 0xBE19, 0xB5F8, 0xB5F9, 0xB63A, 0xB639,
    0xBE5A, 0xC6FC, 0xD79F, 0xDFBF, 0xD77F, 0xBEDD, 0x84F6, 0x430E, 0x4B2F, 0x4B6F, 0x536F, 0x5BB0,
    0x5390, 0x5390, 0x5390, 0x5C12, 0x74F6, 0x9E3B, 0xAE7B, 0x9D76, 0x9D56, 0xA5B7, 0x6C11, 0x4B4E,
    0x536F, 0x536F, 0x4B2E, 0x42ED, 0x4B0E, 0x4B2E, 0x4B2E, 0x5BD1, 0xA619, 0x7D57, 0x7537, 0xA67B,
    0xB6BC, 0xA65B, 0x8DB8, 0x8536, 0x84F5, 0x7CD5, 0x6CB5, 0x5CB5, 0x64D6, 0x7579, 0x759A, 0x6D38,
    0x6CB5, 0x6C95, 0x6C74, 0x84F6, 0x9DFA, 0x9E3B, 0x8DDA, 0x7538, 0x8DDA, 0x961B, 0x74D6, 0x5BF2,
    0x5BD1, 0x4B90, 0x4B90, 0x4B4F, 0x5390, 0x4B90, 0x434F, 0x4350, 0x4370, 0x3B70, 0x3B50, 0x330F,
    0xA7DE, 0xA79E, 0xAFBE, 0xCFFF, 0xC7FF, 0xB71C, 0xAE9B, 0xA67B, 0xA63A, 0xA5F9, 0xA5B9, 0xA5DA,
    0xA5D9, 0xADD9, 0xADBA, 0xADBA, 0xADDA, 0xA5DB, 0xADFB, 0xE77E, 0xD6FD, 0xB65C, 0xCEBD, 0xCEBD,
    0xA5DA, 0xF73C, 0xFF5E, 0xFF3D, 0xF73C, 0xF73D, 0xF73D, 0xFF5D, 0xD67A, 0xCE7A, 0xD69B, 0xC67A,
    0xBE5A, 0xCEBC, 0xAD98, 0x74B7, 0x8DFB, 0x8538, 0xD6BB, 0xD6DC, 0xCEBC, 0xCEBC, 0xCEBB, 0xCEBB,
    0xD6FC, 0xADB9, 0x7BB8, 0x83F9, 0x7BF7, 0x7C57, 0x7475, 0x64F6, 0x5BF5, 0x4A94, 0x6456, 0x8DFB,
    0x85BA, 0x85DA, 0x85DA, 0x85DA, 0x85DB, 0x85DB, 0x85DB, 0x8DFB, 0x8DFB, 0x8DFB, 0x85FB, 0x85DA,
    0x85BA, 0x85BA, 0x85DA, 0x85DA, 0x8DFA, 0x8DDA, 0x95FA, 0x961A, 0x9E3A, 0x9E1A, 0x95FA, 0x7D36,
    0xD618, 0xFEDB, 0xF69A, 0xF6BA, 0xF69A, 0xF6BB, 0xF69A, 0xF6BB, 0xF71C, 0xF71C, 0xF71C, 0xF73C,
    0xF73C, 0xF73C, 0xF73C, 0xF73C, 0xF73C, 0xF71C, 0xF71C, 0xFF3C, 0xEEFB, 0xCD55, 0xEDB6, 0xE596,
    0xE576, 0xE596, 0xE575, 0xEDD7, 0xF6BA, 0xB619, 0xB67B, 0x9DB8, 0x74B4, 0x7494, 0x74B4, 0x74B4,
    0x8577, 0x8578, 0x7D99, 0x85B9, 0x6D17, 0x6CF6, 0x7D37, 0x7D16, 0x7D36, 0x8D16, 0x7C94, 0x7473,
    0x8CD5, 0x84D5, 0x6412, 0x6412, 0x7C94, 0x6C94, 0x6454, 0x7D17, 0x9598, 0x8CF6, 0x94F6, 0x8CF6,
    0x84B5, 0x7C74, 0x94F5, 0xA577, 0xC65A, 0xCEFC, 0xCEDD, 0xCEDC, 0xCEFC, 0xC6BC, 0xC67A, 0xBE19,
    0xBDD9, 0xBE1A, 0xC65B, 0xBE1A, 0xAD77, 0xAD15, 0xA515, 0xA556, 0xADB8, 0xADF9, 0xA536, 0x9CF5,
    0xA598, 0xB65B, 0xC6DE, 0xB6DD, 0x9E1A, 0x9598, 0x5BD1, 0x3AEE, 0x4B4F, 0x5390, 0x5370, 0x4B6F,
    0x63F2, 0x74B4, 0x7517, 0x8DDA, 0xB6DD, 0xBEDC, 0xBE7B, 0x8D15, 0x9536, 0x6C32, 0x42ED, 0x4B4E,
    0x4B2E, 0x4B0D, 0x4B4E, 0x5BAF, 0x4B2E, 0x4B4E, 0x53D1, 0x9E3A, 0xB71D, 0x74F6, 0x6454, 0x5C13,
    0x6412, 0x63F1, 0x6BF1, 0x6C11, 0x6C32, 0x7453, 0x7474, 0x5C54, 0x64B6, 0x7517, 0x7559, 0x7D59,
    0x7D17, 0x8537, 0x84F6, 0x9DB9, 0xA65C, 0x9E7D, 0x85FB, 0x759A, 0x7D99, 0x7D17, 0x5BF2, 0x5391,
    0x432F, 0x4B70, 0x3B0F, 0x3AEE, 0x434F, 0x53D1, 0x6C95, 0x53F2, 0x4371, 0x3B30, 0x3AEE, 0x32AD,
    0xA7BE, 0xBFFF, 0xCFFF, 0xC7FF, 0xCFFF, 0xBF9E, 0xAE9B, 0xAE5B, 0xA63A, 0xA5DA, 0xA5B9, 0xA5D9,
    0xA5B9, 0xA5B9, 0xA59A, 0xA5BA, 0x9D9A, 0xADFB, 0xEF9F, 0xEF7E, 0xB67C, 0xB67C, 0xB65C, 0xAE1C,
    0xA5FC, 0xCE5B, 0xFF5D, 0xF71C, 0xF71D, 0xF73D, 0xEF1C, 0xF75D, 0xBDD9, 0xA558, 0xCE7A, 0xCEBB,
    0xBE5A, 0xC67B, 0xB5F9, 0x63B4, 0x95FA, 0x8DBA, 0x9578, 0xDEFC, 0xCEBC, 0xCEBB, 0xCEBB, 0xCEBB,
    0xCEDC, 0xBE7A, 0x6C16, 0x7C38, 0x7C18, 0x83F9, 0x7BF9, 0x7C18, 0x6CB7, 0x4B94, 0x4AD3, 0x7D38,
    0x85FB, 0x85BA, 0x7DBA, 0x85BA, 0x85BA, 0x85DB, 0x8DDA, 0x85DA, 0x85DB, 0x85BA, 0x85BA, 0x85BA,
    0x859A, 0x85BA, 0x8DDA, 0x8DDA, 0x8DFA, 0x961B, 0x9E3A, 0x961A, 0x8DD9, 0x8578, 0x7D37, 0x7537,
    0xC5F8, 0xFEDB, 0xF6BB, 0xF6BB, 0xF6BB, 0xF6BB, 0xF6BB, 0xF69B, 0xF6DB, 0xF73C, 0xF73C, 0xF73C,
    0xF73C, 0xF73C, 0xF73C, 0xF73C, 0xF73C, 0xF73C, 0xF73C, 0xF73C, 0xEEFB, 0xCD55, 0xEDB6, 0xE596,
    0xE596, 0xE596, 0xE576, 0xEDD7, 0xEEBA, 0x9577, 0x7CF5, 0x6473, 0x7D36, 0x8D98, 0x7D37, 0x64B5,
    0x5C75, 0x6CF6, 0x7D58, 0x6CD6, 0x6495, 0x8558, 0x7D37, 0x53F2, 0x6C53, 0x8D16, 0x9557, 0x8516,
    0x7473, 0x7C73, 0x7473, 0x7CD5, 0x6474, 0x4B91, 0x5BB0, 0x7C94, 0x8CF6, 0x9516, 0x8CF6, 0x7CD5,
    0x8D36, 0xAE19, 0xC67B, 0xC67B, 0xBE5A, 0xBE7B, 0xBDF9, 0xB5D9, 0xAD98, 0xAD77, 0xB5D9, 0xC65B,
    0xC6BD, 0xC67B, 0xAD97, 0xA4F5, 0xA4D5, 0xA515, 0xA515, 0x9D15, 0x9D15, 0xA5D9, 0xC75E, 0xCF7E,
    0xC6FE, 0xB69D, 0x7D17, 0x4350, 0x32CD, 0x3AEE, 0x4B70, 0x4B2F, 0x4B2F, 0x4B4F, 0x432F, 0x74F6,
    0xA67C, 0xB71E, 0xAEBD, 0xB6DD, 0xC73E, 0xBF1D, 0xA63A, 0x6C53, 0x5BD1, 0x4B4F, 0x8CF4, 0x6BD0,
    0x6BF1, 0x6C11, 0x5BB0, 0x5B8F, 0x4B2E, 0x53F2, 0x8598, 0xA63A, 0x7473, 0x63F1, 0x6BD1, 0x534F,
    0x432F, 0x536F, 0x63D1, 0x63F1, 0x6C53, 0x7473, 0x6C33, 0x6412, 0x6454, 0x74D6, 0x7517, 0x7518,
    0x7CF7, 0x9598, 0x8516, 0x8537, 0x8DDB, 0x861C, 0x85FB, 0x7D59, 0x5C34, 0x4B91, 0x5391, 0x3AEE,
    0x4350, 0x6C94, 0x330F, 0x3B2F, 0x4BB1, 0x53F3, 0x53F3, 0x4370, 0x3B0E, 0x3B0E, 0x434F, 0x4B70,
    0xAFDE, 0xB7BF, 0xAF7F, 0xB7DF, 0xC7FF, 0xBFFF, 0xAEBC, 0xA63B, 0xA63B, 0xA5B9, 0x9D99, 0xA5B9,
    0xA5B9, 0x9D99, 0x9538, 0x9D79, 0xCEBC, 0xF7BF, 0xE77E, 0xD6FE, 0xAE3C, 0xB63C, 0xBE9D, 0xCEFE,
    0xDF9F, 0xC69C, 0xF71C, 0xF73D, 0xF71D, 0xEF1D, 0xEF1D, 0xF75D, 0xBD7A, 0x9C3A, 0x9C98, 0xADB9,
    0xCE9B, 0xBE5B, 0xBE3A, 0x6C35, 0x7CD6, 0x961A, 0xA5FA, 0xC67B, 0xCEDC, 0xCEBB, 0xCEBB, 0xCEBB,
    0xC6BB, 0xC6BB, 0x8D77, 0x8D98, 0x8D37, 0x84B7, 0x7438, 0x7BF8, 0x83F9, 0x7C38, 0x5354, 0x63F6,
    0x85FB, 0x7DBA, 0x85BA, 0x85BA, 0x85BA, 0x85BA, 0x85BA, 0x859A, 0x85BA, 0x859A, 0x85BA, 0x85BA,
    0x85DA, 0x8DDA, 0x8DFA, 0x8DDA, 0x961A, 0x95FA, 0x8DB8, 0x7D57, 0x7D57, 0x8578, 0x8DB9, 0x85BA,
    0xB5B8, 0xFEDB, 0xF6BB, 0xF6DB, 0xF6DB, 0xF6BB, 0xF6BB, 0xF69A, 0xF6FB, 0xF73C, 0xF73C, 0xF73C,
    0xF73C, 0xF73C, 0xF73C, 0xF73C, 0xF73C, 0xF73C, 0xF73C, 0xF73C, 0xEEBA, 0xCD55, 0xEDB7, 0xE596,
    0xE596, 0xE596, 0xE575, 0xF5F7, 0xE69A, 0x6494, 0x6CF5, 0x8557, 0x8598, 0x7557, 0x6D17, 0x64B6,
    0x6D17, 0x7D78, 0x8578, 0x5C74, 0x6475, 0x6C74, 0x6C73, 0x7D16, 0x8D57, 0x84F5, 0x5BF2, 0x53B1,
    0x53D2, 0x5C33, 0x6454, 0x6C74, 0x6C32, 0x536F, 0x5BD0, 0x8CF6, 0x9577, 0x7CF5, 0x7CF6, 0x9DD9,
    0xB6BC, 0xBEDD, 0xB63B, 0xB5FA, 0xB63A, 0xAD98, 0xAD57, 0xAD77, 0xB5D8, 0xBE3A, 0xC65B, 0xBE19,
    0xB598, 0xAD98, 0xB61A, 0xB65B, 0xB65B, 0xAD97, 0x9515, 0x9537, 0xA5D9, 0xB65C, 0xC6DE, 0xCF9F,
    0x9E7C, 0x4BD2, 0x32CD, 0x32AD, 0x3ACD, 0x3ACE, 0x3AEE, 0x430F, 0x5BD1, 0x6C74, 0x8D99, 0xB73F,
    0xBF5F, 0xB6DD, 0xAE9C, 0x8DB9, 0x9E1A, 0x8DB9, 0x6474, 0x53B1, 0x430E, 0x9515, 0xC67A, 0x8CD4,
    0x7473, 0x84D4, 0x42ED, 0x6C32, 0x6433, 0x6432, 0x9556, 0x63D0, 0x5B4E, 0x7C52, 0x8493, 0x5370,
    0x5370, 0x5391, 0x5390, 0x7473, 0x84B5, 0x7C94, 0x6412, 0x5C13, 0x7494, 0x8D16, 0x74F6, 0x6CD6,
    0x7D37, 0x8D58, 0x6CD6, 0x6CF7, 0x6518, 0x759A, 0x7D99, 0x6454, 0x5391, 0x4B70, 0x3B0F, 0x32EE,
    0x4350, 0x4BB1, 0x3B50, 0x5413, 0x6475, 0x5C13, 0x434F, 0x3AEE, 0x4B70, 0x4B91, 0x3B30, 0x43B2,
    0x9F7D, 0xAF9E, 0xBFDF, 0xDFFF, 0xCFFF, 0xC7FF, 0xB71D, 0xA65B, 0xA63B, 0xA5DA, 0x9DB9, 0x9D99,
    0x9559, 0x9D79, 0xAE1B, 0xD71E, 0xDF7E, 0xBEBD, 0xD71D, 0xCEDD, 0xC6BD, 0xD73E, 0xCF3E, 0xDF5F,
    0xDF3E, 0xADFA, 0xEEDC, 0xF73D, 0xEF1D, 0xEF1D, 0xEEFD, 0xEF3D, 0xAD39, 0xA49A, 0xACDB, 0x9479,
    0x9D59, 0xC6BB, 0xB61A, 0x6415, 0x63F3, 0xA61A, 0xCF1D, 0xB65A, 0xD6DC, 0xCEBB, 0xCEBB, 0xC6BB,
    0xC6BB, 0xCEDC, 0x9DB9, 0x95D9, 0x9E19, 0xA639, 0x95F9, 0x8D58, 0x6436, 0x7418, 0x8439, 0x6BF7,
    0x7538, 0x85FB, 0x859A, 0x85BA, 0x859A, 0x7D9A, 0x859A, 0x8599, 0x859A, 0x859A, 0x85DA, 0x8DDB,
    0x8DDA, 0x8DDA, 0x8DDA, 0x8DB9, 0x8598, 0x7D57, 0x7D58, 0x8598, 0x85B9, 0x85BA, 0x8DB9, 0x7D99,
    0xADD8, 0xFF3C, 0xF71C, 0xF73C, 0xF73C, 0xF71C, 0xF6FC, 0xF6FB, 0xF73C, 0xF73C, 0xF73C, 0xF73C,
    0xF73C, 0xF73C, 0xF75C, 0xF75C, 0xF73C, 0xF73C, 0xF73C, 0xF73C, 0xE69A, 0xCD55, 0xEDD7, 0xE596,
    0xE596, 0xE596, 0xE576, 0xF5F7, 0xD679, 0x7D98, 0x8DFA, 0x8598, 0x6D17, 0x6D17, 0x6D37, 0x64D6,
    0x7538, 0x7517, 0x6CD6, 0x6454, 0x74D5, 0x9DB8, 0x9DD9, 0x84D5, 0x6C33, 0x6C33, 0x6454, 0x6494,
    0x5413, 0x53B1, 0x536F, 0x6412, 0x9577, 0x84F5, 0x7494, 0x6C53, 0x7453, 0x8CD5, 0xB63B, 0xC75F,
    0xCF7F, 0xCF9F, 0xCF5E, 0xC73E, 0xBE9B, 0xBDF9, 0xC69B, 0xCEBC, 0xC67B, 0xBDF8, 0xAD76, 0xA536,
    0x9D36, 0x9D56, 0x9D36, 0xA557, 0xAE1A, 0xC77E, 0xCF9E, 0xC73E, 0xBEBD, 0xAE5C, 0x8599, 0x5434,
    0x43D2, 0x4370, 0x3ACE, 0x3ACE, 0x3AEE, 0x3ACE, 0x432F, 0x7D16, 0x8DB8, 0x8DB9, 0x963B, 0xA69D,
    0xAEBD, 0xAEBC, 0x9E1A, 0x95B9, 0x9DFA, 0x7D37, 0x74B5, 0x6453, 0xBE9B, 0xC6BC, 0x84B4, 0x5390,
    0x534F, 0x42ED, 0x6412, 0x9DB8, 0x4B4F, 0x534F, 0x63F1, 0x5B6E, 0x7411, 0x7432, 0x5BD1, 0x63D1,
    0x7473, 0x5BF2, 0x4B90, 0x7453, 0x7433, 0x6413, 0x6433, 0x6454, 0x6CB6, 0x7517, 0x6CF7, 0x64D7,
    0x64B6, 0x74D6, 0x7D38, 0x7559, 0x6518, 0x5C96, 0x5C13, 0x5391, 0x4B90, 0x4370, 0x4371, 0x3B71,
    0x3B51, 0x3330, 0x3B50, 0x5BF2, 0x6C54, 0x53B1, 0x4350, 0x53F3, 0x5C54, 0x3BB2, 0x3351, 0x3372,
    0xAFBE, 0xCFFF, 0xDFFF, 0xD7FF, 0xCFDF, 0xBFFF, 0xB75D, 0x9E3B, 0x95DA, 0x95BA, 0x9599, 0xA5FA,
    0xBE9C, 0xDF5D, 0xD77E, 0xBEBD, 0xB69C, 0xE75E, 0xE77E, 0xD73E, 0xC6BD, 0xB63B, 0xCEBD, 0xCEBD,
    0xAE3C, 0xA5DA, 0xDEBC, 0xF73D, 0xEF1D, 0xEF1D, 0xE6FC, 0xEF1C, 0xA578, 0x9D18, 0x9CB9, 0xA4BB,
    0x9C7A, 0x9538, 0xBE9B, 0x63D5, 0x8D38, 0xC6FC, 0x8D78, 0x8D58, 0xD6FC, 0xCEBC, 0xCEBB, 0xC6BB,
    0xC6BB, 0xCEDC, 0xAE1A, 0x9DF9, 0xA61A, 0x95F9, 0x9E1A, 0xB65A, 0x8598, 0x7599, 0x6497, 0x63B7,
    0x7438, 0x7D99, 0x85BA, 0x7D9A, 0x7D9A, 0x7D99, 0x7D99, 0x859A, 0x859A, 0x85BA, 0x85DA, 0x8DDA,
    0x8DDA, 0x85BA, 0x8DDA, 0x85B9, 0x8598, 0x85B9, 0x8DBA, 0x85DA, 0x8DDA, 0x8DDA, 0x8DDA, 0x85B9,
    0xAE19, 0xFF7D, 0xF71C, 0xF73C, 0xF73C, 0xF73C, 0xF73C, 0xF73C, 0xF73C, 0xF73C, 0xF73C, 0xF73C,
    0xF73C, 0xF73C, 0xF73C, 0xF73C, 0xF73C, 0xF75C, 0xF73C, 0xF6FC, 0xE69A, 0xCD56, 0xEDD7, 0xE5B6,
    0xE596, 0xE5B6, 0xE576, 0xF618, 0xC618, 0x64F6, 0x7D37, 0x64F6, 0x5C95, 0x6CF6, 0x7D78, 0x6D17,
    0x6CF7, 0x7517, 0x8557, 0x95B8, 0x8D77, 0x7CD5, 0x6C54, 0x74B5, 0x7D57, 0x6CB6, 0x4BF3, 0x4BB2,
    0x6C53, 0x8D36, 0x9598, 0x8536, 0x6411, 0x534E, 0x636F, 0x8473, 0xADF9, 0xCF3E, 0xDFBF, 0xEFFF,
    0xF7FF, 0xE7FF, 0xD7DF, 0xCF9E, 0xC6FD, 0xCEFD, 0xC6DC, 0xC67B, 0xB61A, 0xAE19, 0xB67C, 0xB6BC,
    0xB65B, 0xA5D8, 0x9D36, 0x9D36, 0xA5D9, 0xB69C, 0xCF7F, 0xD7BF, 0xA73F, 0x5CD7, 0x43B2, 0x430F,
    0x430E, 0x4B91, 0x434F, 0x430F, 0x4350, 0x4B90, 0x8537, 0xA65B, 0x9E3A, 0xA6BC, 0x9E7C, 0xAEBD,
    0xBEFD, 0x9DB8, 0xA5F9, 0xB67B, 0x9DF9, 0xA61A, 0x7D37, 0x8577, 0xB63A, 0x8C93, 0x7BF1, 0x42ED,
    0x5390, 0x7CB5, 0x9578, 0x5B8F, 0x42ED, 0x5390, 0x5B90, 0x7431, 0x8D37, 0x74B4, 0x53B0, 0x6C32,
    0x5BD1, 0x4B90, 0x63D2, 0x7412, 0x5BB1, 0x5BD2, 0x6434, 0x6496, 0x64F7, 0x6D18, 0x64D7, 0x6CD6,
    0x5C33, 0x4B91, 0x5C55, 0x5CF7, 0x5CB7, 0x5414, 0x5C54, 0x5C54, 0x5434, 0x5455, 0x5476, 0x5C96,
    0x5C55, 0x4BD3, 0x53F3, 0x5C13, 0x6454, 0x5C34, 0x43D3, 0x5C96, 0x5435, 0x2B31, 0x2AEF, 0x32CF,
    0xCFFF, 0xC7DF, 0xB77E, 0xA73D, 0xA6FD, 0xB79E, 0xBF9E, 0xBEFD, 0xBEDC, 0xCF1D, 0xEF9E, 0xFFFF,
    0xFFFF, 0xE79E, 0xB69C, 0xC6BC, 0xDF5E, 0xE75E, 0xCEFD, 0xA5DA, 0xADDA, 0xCEBC, 0xC69C, 0xAE3B,
    0xA61B, 0x9DBA, 0xE6DC, 0xF73D, 0xEF1D, 0xE71C, 0xE71C, 0xE6FC, 0xB5F9, 0xB67A, 0xB63A, 0x94F9,
    0x947A, 0x949A, 0x9579, 0x7496, 0x7C37, 0x9DFB, 0x7D18, 0x7D38, 0xCEDC, 0xCEDC, 0xCEDC, 0xCEDC,
    0xC6DC, 0xCEDC, 0xBE7B, 0x9DD9, 0xB67B, 0xA63A, 0x9E1A, 0xAE5A, 0x9DF9, 0x85BA, 0x859A, 0x63D7,
    0x53B5, 0x6C57, 0x85BA, 0x7D9A, 0x7D9A, 0x7D9A, 0x7D9A, 0x85BA, 0x85BA, 0x85DA, 0x85BA, 0x8DBA,
    0x8DBA, 0x8DBA, 0x85B9, 0x8DD9, 0x8DDA, 0x8DDA, 0x8DFA, 0x8E3B, 0x963B, 0x961B, 0x963B, 0x8DFA,
    0xAE3A, 0xFF5D, 0xF71C, 0xF73C, 0xF73C, 0xF73C, 0xF73C, 0xF73C, 0xF73C, 0xF73C, 0xF73C, 0xF73C,
    0xF73C, 0xF73C, 0xF73C, 0xF73C, 0xF75C, 0xF75C, 0xF71C, 0xF6FB, 0xE67A, 0xCD76, 0xEDD7, 0xE5B6,
    0xE5B6, 0xE5B6, 0xE596, 0xF618, 0xB5D8, 0x5495, 0x6495, 0x5C95, 0x64D6, 0x7537, 0x6CF7, 0x74F6,
    0x9DFA, 0xA619, 0x7D17, 0x6CB6, 0x5C34, 0x6475, 0x64B6, 0x5C75, 0x43D2, 0x5434, 0x7D57, 0xAE5A,
    0xAE5A, 0x7CD4, 0x5B8F, 0x4AED, 0x6BD0, 0xA577, 0xC6FC, 0xCF7F, 0xCF9F, 0xCFBF, 0xDFDF, 0xDFDF,
    0xD7FF, 0xCFDF, 0xC73D, 0xBE7A, 0xB5F9, 0xADB8, 0xA577, 0xA577, 0x9D98, 0xA5B8, 0xA5B8, 0xADD9,
    0xADD8, 0xB61A, 0xB69C, 0xB6DE, 0xB69E, 0x9DFB, 0x7517, 0x5CB6, 0x6D59, 0x6D59, 0x432F, 0x430E,
    0x4B4F, 0x4B90, 0x53D1, 0x5C12, 0x6433, 0x5C33, 0x8599, 0x961B, 0xAEBD, 0xB6DD, 0xAEBD, 0xAE3A,
    0xC69B, 0xC69B, 0xA5D8, 0xB65A, 0xB67B, 0x9597, 0x6CD5, 0x7494, 0x7C52, 0x8451, 0x73F1, 0x5BF2,
    0x95B9, 0xA61B, 0x5BF2, 0x3ACD, 0x4B2E, 0x63F1, 0x6C12, 0x7C94, 0x8516, 0x5BD1, 0x5391, 0x5391,
    0x5391, 0x5391, 0x63B1, 0x6BF1, 0x5391, 0x4B91, 0x53F3, 0x6496, 0x7D59, 0x8559, 0x6C95, 0x6C54,
    0x6413, 0x53F3, 0x5CB7, 0x7559, 0x757A, 0x5CB7, 0x4C76, 0x4C56, 0x4C55, 0x4415, 0x5435, 0x4C13,
    0x4BF3, 0x5C55, 0x5C55, 0x5C76, 0x6D18, 0x5C96, 0x3372, 0x3B72, 0x2B10, 0x2AAE, 0x3ACF, 0x42EF,
    0x8EDD, 0x8EBC, 0x96DC, 0x8EBC, 0xBF5D, 0xF7FF, 0xDFBE, 0xD79E, 0xE7DF, 0xFFFF, 0xEFDF, 0xCF5E,
    0xB6BD, 0xB69C, 0xBEBD, 0xCEFD, 0xCF1D, 0xB63B, 0x9D37, 0xC65B, 0xF79E, 0xEF7F, 0xB67C, 0x9DFB,
    0xAE3C, 0xADFB, 0xE6FC, 0xF73D, 0xEF1D, 0xEF1D, 0xEF1D, 0xE6FC, 0xB61A, 0xBE7B, 0xB65A, 0xBE9B,
    0x9D79, 0x8C79, 0x9CBB, 0x74D7, 0x7458, 0x8539, 0x963B, 0x8DB9, 0xCEBC, 0xD71C, 0xD6FC, 0xD6FC,
    0xCEFC, 0xCEFC, 0xCEDC, 0x9DD9, 0xAE7B, 0xAE7B, 0xA65A, 0xA63A, 0xAE5A, 0x8579, 0x7518, 0x845A,
    0x6CD7, 0x4374, 0x7518, 0x85BA, 0x7D79, 0x859A, 0x85BA, 0x85BA, 0x85BA, 0x85BA, 0x85BA, 0x8DBA,
    0x85B9, 0x8DDA, 0x8E1B, 0x963C, 0x8E1B, 0x8E1B, 0x963B, 0x963B, 0x965C, 0x965C, 0x9E5C, 0x8E1B,
    0xB65A, 0xFF7D, 0xF73C, 0xF73C, 0xF73C, 0xF73C, 0xF73C, 0xF73C, 0xF73C, 0xF73C, 0xF73C, 0xF73C,
    0xF73C, 0xF73C, 0xF75C, 0xF73C, 0xF73C, 0xF75C, 0xF71C, 0xF6DB, 0xE67A, 0xCD76, 0xEDF7, 0xE5B7,
    0xE5B7, 0xE5B7, 0xE596, 0xF638, 0x9D77, 0x5475, 0x5474, 0x5C95, 0x64D6, 0x64B5, 0x95B9, 0xA61A,
    0x7CF6, 0x4BF3, 0x4C14, 0x5455, 0x5454, 0x43D3, 0x43D3, 0x74D6, 0xAE7B, 0xCF5E, 0xAE19, 0xA557,
    0x8494, 0x5BB0, 0x8536, 0xB69B, 0xD75E, 0xDF5E, 0xC6DD, 0xBE7B, 0xB63A, 0xB67B, 0xBEFD, 0xC7BF,
    0xD7FF, 0xD7FF, 0xC77D, 0xBEBB, 0xAE3A, 0xA5B9, 0x9DB8, 0x9D98, 0x9D77, 0xA597, 0xA597, 0x9556,
    0x8D57, 0x9DDA, 0xA63B, 0x95FB, 0x7517, 0x5C74, 0x5454, 0x5434, 0x4B70, 0x5C13, 0x4BD1, 0x4350,
    0x4BB1, 0x53F2, 0x7CD5, 0x8D56, 0x5C54, 0x64B6, 0x7D58, 0xA63B, 0x95B8, 0x8D37, 0x84F5, 0x5BD1,
    0x9536, 0xEFBF, 0x9D97, 0x7CB4, 0x6C33, 0x8D16, 0x8D36, 0x5BB1, 0x63B0, 0x84B3, 0x9DB9, 0x7D58,
    0x9E5C, 0x5C12, 0x3AEE, 0x430E, 0x432F, 0x432F, 0x5BD1, 0x7433, 0x7453, 0x63B1, 0x63D1, 0x5BB1,
    0x7433, 0x63D1, 0x5390, 0x4B70, 0x4B71, 0x4B91, 0x4BB2, 0x5C34, 0x7D38, 0x6454, 0x5BF2, 0x53D2,
    0x5414, 0x5497, 0x5CB7, 0x6D18, 0x6CF6, 0x6495, 0x43B3, 0x3331, 0x3310, 0x3B0F, 0x32EF, 0x32CE,
    0x4350, 0x4B92, 0x5434, 0x5476, 0x4C14, 0x2B31, 0x2ACF, 0x2A8E, 0x32AE, 0x42EF, 0x42EF, 0x4330,
    0x7E7B, 0xA71D, 0x9EFD, 0x8EBC, 0x9EDC, 0xB71D, 0xA6DD, 0xB71D, 0xC75E, 0xC6FD, 0xA67B, 0xA67C,
    0xBEBD, 0xC6FD, 0xC6FD, 0xC6FD, 0xAE1A, 0xA5B9, 0xDEFD, 0xFFFF, 0xFFDF, 0xCEFD, 0xA5FB, 0xAE3B,
    0xB65C, 0xADFA, 0xEF1D, 0xF75D, 0xEF3D, 0xEF3D, 0xEF3D, 0xDEFC, 0xB63A, 0xC6BB, 0xB65A, 0xAE3B,
    0xC6DC, 0x9DB9, 0x8C9A, 0x8CBA, 0x7C58, 0x851A, 0x961B, 0x8DBA, 0xCEDC, 0xD73C, 0xD71D, 0xD71D,
    0xD71C, 0xCEFC, 0xD71D, 0xAE1A, 0xAE5B, 0xB69B, 0xAE7B, 0xA63A, 0xAE7B, 0x95F9, 0x6497, 0x847A,
    0x7518, 0x53D6, 0x5C77, 0x85BA, 0x7D9A, 0x85BA, 0x85BA, 0x85BA, 0x85BA, 0x85BA, 0x8DD9, 0x8DDA,
    0x8E1B, 0x965C, 0x967C, 0x963C, 0x963B, 0x963B, 0x963B, 0x9E5C, 0x9E7C, 0x9E5B, 0x9E3B, 0x963B,
    0xC69B, 0xFF7D, 0xF73C, 0xF73C, 0xF73C, 0xF73C, 0xF73C, 0xF73C, 0xF73C, 0xF73C, 0xF73C, 0xF73C,
    0xF73C, 0xF73C, 0xF73C, 0xF75D, 0xF73D, 0xF75D, 0xF71C, 0xF6DB, 0xE67A, 0xCD76, 0xEDF7, 0xE5B7,
    0xE5B7, 0xE5B7, 0xE596, 0xF638, 0x7D16, 0x5475, 0x5454, 0x6495, 0x5413, 0x5C75, 0x7516, 0x4BD2,
    0x43B2, 0x5434, 0x5454, 0x4BF3, 0x4BF2, 0x6495, 0xB6BC, 0xDF5D, 0xB65A, 0x7432, 0x5B90, 0x8D37,
    0xA65C, 0xBEFE, 0xC6FE, 0xBE5B, 0xB5B9, 0xB5B8, 0xAD98, 0xAD77, 0xAD98, 0xB63A, 0xC6BC, 0xCF9E,
    0xD7FF, 0xD7FF, 0xC7DF, 0xAEFD, 0xA61A, 0x9DB8, 0x9D77, 0x9D77, 0x9D77, 0x9D98, 0x8557, 0x6D17,
    0x64F7, 0x5CB6, 0x64B5, 0x5413, 0x4BF2, 0x5C75, 0x6D17, 0x74D6, 0x5BF2, 0x53F2, 0x5C54, 0x53D2,
    0x4BB1, 0x5BF2, 0x9DD9, 0x95D9, 0x7D38, 0x6C95, 0x7CD5, 0x84F5, 0x6C12, 0x536F, 0x4B2F, 0x4B0F,
    0x6C12, 0xE79E, 0xA5D8, 0x3AEE, 0x3AEE, 0x9536, 0x9D56, 0x4B4F, 0x53B0, 0x95B8, 0x8599, 0x8DB9,
    0x6433, 0x42ED, 0x534F, 0x63B0, 0x63F2, 0x4B70, 0x7433, 0x7C73, 0x6BF2, 0x63B1, 0x63D1, 0x63B1,
    0x6C12, 0x5BB0, 0x4B70, 0x4B71, 0x5BD2, 0x53D3, 0x53F3, 0x53F3, 0x53D2, 0x53F3, 0x5414, 0x4C35,
    0x64F8, 0x4C14, 0x4C14, 0x5C54, 0x4B91, 0x3310, 0x32EF, 0x4330, 0x5370, 0x5370, 0x430F, 0x430F,
    0x4330, 0x4BB2, 0x5435, 0x4C14, 0x3351, 0x2AF0, 0x3AEF, 0x42EF, 0x3ACE, 0x3AEF, 0x4330, 0x3B30,
};
